product_code,description,cost_price,selling_price,markup_percent,vendor_name,category
DS-2CE16D0T-EXIPF(2.8MM)_C,"Hikvision Turbo HD 2MP bullet, 2.8mm lens, 20m IR, 12VDC",178.57,258.93,45,Sensor Security,Surveillance
DS-2CE16D0T-LPFS 2.8MM,"Hikvision Turbo HD 2MP bullet, 2.8mm lens, 20m hybrid IR/white light microphone 12VDC",322.62,467.8,45,Sensor Security,Surveillance
DS-2CE16D0T-LFS 2.8MM,Hikvision Turbo HD hybrid 2MP bullet  2.8mm lens 20m hybrid IR/white light microphone 12VDC,345.24,500.6,45,Sensor Security,Surveillance
DS-2CE16D0T-LFS 3.6MM,Hikvision Turbo HD hybrid 2MP bullet 3.6mm lens 20m hybrid IR/white light microphone 12VDC,336.9,488.5,45,Sensor Security,Surveillance
DS-2CE16D0T-LPXTS 2.8MM,"Hikvision Turbo HD 2MP bullet, 2.8mm lens, 20m hybrid light, microphone, two-way audio & siren, 12VDC",476.19,690.48,45,Sensor Security,Surveillance
DS-2CE17D0T-IT5F3.6MM_C,Hikvision Turbo HD 2MP bullet  3.6mm lens   80m IR  12VDC,428.57,621.43,45,Sensor Security,Surveillance
DS-2CE17D0T-LXTS 2.8MM,"Hikvision Turbo HD 2MP bullet, 2.8mm lens, 40m hybrid light, microphone, two-way audio & siren, 12VDC",628.57,911.43,45,Sensor Security,Surveillance
DS-2CE17D0T-LXTS 3.6MM,"Hikvision Turbo HD 2MP bullet, 3.6mm lens, 40m hybrid light, microphone, two-way audio & siren, 12VDC",617.86,895.9,45,Sensor Security,Surveillance
DS-2CE18D0T-LFS 2.8MM,Hikvision Turbo HD 2MP bullet  2.8mm lens 60m hybrid IR/white light microphone 12VDC,439.29,636.97,45,Sensor Security,Surveillance
DS-2CE18D0T-LFS 6MM,Hikvision Turbo HD 2MP bullet  6mm lens 60m hybrid IR/white light microphone 12VDC,415.25,602.11,45,Sensor Security,Surveillance
DS-2CE19D0T-VFIT3F 2.7-13.5MM,Hikvision Turbo HD 2MP bullet  2.7-13.5mm lens  40m IR 12VDC,631.19,915.23,45,Sensor Security,Surveillance
DS-2CE16K0T-LFS 2.8MM,Hikvision Turbo HD 5MP bullet  2.8mm lens 20m hybrid IR/white light 12VDC,445.24,645.6,45,Sensor Security,Surveillance
DS-2CE17K0T-LFS 2.8MM,Hikvision Turbo HD 5MP bullet  2.8mm lens 20m hybrid-light 12VDC,469.48,680.75,45,Sensor Security,Surveillance
DS-2CE17K0T-LFS 3.6MM,Hikvision Turbo HD 5MP bullet  2.8mm lens 40m hybrid IR/white light 12VDC,506.25,734.06,45,Sensor Security,Surveillance
DS-2CE19K0T-LXTSZ 2.7-13.5mm,"Hikvision Turbo HD 5MP bullet, 2.7-13.5mm lens, 60m hybrid-light, strobe-light & siren, two-way audio, 12VDC",1392.79,2019.55,45,Sensor Security,Surveillance
DS-2CE10DF0T-LPFS 2.8MM,Eco-ColorVu  2MP bullet  2.8mm lens 20m illumination  microphone 12VDC,414.29,600.72,45,Sensor Security,Surveillance
DS-2CE10DF0T-LFS 2.8mm,Eco-ColorVu  2MP bullet  2.8mm lens 20m illumination  microphone 12VDC,370.55,537.3,45,Sensor Security,Surveillance
DS-2CE10DF3T-LPFS (2.8MM),ColorVu  2MP plastic bullet  2.8mm lens 20m hybrid-light 130dB WDR  12VDC,643.55,933.15,45,Sensor Security,Surveillance
DS-2CE10DF3T-LFS 3.6MM,Hikvision Turbo HD 2MP bullet  3.6mm lens 20m hybrid-light 130dB WDR  12VDC,593.36,860.37,45,Sensor Security,Surveillance
DS-2CE12DF0T-LFS 2.8MM,"Eco-ColorVu 2MP bullet, 2.8mm lens, 40m hybrid-light, microphone 12VDC",530.95,769.88,45,Sensor Security,Surveillance
DS-2CE12DF0T-LFS 3.6MM,"Eco-ColorVu 2MP bullet, 3.6mm lens, 40m hybrid light, microphone 12VDC",442.89,642.19,45,Sensor Security,Surveillance
DS-2CE12DF3T-LFS 2.8MM,ColorVu  2MP bullet  2.8mm lens 40m hybrid-light 130dB WDR  12VDC,619.99,898.99,45,Sensor Security,Surveillance
DS-2CE12DF3T-LFS 3.6MM,ColorVu  2MP bullet  3.6mm lens 40m hybrid-light 130dB WDR  12VDC,661.65,959.39,45,Sensor Security,Surveillance
DS-2CE10KF0T-LPFS 2.8MM,Eco-ColorVu  5MP plastic bullet  2.8mm lens 20m hybrid-light 12VDC,513.18,744.11,45,Sensor Security,Surveillance
DS-2CE12KF3TP-DLS 180,"ColorVu 3K panoramic bullet, 40m hybrid-light, microphone, 12VDC **Requires HQHI/XT DVR**",1174.79,1703.45,45,Sensor Security,Surveillance
DS-2CE12KF0T-LFS 2.8MM,ColorVu  5MP bullet  2.8mm lens 40m hybrid-light 12VDC,649.4,941.63,45,Sensor Security,Surveillance
DS-2CE12KF3TP-DLS 180,"ColorVu 3K panoramic bullet, 40m hybrid-light, microphone, 12VDC **Requires HQHI/XT DVR**",1174.79,1703.45,45,Sensor Security,Surveillance
DS-2CE76D0T-EXIPF(2.8MM)_C,"Hikvision Turbo HD 2MP plastic turret, 2.8mm lens, 20m IR, 12VDC",170.25,246.86,45,Sensor Security,Surveillance
DS-2CE76D0T-LPFS 2.8MM,Hikvision Turbo HD 2MP plastic turret  2.8mm lens 20m IR/20m white light  microphone  12VDC,303.57,440.18,45,Sensor Security,Surveillance
DS-2CE76D0T-LMFS,Hikvision Turbo HD 2MP hybrid light metal turret 2.8mm lens 20m IR/20m white light  microphone  12VDC,289.68,420.04,45,Sensor Security,Surveillance
DS-2CE76K0T-LMFS 2.8MM,Hikvision Turbo HD hybrid 5MP  turret 2.8mm lens 20m hybrid IR/white light 12VDC,445.24,645.6,45,Sensor Security,Surveillance
DS-2CE78K0T-LFS 2.8MM,Hikvision Turbo HD 5MP turret  2.8mm lens 40m hybrid IR/ 20M white light microphone  12VDC,404.56,586.61,45,Sensor Security,Surveillance
DS-2CE70DF0T-LPFS 2.8MM,Hybrid Eco-ColorVu 2MP plastic turret  2.8mm lens 20m IR/20m white light  12VDC,389.29,564.47,45,Sensor Security,Surveillance
DS-2CE70DF3T-LMFS 2.8MM,ColorVu  2MP dome 2.8mm lens 20m hybrid-light 130dB WDR  12VDC,569.45,825.7,45,Sensor Security,Surveillance
DS-2CE72DF0T-LFS 2.8MM,Eco-ColorVu  2MP turret  2.8mm lens 40m illumination microphone 12VDC,484.52,702.55,45,Sensor Security,Surveillance
DS-2CE72KF3TP-DLS 180,"ColorVu 3K panoramic dome, 40m hybrid-light, microphone, 12VDC **Requires HQHI/XT DVR**",1260.07,1827.1,45,Sensor Security,Surveillance
DS-2CE79D0T-VFIT3F 2.7-13.5MM,Hikvision Turbo HD 2MP turret  2.7-13.5mm lens  40m IR 12VDC,610.62,885.4,45,Sensor Security,Surveillance
DS-2AE4225TI-D_C,Hikvision Turbo HD 2MP PTZ  25x optical zoom   100m IR  120dB WDR  12VDC,3845.8,5576.41,45,Sensor Security,Surveillance
CX-2301A,Analogue noise-cancelling microphone,401.12,581.62,45,Sensor Security,Surveillance
DS-7104HGHI-M1,Eco AcuSense 4ch 720p DVR  1 SATA  10TB  Motion 2.0 false alarm filtering,557.14,807.85,45,Sensor Security,Surveillance
IDS-7104HQHI-M1/S,Eco 4ch 1080p DVR  1 SATA  10TB  Motion 2.0 false alarm filtering,694.1,1006.45,45,Sensor Security,Surveillance
DS-7108HGHI-M1,Eco AcuSense 8ch 720p DVR  1 SATA  10TB  Motion 2.0 false alarm filtering,695.24,1008.1,45,Sensor Security,Surveillance
IDS-7108HQHI-M1/S,Eco AcuSense 8ch 1080p DVR  1 SATA  10TB  Motion 2.0 false alarm filtering,1030.99,1494.94,45,Sensor Security,Surveillance
IDS-7208HQHI-M1/XT,AcuSense 8ch 1080p DVR 1 SATA  12TB supports 2ch facial recognition or 4ch advanced perimeter VCA or 8ch Motion 2.0,1681.49,2438.16,45,Sensor Security,Surveillance
DS-7116HGHI-M1,Eco AcuSense 16ch 720p DVR  1 SATA  10TB  Motion 2.0 false alarm filtering,1295.24,1878.1,45,Sensor Security,Surveillance
iDS-7116HQHI-M1/S,Eco AcuSense 16ch 1080p DVR  1 SATA  10TB  Motion 2.0 false alarm filtering,2022.68,2932.89,45,Sensor Security,Surveillance
IDS-7216HQHI-M2/XT,AcuSense 16ch 1080p DVR 2 SATA 12TB supports 4ch facial recognition or 8ch advanced perimeter VCA or 16ch Motion 2.0,3497.4,5071.23,45,Sensor Security,Surveillance
IDS-7232HQHI-M2/XT,AcuSense 32ch 1080p DVR 2 SATA up to 12TB supports 4ch facial recognition or 8ch advanced perimeter VCA or 32ch Motion 2.0,5609.52,8133.8,45,Sensor Security,Surveillance
IDS-7332HQHI-M4/S,AcuSense 32ch 1080p DVR  4 SATA  10TB  4 audio input  motion 2.0 false alarm filtering  POS overlay support  16/4 alarm IO,7177.83,10407.85,45,Sensor Security,Surveillance
DS-1005KI_C,USB PTZ controller,2631.77,3816.07,45,Sensor Security,Surveillance
DS-2CFS04/4G(2.8mm),"Hikvision 4MP 4G solar AOV camera, microphone and Speaker, 8W Solar Panel and 9000mAh Battery **12month warranty on battery**",1565.48,2269.95,45,Sensor Security,Surveillance
DS-2CFSP4/4G-2.8mm,"Hikvision 4MP 4G solar AOV PT Camera, microphone and speaker, 8W Solar Panel and 9000mAh battery **12month warranty on battery**",1902.38,2758.45,45,Sensor Security,Surveillance
DS-2CD1023G0E-I 2.8MM,Eco 2MP bullet 2.8mm lens 30m IR DWDR 12VDC/POE,833.33,1208.33,45,Sensor Security,Surveillance
DS-2CD2021G0-LIU 2.8MM,Eco 2MP bullet 2.8mm lens 30m hybrid-light 120dB WDR **motion detection VCA only** 12VDC/POE,1038.92,1506.43,45,Sensor Security,Surveillance
DS-2CD2021G0-LIU 4MM,Eco 2MP bullet 4mm lens 30m hybrid-light 120dB WDR **motion detection VCA only** 12VDC/POE,1116.9,1619.51,45,Sensor Security,Surveillance
DS-2CD2041G0-LIU 2.8MM,Eco 4MP bullet  2.8mm lens   30m IR  microphone12VDC/POE,1153.48,1672.55,45,Sensor Security,Surveillance
DS-2CD2041G0-LIU 4MM,Eco 4MP bullet 4mm lens   30m IR  microphone12VDC/POE,1134.88,1645.58,45,Sensor Security,Surveillance
DS-2CV2021G2-IDW,Eco 2MP WiFi bullet 2.8mm lens 30m IR microphone & speaker **Motion detection VCA only** **12VDC only**,760.14,1102.2,45,Sensor Security,Surveillance
DS-2CD2046G2H-I 2.8MM,AcuSense 4MP bullet  2.8mm lens 40m IR 120dB WDR  F1.0 lens 12VDC/POE,1780.2,2581.29,45,Sensor Security,Surveillance
DS-2CD2046G2H-I 4MM,AcuSense 4MP bullet 4mm lens 40m IR 120dB WDR  F1.0 lens 12VDC/POE,1783.81,2586.52,45,Sensor Security,Surveillance
DS-2CD2046G2H-I2U/SL 2.8MM,AcuSense 4MP bullet 2.8mm lens 40m IR  120dB WDR   dual-microphone  built-in strobe-light & siren 12VDC/POE,1985.13,2878.44,45,Sensor Security,Surveillance
DS-2CD2086G2H-I 2.8MM,AcuSense 8MP bullet 2.8mm lens 40m IR  120dB WDR 12VDC/POE,2665.48,3864.95,45,Sensor Security,Surveillance
DS-2CD2T26G2-ISU/SL4mm_C,AcuSense 2MP bullet  4mm lens   60m IR  120dB WDR  microphone  1 audio/ 1 alarm I/O  built-in strobe-light & siren 12VDC/POE,2096.76,3040.3,45,Sensor Security,Surveillance
DS-2CD2T26G2-ISU/SL6mm_C,AcuSense 2MP bullet  6mm lens   60m IR  120dB WDR  microphone  1 audio/ 1 alarm I/O  built-in strobe-light & siren 12VDC/POE,2079.48,3015.25,45,Sensor Security,Surveillance
DS-2CD2T46G2H-2I 2.8MM,AcuSense 4MP bullet 2.8mm lens 60m IR 120dB WDR F1.0 lens 12VDC/POE,2074.49,3008.01,45,Sensor Security,Surveillance
DS-2CD2T46G2H-2I 4MM,AcuSense 4MP bullet 4mm lens 60m IR 120dB WDR F1.0 lens 12VDC/POE,2303.57,3340.18,45,Sensor Security,Surveillance
DS-2CD2T46G2-ISU/SL_C,AcuSense 4MP bullet  6mm lens   60m IR  120dB WDR  microphone  1 audio/ 1 alarm I/O  built-in strobe-light & siren 12VDC/POE,2191.95,3178.33,45,Sensor Security,Surveillance
DS-2CD2T46G2H-IS2U/SL(2.8mm),AcuSense 4MP bullet 2.8mm lens 60m IR 120dB WDR F1.0 lens arrayed microphones built-in strobe-light & siren 12VDC/POE,2293.68,3325.84,45,Sensor Security,Surveillance
DS-2CD2T46G2H-IS2U/SL(4mm),AcuSense 4MP bullet 4mm lens 60m IR 120dB WDR F1.0 lens arrayed microphones built-in strobe-light & siren 12VDC/POE,2325.81,3372.42,45,Sensor Security,Surveillance
DS-2CD2T26G2-4I (6MM)_C,AcuSense 2MP bullet  6mm lens   80m IR  120dB WDR 12VDC/POE,1940.92,2814.33,45,Sensor Security,Surveillance
DS-2CD2T46G2-4I 6MM_C,AcuSense 4MP bullet  6mm lens   80m IR  120dB WDR 12VDC/POE,2028.93,2941.95,45,Sensor Security,Surveillance
DS-2CD2T46G2H-4I 2.8MM,AcuSense 4MP bullet 4mm lens 80m IR 120dB WDR F1.0 lens 12VDC/POE,2208.74,3202.67,45,Sensor Security,Surveillance
DS-2CD2T46G2H-4I 4MM,AcuSense 4MP bullet 4mm lens 80m IR 120dB WDR F1.0 lens 12VDC/POE,2164.01,3137.81,45,Sensor Security,Surveillance
iDS-2CD5T47G2/V-XHSY-4MM,"Hikvision DeepInViewX 4MP bullet, 80m hybrid-light, large AI model analytics with extended range & accuracy, 12VDC/POE",7234.52,10490.05,45,Sensor Security,Surveillance
DS-2CD2T46G2P-ISU/SL 2.8MM,AcuSense 4MP bullet 2.8mm lens   40m illumination  120dB WDR   microphone  2 audio/ 1 alarm I/O  built-in strobe-light & siren 12VDC/POE,3094.05,4486.37,45,Sensor Security,Surveillance
DS-2XC6047G0-LS 2.8mm,Hikvision 4MP ColorVu anti-corrosion poly-carbonate camera 40m illumination HEOP support 1 audio & alarm IO 9-36VDC/POE,3119.5,4523.27,45,Sensor Security,Surveillance
DS-2CD2047G2H-LI 2.8MM,ColorVu 4MP bullet 2.8mm lens 40m hybrid-light 130dB WDR 12VDC/POE,1941.89,2815.74,45,Sensor Security,Surveillance
DS-2CD2047G2H-LI 4MM,ColorVu 4MP bullet 4mm lens 40m hybrid-light 130dB WDR 12VDC/POE,1950.17,2827.75,45,Sensor Security,Surveillance
DS-2CD2047G3-LIY 2.8MM,ColorVu 4MP bullet 2.8mm lens 40m hybrid- light 130dB WDR 12VDC/POE,2334.1,3384.44,45,Sensor Security,Surveillance
DS-2CD2047G3-LIY 4MM,ColorVu 4MP bullet 4mm lens 40m hybrid-light 130dB WDR 12VDC/POE,2336.23,3387.53,45,Sensor Security,Surveillance
DS-2CD2047G3-LI2UY-2.8MM,"ColorVu 4MP bullet, 2.8mm lens, 40m hybrid- light, 130dB WDR, array microphone, 12VDC/POE",2457.14,3562.85,45,Sensor Security,Surveillance
DS-2CD2087G3-LIY 2.8MM,ColorVu 8MP bullet 2.8mm lens 40m IR  120dB WDR 12VDC/POE,2990.62,4336.4,45,Sensor Security,Surveillance
DS-2CD2T47G2H-LI 2.8MM,Hybrid ColorVu 4MP bullet 2.8mm lens 60m hybrid IR/white light 130dB WDR 12VDC/POE,2497.4,3621.23,45,Sensor Security,Surveillance
DS-2CD2T47G2H-LI 4MM,Hybrid ColorVu 4MP bullet 4mm lens 60m hybrid IR/white light 130dB WDR 12VDC/POE,2552.81,3701.57,45,Sensor Security,Surveillance
DS-2CD2T47G3-LIY 2.8MM,"ColorVu 4MP bullet, 2.8mm lens, 60m hybrid-light, 130dB WDR, 12VDC/POE",2802.17,4063.15,45,Sensor Security,Surveillance
DS-2CD2T47G3-LIY 4MM,"ColorVu 4MP bullet, 4mm lens, 60m hybrid-light, 130dB WDR, 12VDC/POE",2955.88,4286.03,45,Sensor Security,Surveillance
DS-2CD2T47G3-LIS2UY/SL-2.8mm,"Hikvision ColorVu 4MP bullet, 2.8mm lens, 60m hybrid-light, 130dB WDR,dual-microphone, strobe-light & siren, 12VDC/POE",3269.05,4740.12,45,Sensor Security,Surveillance
DS-2CD2T47G3-LIS2UY/SL 4mm,"Hikvision ColorVu 4MP bullet, 4mm lens, 60m hybrid-light, 130dB WDR,dual-microphone, strobe-light & siren, 12VDC/POE",3269.05,4740.12,45,Sensor Security,Surveillance
DS-2CD2387G2P-LSU/SL,ColorVu 8MP turret  4mm lens   30m illumination  130dB WDR   microphone  1 audio/ 1 alarm I/O  built-in strobe-light & siren 12VDC/POE,4096.12,5939.37,45,Sensor Security,Surveillance
DS-2CD2T87G2P-LSU/SL(C),ColorVu 8MP bullet  4mm lens   40m illumination  130dB WDR   microphone  1 audio/ 1 alarm I/O  built-in strobe-light & siren 12VDC/POE,4790.48,6946.2,45,Sensor Security,Surveillance
DS-2CD2641G0-LIZSU(2.8-12mm),Eco 4MP VF bullet 2.8mm-12mm lens 50m IR microphone 12VDC/POE,2302.33,3338.38,45,Sensor Security,Surveillance
DS-2CD2626G2-IZS (2.8-12)_C,AcuSense 2MP bullet  2.8-12mm lens   60m IR  120dB WDR  1 audio/ 1 alarm I/O 12VDC/POE,3265.18,4734.51,45,Sensor Security,Surveillance
DS-2CD2646G2HT-IZS(2.8-12mm),AcuSense 4MP bullet  2.8-12mm lens  up to 60m IR  120dB WDR  1 audio/ 1 alarm I/O 12VDC/POE,3568.38,5174.15,45,Sensor Security,Surveillance
iDS-2CD7A46G2/P-IZHS 2.8-12MM,"ANPR 4MP bullet, 2.8-12mm lens, 50m IR, 140dB WDR, 12VDC/POE",7217.62,10465.55,45,Sensor Security,Surveillance
IDS-2CD7A46G0/P-IZHS(SA)(8-32MM)(RSA)_C,ANPR 4MP bullet  8-32mm lens   100m IR  140dB WDR   2 alarm I/O 12VDC/POE,7239.75,10497.64,45,Sensor Security,Surveillance
IDS-2CD7A46G2/P-IZHSY 6-132MM,ANPR 4MP bullet 6-132mm lens  200m IR  140dB WDR   2 alarm I/O 12VDC/POE,10310.26,14949.88,45,Sensor Security,Surveillance
iDS-TCM403-BI(G)/POE/1050,"Intelligent Traffic series ANPR 4MP bullet 10-50mm lens 50m IR 140dB WDR 12VDC/POE Smart Traffic Analytics supported: Traffic flow detection?Average speed, traffic flow, queuing length, and traffic status

Incident detection: congestion, stopped vehicle, lane change, wrong-way driving, speeding, low-speed driving",8205.82,11898.44,45,Sensor Security,Surveillance
DS-2CD2346G2H-IU 2.8MM,AcuSense 4MP turret  2.8mm lens 40m IR 120dB WDR  F1.0 lens microphone 12VDC/POE,2033.46,2948.52,45,Sensor Security,Surveillance
DS-2CD2346G2H-IS2U/SL 2.8MM,"AcuSense 4MP turret, 2.8mm lens, 30m IR, 120dB WDR, array-microphones, built-in strobe-light & siren, 12VDC/POE",2101.69,3047.45,45,Sensor Security,Surveillance
DS-2CD2146G2H-I 2.8MM,AcuSense 4MP dome 2.8mm lens 30m IR 120dB WDR F1.0 lens 12VDC/POE,1804.86,2617.05,45,Sensor Security,Surveillance
DS-2CD2146G2H-ISU 2.8MM,AcuSense 4MP dome 2.8mm lens 30m IR 120dB WDR F1.0 lens microphone 2 audio/ 1 alarm I/O  12VDC/POE,1932.04,2801.46,45,Sensor Security,Surveillance
DS-2CD2146G2H-ISU 4MM,AcuSense 4MP dome 4mm lens 30m IR 120dB WDR F1.0 lens microphone 2 audio/ 1 alarm I/O  12VDC/POE,1995.29,2893.17,45,Sensor Security,Surveillance
DS-2CD2186G2H-ISU 2.8MM,AcuSense 8MP dome F1.0 2.8mm lens30m IR  120dB WDR microphone 1 audio/ 1 alarm I/O 12VDC/POE,2491.32,3612.41,45,Sensor Security,Surveillance
DS-2CD2546G2-IS(2.8MM)_C,AcuSense 4MP dome 2.8mm lens 10m IR 120dB WDR  microphone  2 audio/ 1 alarm I/O 12VDC/POE,2167.54,3142.93,45,Sensor Security,Surveillance
DS-2CD2147G3-LIS2UY 2.8MM,"ColorVu 4MP dome, 2.8mm lens, 30m hybrid-light, 130dB WDR, array-microphone, alarm & audio IO, 12VDC/POE",2454.8,3559.46,45,Sensor Security,Surveillance
DS-2CD2187G3-LIS2UY 2.8MM,"ColorVu 8MP dome,2.8mm lens,30m hybrid-light, 130dB WDR, array-microphone, alarm & audio IO, 12VDC/POE",3333.6,4833.72,45,Sensor Security,Surveillance
DS-2CD2347G2H-LI 2.8MM,ColorVu 4MP turret  2.8mm lens 40m hybrid-light 130dB WDR  12VDC/POE,2222.62,3222.8,45,Sensor Security,Surveillance
DS-2CD2347G2H-LIU 2.8MM,Hybrid ColorVu 4MP turret 2.8mm lens 40m hybrid IR/white light 130dB WDR microphone 12VDC/POE,2511.9,3642.26,45,Sensor Security,Surveillance
DS-2CD2347G2H-LISU/SL 2.8MM,ColorVu 4MP turret 2.8mm lens 30m hybrid-light 130dB WDR microphone  1 audio/ 1 alarm I/O  built-in strobe-light & siren 12VDC/POE,2455.56,3560.56,45,Sensor Security,Surveillance
DS-2CD2347G3-LI2UY (2.8mm),"ColorVu 4MP turret, 2.8mm lens, 30m hybrid-light, 130dB WDR, array-microphone, 12VDC/POE",2794.05,4051.37,45,Sensor Security,Surveillance
DS-2CD2347G3-LI2UY (4mm),"ColorVu 4MP turret, 4mm lens, 30m hybrid-light, 130dB WDR, array-microphone, 12VDC/POE",2794.05,4051.37,45,Sensor Security,Surveillance
DS-2CD2347G3-LIS2UY/SL (2.8mm),"ColorVu 4MP turret, 2.8mm lens, 30m hybrid-light, 130dB WDR, array-microphone, strobe-light & siren, 12VDC/POE",2915.4,4227.33,45,Sensor Security,Surveillance
DS-2CD2387G3-LIS2UY/SL2.8mm,"ColorVu 8MP turret, 2.8mm lens, 30m hybrid-light, 130dB WDR, array microphone, alarm & audio IO, strobe-light & siren, 12VDC/POE",3364.06,4877.89,45,Sensor Security,Surveillance
DS-2CD1123G0E-I 2.8MM,Eco 2MP dome 2.8mm lens 30m IR DWDR 12VDC/POE,844.24,1224.15,45,Sensor Security,Surveillance
DS-2CD2121G0-LIU 2.8MM,"Eco 2MP dome, 2.8mm lens, 30m hybrid-light, MD 2.0 with firmware update, microphone, 12VDC/POE",1045.75,1516.34,45,Sensor Security,Surveillance
DS-2CD2141G0-LIU 2.8MM,Eco 4MP dome  2.8mm lens 30m hybrid IR/white light microphone 12VDC/POE,1131.23,1640.28,45,Sensor Security,Surveillance
DS-2CD2141G0-LIU (4mm),"Eco 4MP dome, 4mm lens, 30m hybrid-light,MD 2.0 with firmware update, microphone, 12VDC/POE",1248.81,1810.77,45,Sensor Security,Surveillance
DS-2CD2741G0-LIZSU 2.8-12mm,Eco 4MP VF dome 2.8mm-12mm lens 50m IR microphone 12VDC/POE,2389.2,3464.34,45,Sensor Security,Surveillance
DS-2CD2726G2-IZS_C,AcuSense 2MP dome  2.8-12mm lens   40m IR  120dB WDR 12VDC/POE,3026.71,4388.73,45,Sensor Security,Surveillance
DS-2CD2746G2H-IPTRZS 2.8-12mm,AcuSense 4MP Pan/Tilt/Rotate dome 2.8-12mm lens 40m IR 120dB WDR 12VDC/POE,3503.79,5080.5,45,Sensor Security,Surveillance
DS-2CD3956G2-ISU(1.05mm),Hikvision 5 MP AcuSense Fisheye Network Camera 1.05mm,3072.77,4455.52,45,Sensor Security,Surveillance
DS-2CD6365G1-IVS 1.16MM,6MP fisheye camera  15m IR intersection/heatmap/people counting VCA 12VDC/POE,7760.73,11253.06,45,Sensor Security,Surveillance
DS-2CD2D25G1-D/NF,2MP pinhole  3.7mm lens   120dB WDR  1 audio I/O  12VDC ONLY,1480.38,2146.55,45,Sensor Security,Surveillance
DS-2CD6425G1-20 (3.7MM),Special series 2MP pinhole  3.7mm lens  120dB WDR  1 audio/ 1 alarm I/O 12VDC/POE - 8m cable,3883.14,5630.55,45,Sensor Security,Surveillance
AE-DC2018-K2,2MP dashcam built-in mic WiFi  managed through HikDashcam app,700.0,1015.0,45,Sensor Security,Surveillance
AE-DC5013-F6,"5MP dashcam,  G-sensor, F1.6 low-light lens",1451.19,2104.23,45,Sensor Security,Surveillance
AE-DC4328-K5(2CH),"2-ch dashcam, 2K front sensor, 2MP rear sensor, 3"" touchscreen,G-sensor",1797.62,2606.55,45,Sensor Security,Surveillance
DS-2DE2C200MWG-E 2.8MM,2MP 2.8mm PT camera 30m hybrid-light auto-track lite microphone+speaker motion 2.0 VCA 12VDC/POE - No adapter included**,812.05,1177.47,45,Sensor Security,Surveillance
DS-2DE2C200IWG/W(2.8mm)(W)(O-STD)/EU,2MP 2.8mm WiFI PT camera 30m hybrid-light auto-track lite microphone+speaker motion 2.0 VCA **12VDC ONLY - No adapter included**,1062.5,1540.62,45,Sensor Security,Surveillance
DS-2DE2C400MWG-E 2.8MM,4MP 2.8mm PT camera 30m hybrid-light auto-track lite microphone+speaker motion 2.0 VCA 12VDC/POE  - No adapter included**,945.24,1370.6,45,Sensor Security,Surveillance
DS-2DE2C400IWG/W,4MP 2.8mm WiFI PT camera 30m hybrid-light auto-track lite microphone+speaker motion 2.0 VCA **12VDC ONLY - No adapter included**,984.52,1427.55,45,Sensor Security,Surveillance
DS-2DE4225IW-DE(T5)_C,2MP PTZ  25x optical zoom 100m IR  AcuSense VCA 120dB WDR  12VDC/POE+,6047.2,8768.44,45,Sensor Security,Surveillance
DS-2DE5425IWG-E(B),4MP PTZ  25x optical zoom 150m IR  AcuSense VCA 120dB WDR  24VAC/POE+,6916.06,10028.29,45,Sensor Security,Surveillance
DS-2SE4C225MWG-E (12F0),TandemVu 2MP PTZ  25x optical zoom 100m IR 120dB WDR 2MP ColorVu bullet 30m white-light 12VDC/POE+,6236.07,9042.3,45,Sensor Security,Surveillance
DS-2SE4C425MWG-E(14F0),TandemVu 4MP PTZ  25x optical zoom 100m IR 120dB WDR 4MP ColorVu bullet channel with 30m illumination 12VDC/POE+,6532.73,9472.46,45,Sensor Security,Surveillance
DS-2SE7C425MWG-EB/26(F0),TandemVu 4MP PTZ 25x optical zoom 6MP panoramic channel 200m IR Smart tracking  built-in strobe-light & siren 24VAC/Hi-POE,11405.33,16537.73,45,Sensor Security,Surveillance
DS-2DF8225IX-AEL(T5)_C,Ultra Series 2MP PTZ  25x optical zoom   400m IR  140dB WDR  Smart tracking  Perimeter protection VCA  24VAC/Hi-POE,19739.43,28622.17,45,Sensor Security,Surveillance
DS-2DF8C442IXG1-EL,Ultra Series 4MP PTZ  42x optical zoom 400m IR  140dB WDR  Smart tracking  Perimeter protection VCA  24VAC/Hi-POE,28833.33,41808.33,45,Sensor Security,Surveillance
POW-302A,7A 24VAC PSU for Hikvision 24VAC-36VAC PTZ models,475.0,688.75,45,Sensor Security,Surveillance
DS-2SF8C425MXS-DL(14F1)(P3),TandemVu 2MP PTZ 25x optical zoom 4MP panoramic channel 400m IR Smart tracking  built-in strobe-light & siren 24VAC/Hi-POE,23450.15,34002.72,45,Sensor Security,Surveillance
DS-2SF8C425MXG-ELW/26(F0),TandemVu 4MP PTZ 25x optical zoom 6MP panoramic channel 400m IR Smart tracking  built-in strobe-light & siren 24VAC/Hi-POE,29795.24,43203.1,45,Sensor Security,Surveillance
DS-2TD2608-2/QA,Heatpro bi-spectrum bullet 2mm thermal lens  6mm optical lens  up to 30m IR AcuSense VCA 12VDC/POE,3952.07,5730.5,45,Sensor Security,Surveillance
DS-2TD1228-3/QA,"Heatpro bi-spectrum dome, 3mm thermal lens, 4mm optical lens, 15m IR, 12VDC/POE",6814.11,9880.46,45,Sensor Security,Surveillance
DS-2TD2628-7/QA_C,Bi-spectrum thermal bullet 7mm thermal + 4MP 4mm optical 30m IR perimeter protection VCA  Fire detection VCA  12VDC/24VAC/POE,6755.46,9795.42,45,Sensor Security,Surveillance
DS-2TD2628-10/QA_C,Heatpro bi-spectrum bullet 10mm thermal lens  8mm optical lens  up to 30m IR  Perimeter protection VCA  Fire detection VCA  12VDC/24VAC/POE,7235.48,10491.45,45,Sensor Security,Surveillance
HM-TD2628-10/G1-T3A,"Hikvision dual-lens Guanlan thermal, 10mm thermal lens, 12mm optical lens, Guanlan AI analytics, 80m hybrid-light, 12VDC/POE",8525.0,12361.25,45,Sensor Security,Surveillance
DS-2TD2138-15/QY_C,Thermal bullet 15mm lens  Perimeter protection VCA  Fire detection VCA  12VDC/24VAC/POE,29079.4,42165.13,45,Sensor Security,Surveillance
HM-TD2638-25/G0/T1Y,"Dual lens thermal bullet, 25mm thermal lens,  12mm optical lens,100m IR,  12VDC/24VAC/POE",46158.33,66929.58,45,Sensor Security,Surveillance
HM-TD2638-35/G0/T1Y,"Dual lens thermal bullet, 35mm thermal lens,  12mm optical lens,100m IR,  12VDC/24VAC/POE",48361.9,70124.76,45,Sensor Security,Surveillance
DS-2TD2637-10/QY,Bi-spectrum thermal bullet 10mm thermal + 4MP 4mm optical 30m IR perimeter protection VCA  Fire detection VCA  12VDC/24VAC/POE,38941.67,56465.42,45,Sensor Security,Surveillance
DS-2TD2637-15/QY,Bi-spectrum thermal bullet 15mm thermal + 4MP 6mm optical 50m IR perimeter protection VCA  Fire detection VCA  12VDC/24VAC/POE,37089.4,53779.63,45,Sensor Security,Surveillance
DS-2TD4137-25/WY,Thermal bi-spectrum PTZ  25mm Thermal lens  2MP 25x optical module  Perimeter protection VCA  Fire detection VCA  Smart tracking  Anti-Corrosion coating 24VAC/36-48VDC/Hi-POE,70285.37,101913.79,45,Sensor Security,Surveillance
HM-TD4137-50/WY,Thermal bi-spectrum PTZ  50mm Thermal lens  2MP 25x optical module  Perimeter protection VCA  Fire detection VCA  Smart tracking  Anti-Corrosion coating 24VAC/36-48VDC/Hi-POE,86765.5,125809.97,45,Sensor Security,Surveillance
POW-302A,7A 24VAC PSU for Hikvision 24VAC-36VAC PTZ models,475.0,688.75,45,Sensor Security,Surveillance
DS-2TD2608-2/QA/FP,Heatpro-Lite fire detection bi-spectrum bullet 2mm thermal lens 6mm optical lens fire detection VCA  **No security analytics**  12VDC/POE,4013.46,5819.52,45,Sensor Security,Surveillance
Solar Caddy-100S-BR,"Generation 2 - Complete Solar Kit - 160W Panel, 20A MPPT Charge Controller SLA/LiPo compatible, Stainless Steel and Powder Coated Cabinet including all brackets and mounting equipment - excludes mounting pole  (Excluding Battery - Supports 1 X LFP-Xtreme 100 or 1 x EPS12100DC GEL )",7934.98,11505.72,45,Sensor Security,Surveillance
SolarCaddy-200S-BR,"Generation 2 - Complete Solar Kit - 2x 160W Panel, 30A MPPT Charge Controller SLA/LiPo compatible, Stainless Steel and Powder Coated Cabinet including all brackets and mounting equipment - excludes mounting pole  (Excluding Battery - Supports 2 X LFP-Xtreme 100 or 1 x LFP-Xtreme 200 )",10178.57,14758.93,45,Sensor Security,Surveillance
DS-7104NI-Q1_C,Eco 4ch NVR  1 SATA  6TB  up to  4MP recording,823.11,1193.51,45,Sensor Security,Surveillance
DS-7104NI-Q1/4P_C,Eco 4ch POE NVR 1 SATA  6TB  up to  4MP recording  4 POE ports,1308.5,1897.33,45,Sensor Security,Surveillance
DS-7108NI-Q1_C,Eco 8ch NVR  1 SATA  10TB  up to  4MP recording,900.26,1305.38,45,Sensor Security,Surveillance
DS-7108NI-Q1/8P_C,Eco 8ch POE NVR 1 SATA  6TB  up to  4MP recording  8 POE ports,1749.29,2536.47,45,Sensor Security,Surveillance
DS-7608NXI-K2,Pro series 8ch NVR  2 SATA  10TB up to  8MP recording  1ch facial recognition/4ch face capture 4/1 alarm IO,1930.04,2798.56,45,Sensor Security,Surveillance
DS-7608NXI-K2/8P,Pro series 8ch POE NVR 2 SATA  10TB up to  8MP recording  8 POE ports  1ch facial recognition/4ch face capture 4/1 alarm IO,3201.83,4642.65,45,Sensor Security,Surveillance
DS-7616NXI-K2,Pro series 16ch NVR  2 SATA  10TB up to  8MP recording  1ch facial recognition/4ch face capture 4/1 alarm IO,2200.83,3191.2,45,Sensor Security,Surveillance
DS-7616NXI-K2/16P,Pro series 16ch POE NVR  2 SATA  10TB up to  8MP recording  1ch facial recognition/4ch face capture 16 POE ports  4/1 alarm IO,4318.92,6262.43,45,Sensor Security,Surveillance
DS-7632NXI-K2,"Hikvision 32ch NVR, 2 SATA up to 16TB, 4/1 alarm IO",5557.86,8058.9,45,Sensor Security,Surveillance
DS-7716NXI-I4/S_C,AcuSense 16ch NVR  4 SATA  10TB  up to 12MP recording   16/8 alarm IO,7150.88,10368.78,45,Sensor Security,Surveillance
DS-7716NXI-I4/16P/S_C,AcuSense 16ch NVR  4 SATA  10TB  up to 12MP recording  POS & IOT overlay  16/8 alarm IO,8758.23,12699.43,45,Sensor Security,Surveillance
DS-7732NXI-I4/S_C,AcuSense 32ch NVR 4 SATA  10TB  up to 12MP recording  POS & IOT overlay  16/8 alarm IO,8134.12,11794.47,45,Sensor Security,Surveillance
DS-7732NXI-I4/16P/S_C,AcuSense32ch  POE NVR 4 SATA  10TB up to 12MP recording  POS & IOT overlay  16/8 alarm IO,10878.3,15773.53,45,Sensor Security,Surveillance
DS-9632NXI-I8/S(C)_C,AcuSense 32ch NVR  8 SATA  10TB  up to 12MP recording  POS & IOT overlay  16/8 alarm IO,17770.81,25767.67,45,Sensor Security,Surveillance
DS-9632NI-M16,Ultra Series 32ch NVR 16 SATA  16TB  POS & IOT overlay  16/8 alarm IO,24319.23,35262.88,45,Sensor Security,Surveillance
iDS-9632NXI-M8/X,DeepinMind Facial Recognition  32ch NVR  8 SATA 16TB  up to 12MP recording  POS & IOT overlay  16/8 alarm IO,35925.0,52091.25,45,Sensor Security,Surveillance
DS-7764NI-M4,Pro series  64ch NVR  4 SATA  16TB  POS & IOT overlay  16/9 alarm IO,14510.85,21040.73,45,Sensor Security,Surveillance
DS-9664NXI-I8/S(C)_C,AcuSense 64ch NVR  8 SATA  10TB  up to 12MP recording  POS & IOT overlay  16/8 alarm IO,22619.15,32797.77,45,Sensor Security,Surveillance
DS-9664NI-M16,Ultra Series 64ch NVR 16 SATA  16TB  POS & IOT overlay  16/8 alarm IO,35638.06,51675.19,45,Sensor Security,Surveillance
iDS-6704NXI-S/T(STD),"Hikvision 4-ch DeepinMind AI NVS, advanced perimeter analytics, 1TB HDD installed",4723.45,6849.0,45,Sensor Security,Surveillance
iDS-6716NXI-M1/AI,"Hikvision 16-ch DeepinMind AI NVS, advanced AI algorithms",17460.71,25318.03,45,Sensor Security,Surveillance
IDS-6732NXI-M1/AI,"Hikvision 32-ch DeepinMind AI NVS, advanced AI algorithms",27156.81,39377.37,45,Sensor Security,Surveillance
DS-7732NXI-I4/VPro,"AcuSeek 32ch NVR, 4-SATA, 4ch facial recognition",16797.62,24356.55,45,Sensor Security,Surveillance
DS-9632NXI-I8/Vpro,"AcuSeek 32ch NVR, 8-SATA, 4ch facial recognition",26289.29,38119.47,45,Sensor Security,Surveillance
DS-1005KI_C,USB PTZ controller,2631.77,3816.07,45,Sensor Security,Surveillance
DS-1200KI_C,"Hikvision IP Keyboard 4-axis joystick NVR, DVR, Decoder support",4746.44,6882.34,45,Sensor Security,Surveillance
DS-1600KI_C,10-Inch Touchscreen android network keyboard  DVR/NVR/PTZ control  Video wall control,14920.89,21635.29,45,Sensor Security,Surveillance
HikCentral-P-VER/HW1D/64,HikCentral 1U server pre-licensed for 64 video channels,96123.05,139378.42,45,Sensor Security,Surveillance
HikCentral-P-VER/HW1D/300,HikCentral 1U server pre-licensed for 300 video channels,176196.57,255485.03,45,Sensor Security,Surveillance
HikCentral-P-VSS-Base/0Ch,HikCentral base license,820.86,1190.25,45,Sensor Security,Surveillance
HikCentral-P-VSS-16Ch/Base/Promo,HikCentral base license - Pre-licensed for 16 video channels,8986.93,13031.05,45,Sensor Security,Surveillance
HikCentral-P-VSS-64Ch/Base/Promo,HikCentral base license - Pre-licensed for 64 video channels,32540.43,47183.62,45,Sensor Security,Surveillance
HikCentral-P-VSS-300Ch/Base/Promo,HikCentral base license - Pre-licensed for 300 video channels,125186.79,181520.85,45,Sensor Security,Surveillance
HikCentral-P-VSS-1Ch,Hikvision 1 camera connection.,567.07,822.25,45,Sensor Security,Surveillance
HikCentral-P-ACS-2Door/Base/Promo,Hikcentral access control base license 2-doors,2364.21,3428.1,45,Sensor Security,Surveillance
HikCentral-P-ACS-16Door/Base/Promo,Hikcentral access control base license 16-doors,2809.86,4074.3,45,Sensor Security,Surveillance
HikCentral-P-ACS-1Door,HikCentral Access control license 1-door,567.07,822.25,45,Sensor Security,Surveillance
HikCentral-P-AlarmPanel-1Unit,Hikcentral 1 alarm panel license,967.79,1403.3,45,Sensor Security,Surveillance
HikCentral-P-OutdoorStation-1Unit,Hikcentral outdoor station license - 1 outdoor station,648.43,940.22,45,Sensor Security,Surveillance
HikCentral-P-IndoorStation-1Unit,Hikcentral indoor station license - 1 indoor station,142.07,206.0,45,Sensor Security,Surveillance
pStor-Video Storage-Base/1Ch,HikCentral pStor video storage with 1 camera license.,706.71,1024.73,45,Sensor Security,Surveillance
pStor-Picture Storage-Base,HikCentral pStor picture storage base package without resource limitation.,2809.86,4074.3,45,Sensor Security,Surveillance
HikCentral-P-MS-Base,"Mobile Surveillance Base package-Including prerequisites for device unit expanding, all fundamental features of mobile surveillance system and 2 device units manageable.
Supported 3 years free SUP, Real-time location on GIS MAP,Vehicles tracking",2817.14,4084.85,45,Sensor Security,Surveillance
HikCentral-P-MS-1 Unit,"Mobile Surveillance Expansion package
Prerequisite Mobile Surveillance Base package.
Supported 1 mobile device unit manageable",1047.93,1519.5,45,Sensor Security,Surveillance
HikCentral-P-ANPR-1Camera,Hikvision ANPR channel license,2254.93,3269.65,45,Sensor Security,Surveillance
HikCentral-P-AcuSeek-4Ch/Module,HikCentral AcuSeek & facial recognition module license,10927.38,15844.7,45,Sensor Security,Surveillance
HikCentral-P-AcuSeek-1Ch/Real-time&Search,HikCentral 1-ch AcuSeek & facial recognition license **Requires AcuSeek module license**,2732.14,3961.6,45,Sensor Security,Surveillance
HikCentral-P-Radar-1Unit,"Hikvision Radar Unit Expansion package - including all functions of Radar module and 1 Radar manageble.Prerequisite:Video Surveillance Base package.Supported:Radar calibration, Set linkage bewteen doom & radar, Receive event & alarm from radar, Show people's trajectories on the map,etc.",1379.43,2000.17,45,Sensor Security,Surveillance
HikCentral-P-SMG-1Unit,Hikvision Walk-through Metal Detector Expansion package; Prerequisite: Security Inspection Module Expansion Package.Supported: 1 walk-though metal detector manageable.,2254.93,3269.65,45,Sensor Security,Surveillance
HikCentral-P-Elevator-Module,"Elevator Control Module Expansion package- including all functions of elevator control module.Prerequisite:Access Control Base package.Supported:Elevator control configuration, Elevator event & alarm receive and search, Elevator operation,etc.",14010.43,20315.12,45,Sensor Security,Surveillance
HIKCENTRAL-SMARTWALL-BASE,HikCentral smart wall base package - which includes all functions of smart wall without resourse limitation.,5438.79,7886.25,45,Sensor Security,Surveillance
HikCentral-P-BI Report-Module,"HikCentral data reporting  system base package, which includes people counting and queue analysis, and all fundamental report features without resource limitation.",14038.36,20355.62,45,Sensor Security,Surveillance
HikCentral-P-Visitor-Module,"Visitor Management Module Expansion package - including all functions of visitor management module.Prerequisite:Access Control Base package.Supported:Visitor registration, Access permission assignation, Visitor log search,etc.",5588.14,8102.8,45,Sensor Security,Surveillance
HikCentral-P-Radar-1Unit,"Hikvision Radar Unit Expansion package - including all functions of Radar module and 1 Radar manageble.Prerequisite:Video Surveillance Base package.Supported:Radar calibration, Set linkage bewteen doom & radar, Receive event & alarm from radar, Show people's trajectories on the map,etc.",1379.43,2000.17,45,Sensor Security,Surveillance
HikCentral-P-DigitalSignage-1ch,Terminal Expansion package Prerequisite:Digital Signage Base packageSupported:1 terminal manageable,848.79,1230.75,45,Sensor Security,Surveillance
SUP-1camera/year upgrade,Hikvision software remote upgrade service for 1 camera per year  when beyond free SUP period (24 months),36.43,52.82,45,Sensor Security,Surveillance
SUP-1 camera/2years upgrade,Software remote upgrade service per camera in 2 years  when beyond free SUP period (36 months),48.57,70.43,45,Sensor Security,Surveillance
SUP-1 camera/3years upgrade,Software remote upgrade service per camera in 3 years  when beyond free SUP period (36 months),66.79,96.85,45,Sensor Security,Surveillance
DS-1260ZJ,Hikvision surface-mount box for 2T bullet range,182.76,265.0,45,Sensor Security,Surveillance
DS-1280ZJ-XS,Hikvision surface-mount box for mini-bullet range,163.55,237.15,45,Sensor Security,Surveillance
DS-1280ZJ-S,Hikvision surface-mount box for bullet range,270.54,392.28,45,Sensor Security,Surveillance
DS-1280ZJ-DM46,Hikvision surface-mount box  Fits DS-2CD21x6 dome cameras,181.73,263.51,45,Sensor Security,Surveillance
DS-1280ZJ-PT6,Junction box for turret camera,370.24,536.85,45,Sensor Security,Surveillance
DS-1275ZJ-SUS,Hikvision bullet pole-mount bracket,409.58,593.89,45,Sensor Security,Surveillance
DS-1473ZJ-155,Hikvision wall-mount bracket  Fits DS-2CD21x6 dome cameras,792.86,1149.65,45,Sensor Security,Surveillance
DS-1602ZJ,Hikvision PTZ bracket  Wallmount  30cm arm,261.14,378.65,45,Sensor Security,Surveillance
DS-1602ZJ-POLE,Hikvision PTZ bracket for DS-2DF8C series PTZ,393.13,570.04,45,Sensor Security,Surveillance
DS-1602ZJ-COR,Hikvision PTZ bracket,382.86,555.15,45,Sensor Security,Surveillance
DS-1603ZJ-P,Platinum colour PTZ wall mount bracket,453.92,658.18,45,Sensor Security,Surveillance
DS-1603ZJ-POLE-P,Platinum colour PTZ pole mount bracket,637.65,924.59,45,Sensor Security,Surveillance
DS-4604ZJ-PA,Hikvision platinum colour wall-mount PTZ bracket for DS-2DF8/2SF8 series PTZ,1358.33,1969.58,45,Sensor Security,Surveillance
DS-1662ZJ,Hikvision PTZ bracket  Pendant mount  50cm drop,319.42,463.16,45,Sensor Security,Surveillance
DS-3E1105P-EI_C,4 port Smart POE switch 60w POE budget  Hikvision topology management  1 10/100 RJ45 uplink,530.75,769.59,45,Sensor Security,Networking
DS-3E1309P-EI_C,8 port Smart POE switch 110w POE budget  Hikvision topology management  1 10/100 RJ45 uplink,992.01,1438.41,45,Sensor Security,Networking
DS-3E1318P-EI_C,16 port Smart POE switch 230w POE budget  Hikvision topology management  2 combo Gigabit/SFP ports,2524.08,3659.92,45,Sensor Security,Networking
DS-3E1326P-EI_C,24 port Smart POE switch 370w POE budget  Hikvision topology management  2 combo Gigabit/SFP ports,3269.21,4740.35,45,Sensor Security,Networking
DS-3E1505P-EI,4 port unmanaged gigabit POE switch 60w POE budget. 1 gigabit RJ45 uplink port,667.45,967.8,45,Sensor Security,Networking
DS-3E1510P-EI(O-STD)V2,Hikvision 8-port smart gigabit POE switch 110w POE budget  Hikvision topology management  2 gigabit RJ45 uplinks,1337.96,1940.04,45,Sensor Security,Networking
DS-3E1510P-SI_C,8 port Smart gigabit POE switch 110w POE budget  Hikvision topology management  2 SFP ports,1764.57,2558.63,45,Sensor Security,Networking
DS-3E1518P-EI,Hikvision 16-port smart gigabit POE switch 230w POE budget  Hikvision topology management 1 combo Gigabit/SFP ports,3164.45,4588.45,45,Sensor Security,Networking
DS-3E1526P-EI(O-STD)V2,Hikvision 24-port smart gigabit POE switch 370w POE budget  Hikvision topology management 1 combo Gigabit/SFP ports,4782.2,6934.19,45,Sensor Security,Networking
DS-3E1526P-SI,24 port Gigabit smart POE switch 370w POE budget  Hikvision topology management  2 SFP ports,4837.71,7014.68,45,Sensor Security,Networking
DS-3E1528P-SI-24P4F(O-STD),"Hikvision 24-port smart gigabit POE switch, 370w POE budget, Hikvision topology management, 4SFP ports",4761.9,6904.75,45,Sensor Security,Networking
DS-3E1552P-SI,Hikvision 48-port smart gigabit POE switch 470w POE budget  Hikvision topology management 2*SFP & 2*RJ45 uplink ports,8181.62,11863.35,45,Sensor Security,Networking
DS-3E0524TF,"Hikvision 24-port unmanaged switch, 12x Gbe ports, 12x Gb SFP ports",3716.68,5389.19,45,Sensor Security,Networking
DS-3E1524-SI-16F8T,"Hikvision 24-port aggregation switch, 8x gigabit RJ45, 16x SFP ports",3715.48,5387.45,45,Sensor Security,Networking
DS-3T1512HP-SI-8P4F,"Industrial smart-managed 12 port gigabit POE switch, 8x Gbe POE ports, 4x Gb SFP ports (Excludes 48V PSU) - DRL-48V240W1EN",2078.57,3013.93,45,Sensor Security,Networking
DS-3T0506HP-E/HS_C,Industrial 4 port gigabit POE switch 60w POE budget 2 SFP ports,1050.9,1523.81,45,Sensor Security,Networking
DS-3T0510HP-E/HS_C,Industrial 8 port gigabit POE switch 110w POE budget  2 SFP ports,1748.21,2534.9,45,Sensor Security,Networking
DRL-48V75W1AZ,75w 48V DIN rail PSU for hardened POE switch.,403.57,585.18,45,Sensor Security,Networking
DRL-48V240W1EN,240w 48V DIN rail PSU for hardened POE switch.,1030.95,1494.88,45,Sensor Security,Networking
SF310M-LC-500M,"Foredge 1.25G SFP module, Multi-mode, LC connector",210.71,305.53,45,Sensor Security,Networking
SF312A-LC-10KM,"Foredge 1.25G SFP module, Single-mode, LC connector",210.71,305.53,45,Sensor Security,Networking
AGM731FEPS_C,Netgear SFP Transceiver. 1000Base-SX GBIC Module LC-Connector. Multi-mode,463.08,671.47,45,Sensor Security,Networking
AGM732FEPS_C,Netgear SFP Transceiver. 1000BASE-LX GBIC Module LC-Connector Single Mode,1017.9,1475.95,45,Sensor Security,Networking
DS-3E0505D-O,"Hikvision 5 port Gigabit switch, plastic casing",162.15,235.12,45,Sensor Security,Networking
DS-3E0508D-O,"Hikvision 8 port Gigabit switch, plastic casing",220.23,319.33,45,Sensor Security,Networking
DS-3E1508-EI(O-STD)V2,"Hikvision 8 port Gigabit switch, metal casing",543.35,787.86,45,Sensor Security,Networking
DS-3E0516-E(B)_C,Hikvision 16 port rackmount gigabit switch,931.45,1350.6,45,Sensor Security,Networking
DS-3E0524-E(B)(O-STD),Hikvision 24 port desktop Gigabit switch,1147.08,1663.27,45,Sensor Security,Networking
DS-3E2728-HI-24T4X,"Hikvision 24-port L2+ switch, 24 GE ports, 4x 10GB SFP uplinks",4160.14,6032.2,45,Sensor Security,Networking
DS-3WF02C-5AC/O,"5Ghz wireless bridge 5Km range 2 Gigabit LAN ports DIP switch device matching, Pasive POE powered",814.81,1181.47,45,Sensor Security,Networking
DS-3WF02-5AC/D(O-STD),"5Ghz wireless bridge pair, 5Km range, 2 Gigabit LAN ports, 48V POE",1352.67,1961.37,45,Sensor Security,Networking
AI806M,"Unmanged 6-Port Fast Ethernet Switch with 4 Port POE, 65W POE output",249.71,362.08,45,Sensor Security,Networking
AI8082M,"Unmanged 10-Port Fast Ethernet Switch with 8 Port PoE, gigabit uplink, 65W POE output",424.51,615.54,45,Sensor Security,Networking
AI8016M,"Unmanged 18-Port Fast Ethernet Switch  with 16 Port AI PoE, 1*R45& 1* Combo uplink, 150W POE output",1123.7,1629.37,45,Sensor Security,Networking
AI8024M,"Unmanged 26-Port Fast Ethernet Switch  with 24 Port AI PoE, 1*R45& 1* Combo uplink, 250W POE output",1498.27,2172.49,45,Sensor Security,Networking
PS2010G,"L2 managed 10 port Gigabit Switch with 8 port AI PoE, 2*SFP uplink, 150W, cloud management",1797.93,2607.0,45,Sensor Security,Networking
PS3016GS,"L2 managed 16 port Gigabit Switch with 16 port AI PoE, 2*SFP uplink, 150W, cloud management",2621.98,3801.87,45,Sensor Security,Networking
AI1016GC,"Web smart POE Switch, 16 port gigabit POE,  2*SFP uplink, 150W POE output, cloud management",2122.55,3077.7,45,Sensor Security,Networking
PS3024GS,"L2 managed 26 port Gigabit Switch with 24 port AI PoE,2*SFP uplink, 250W, cloud management",3371.12,4888.12,45,Sensor Security,Networking
AI1024GC,"Web smart POE Switch, 24 port gigabit POE, 2*SFP uplink, 250W POE oputput, cloud management",2746.83,3982.9,45,Sensor Security,Networking
S5700-48GP-4TFR-700W,"L3 managed 48 port RJ45 POE Switch, with 4*10G SFP+ uplink, 1 console port, POE budget 700W,cloud management",8864.77,12853.92,45,Sensor Security,Networking
IS104GS-2F,"6-port L2 gigabit managed industrial switch, 4xRJ45, 2x SFP, 12-56VDC input",1595.19,2313.03,45,Sensor Security,Networking
IS108GS-2F,"10-port L2 gigabit managed industrial switch, 8xRJ45, 2x SFP, 12-56VDC input",1794.6,2602.17,45,Sensor Security,Networking
SF310M-LC-500M,"Foredge 1.25G SFP module, Multi-mode, LC connector",210.71,305.53,45,Sensor Security,Networking
SF312A-LC-10KM,"Foredge 1.25G SFP module, Single-mode, LC connector",210.71,305.53,45,Sensor Security,Networking
W60HAP,In-Wall WiFi-6 AP,891.47,1292.63,45,Sensor Security,Networking
W618AP,Ceiling mount WiFi-6 AP,1179.89,1710.84,45,Sensor Security,Networking
W668OHAP (OUTDOOR),Outdoor WiFi 6 AP,2412.21,3497.7,45,Sensor Security,Networking
FAC109-POE-MR,Gateway/Router/Controller,1310.99,1900.94,45,Sensor Security,Networking
PSE803,"POE injector, Gigabit port, bt, 30W",307.64,446.08,45,Sensor Security,Networking
PSE803BT,"POE injector, Gigabit port, bt, 75W",503.41,729.94,45,Sensor Security,Networking
CAB-4U1S-SF-GD,"Wallbox CAB-4U1S-SF-GD 4u Swing Frame +  1 Shelf, 10Cage Nuts, Glass Door **PDU sold separate**",1534.29,2224.72,45,Sensor Security,Networking
CAB-6U1S-SF-GD,"Wallbox CAB-6U1S-SF-GD 6u Swing Frame +  1 Shelf, 10Cage Nuts, Glass Door **PDU sold separate**",1809.96,2624.44,45,Sensor Security,Networking
CAB-9U1S-SF-GD,"Wallbox CAB-9U1S-SF-GD 9u Swing Frame +  1 Shelf, 10Cage Nuts, Glass Door **PDU sold separate**",2205.0,3197.25,45,Sensor Security,Networking
CAB-12U1S-SF-GD,"Wallbox CAB-12U1S-SF-GD 12U Swing Frame +  1 Shelf, 10Cage Nuts, Glass Door **PDU sold separate**",2382.07,3454.0,45,Sensor Security,Networking
450FMT,450mm Front Mount Tray,240.88,349.28,45,Sensor Security,Networking
BRUSH,Brush Panel - No Lip,81.37,117.99,45,Sensor Security,Networking
1U-BRPANEL,Brush Panel - With Lip,111.06,161.04,45,Sensor Security,Networking
24PORT-PATCH,24 Port CAT 6 Patch Panel,441.48,640.15,45,Sensor Security,Networking
CFU-10-16A-3M,"10-way plastic PDU, 5x16A, 5X5A, 3m lead",172.62,250.3,45,Sensor Security,Networking
CAB-MPDU-6WAY,"6 Way Aluminium PDU, 6 x 16A Plugs, 2m Power Cable",327.38,474.7,45,Sensor Security,Networking
DS-2CD3046G2H-LI 2.8mm,"Hikvision AcuSense 4MP bullet, 2.8mm lens , 40m IR, 120dB WDR, 12VDC/POE",2362.56,3425.71,45,Sensor Security,3-Line cameras
DS-2CD3046G2H-LI 4mm,"Hikvision AcuSense 4MP bullet, 4mm lens , 40m IR, 120dB WDR, 12VDC/POE",2314.06,3355.39,45,Sensor Security,3-Line cameras
DS-2CD3046G2H-LIU/SL 2.8MM,Hikvision 4 MP AcuSense Strobe Light and Audible Warning Fixed Mini Bullet Network Camera,2520.74,3655.07,45,Sensor Security,3-Line cameras
DS-2CD3T46G2H-LIS 2.8MM,"Hikvision AcuSense 4MP bullet, 2.8mm lens , 60m IR, 120dB WDR, 12VDC/POE",2853.02,4136.88,45,Sensor Security,3-Line cameras
DS-2CD3T46G2H-LIS 4MM,"Hikvision AcuSense 4MP bullet, 4mm lens , 60m IR, 120dB WDR, 12VDC/POE",2853.02,4136.88,45,Sensor Security,3-Line cameras
DS-2CD3T46G2H-LISU/SL 2.8MM,"Hikvision AcuSense 4MP bullet, 2.8mm lens , 60m IR, 120dB WDR, strobe & siren, 12VDC/POE",3056.39,4431.77,45,Sensor Security,3-Line cameras
DS-2CD3T46G2H-LISU/SL 4MM,"Hikvision AcuSense 4MP bullet, 4mm lens , 60m IR, 120dB WDR, strobe & siren, 12VDC/POE",3056.39,4431.77,45,Sensor Security,3-Line cameras
DS-2CD3646G2HT-LIZS 2.7-13.5mm,"Hikvision AcuSense 4MP bullet, 2.7-13.5mm lens, 60m IR, 120dB WDR, alarm I/O, 12VDC/POE",4434.89,6430.59,45,Sensor Security,3-Line cameras
DS-2CD3956G2-ISU(1.05mm),Hikvision 5 MP AcuSense Fisheye Network Camera 1.05mm,3072.77,4455.52,45,Sensor Security,3-Line cameras
DS-2CD3146G2H-LISU 2.8mm,"AcuSense 4MP dome, 2.8mm lens , 40m hybrid-light, 120dB WDR, alarm & audio I/O, 12VDC/POE",2374.67,3443.27,45,Sensor Security,3-Line cameras
DS-2CD3346G2H-LISU/SL 2.8MM,"AcuSense 4MP dome, 2.8mm lens , 40m hybrid-light, 120dB WDR, alarm & audio I/O, 12VDC/POE",2713.81,3935.02,45,Sensor Security,3-Line cameras
DS-2CD3746G2H-LIZSU(PTRZ),"Hikvision AcuSense 4MP dome, 2.7-13.5mm lens, 40m IR, 120dB WDR, alarm I/O, 12VDC/POE",4758.58,6899.94,45,Sensor Security,3-Line cameras
DS-QAE0330G1T-V,Hikvision 30W analogue horn speaker,566.67,821.67,45,Sensor Security,Audio
DS-QAE0206G1-V,Hikvision 6W analogue ceiling speaker,154.21,223.6,45,Sensor Security,Audio
DS-QAE0120G1R,Hikvision 20W analogue cabinet speaker,790.48,1146.2,45,Sensor Security,Audio
DS-QAE0120G1R/BLACK,Hikvision 20W analogue cabinet speaker - Black,790.48,1146.2,45,Sensor Security,Audio
DS-QAE0420G1-V,Hikvision Analog Column Speaker 20W,1002.38,1453.45,45,Sensor Security,Audio
DS-QAZ0610G1,Hikvision 10W analogue in-ceiling speaker,821.43,1191.07,45,Sensor Security,Audio
DS-QAZ0630G1,Hikvision 30W analogue in-ceiling speaker,1233.33,1788.33,45,Sensor Security,Audio
DS-QAE0A60G1-VB,Hikvision Analog Amplifier 60W,1579.79,2290.7,45,Sensor Security,Audio
DS-QAE1A40G1-VB,"Hikvision 40W 2-ch networked analogue amplifier, network, RCA, bluetooth, microphone, USB input",1541.67,2235.42,45,Sensor Security,Audio
DS-QAE1A80G1-VB,"Hikvision 80W 2-ch networked analogue amplifier, networkRCAbluetoothmicrophoneUSB input",2311.9,3352.26,45,Sensor Security,Audio
DS-QAE0MG0G1,Analogue gooseneck paging microphone,925.0,1341.25,45,Sensor Security,Audio
DS-PWA64-L-WE_C,Ax Pro wireless alarm panel 64-zone  16 partitions  LAN/WiFi/GPRS connectivity,1762.57,2555.73,45,Sensor Security,Alarm
DS-PWA96-M-WE_C,Ax Pro wireless alarm panel  96-zone  32 partitions  LAN/WiFi/4G connectivity,2643.92,3833.68,45,Sensor Security,Alarm
DS-PWA64-Kit-WE_C,"Ax Pro wireless alarm kit  64-zone  1 door contact, 1 indoor PIR, 1 keyfob included",2533.94,3674.21,45,Sensor Security,Alarm
DS-PWA96-KIT-WE_C,"Ax Pro wireless alarm kit  96-zone  1 door contact, 1 indoor PIR, 1 keyfob included",3549.74,5147.12,45,Sensor Security,Alarm
DS-PR1-WE_C,Ax Pro wireless repeater  Built-in battery for up to 35 hours backup,1135.2,1646.04,45,Sensor Security,Alarm
DS-PDCL12-EG2-WE_C,Wireless ceiling-mount PIR 12m/360°  1 CR123A battery included,487.1,706.29,45,Sensor Security,Alarm
DS-PDP15P-EG2-WE_C,Wireless indoor PIR  15m/85.9°  30KG pet-immunity  1 CR123A battery included  Excludes mounting bracket,539.57,782.38,45,Sensor Security,Alarm
DS-PDC15-EG2-WE_C,Wireless indoor curtain PIR  15m/85.9°  1 CR123A battery included  Excludes mounting bracket,581.73,843.51,45,Sensor Security,Alarm
DS-PDD12P-EG2-WE_C,Wireless indoor dual-tech PIR  15m/85.9°  30KG pet-immunity  PIR & Microwave detection  1 CR123A battery included  Excludes mounting bracket,905.71,1313.28,45,Sensor Security,Alarm
DS-PDPC12P-EG2-WE_C,Wireless indoor PIR-CAM detector  15m/85.9° 30KG pet-immunity  Up to 12m IR  3 CR123A batteries included  Excludes mounting bracket  Excludes mounting bracket,1428.57,2071.43,45,Sensor Security,Alarm
DS-PDPG12P-EG2-WE_C,Wireless indoor glass-break PIR  15m/85.9°  8m/120° glass-break coverage  Up to 30KG pet-immunity  1 CR123A battery included  Excludes mounting bracket,788.12,1142.77,45,Sensor Security,Alarm
DS-PDB-EX-SBKT,Mount bracket for  DS-PDP18-HM-WE dual PIR,75.94,110.11,45,Sensor Security,Alarm
DS-PDP18-HM-WE,Wireless outdoor dual-PIR 18m/90° x 2  24KG pet-immunity  2 CR123A batteries included  Excludes mounting bracket,1129.63,1637.96,45,Sensor Security,Alarm
DS-PDCM15PF-IR_C,Camera module for DS-PDTT15AM-LM-WE outdoor PIR  137° FOV  Up to 15m IR,1067.35,1547.66,45,Sensor Security,Alarm
DS-PDTT15AM-LM-WE,Wireless outdoor Tri-tech PIR  15m/90° PIR   Dual-PIR & Microwave detection  Up to 30KG pet-immunity  5 CR123A batteries included,1913.74,2774.92,45,Sensor Security,Alarm
DS-PDQP15AM-LM-WE,Wirelsss outdoor 180° PIR 15m/180° 40KG pet-immunity  5 CR123A batteries included,3182.21,4614.2,45,Sensor Security,Alarm
DS-PDC10DM-EG2-WE_C,Wireless dual-tech curtain PIR  10m range - Wall mount 5m range - Ceiling mount  PIR & Microwave detection  2 CR123A batteries included  Excludes mounting bracket,917.86,1330.9,45,Sensor Security,Alarm
DS-PDB-IN-UBKT2,Universal mount bracket for AX Pro indoor PIR,25.88,37.53,45,Sensor Security,Alarm
DS-PDMC-EG2-WE_C,Wireless indoor magnetic contact  2 wired inputs  43mm detection gap max  1 CR123A battery included,368.73,534.66,45,Sensor Security,Alarm
DS-PDMCS-EG2-WE_C,Wireless slim indoor magnetic contact  52mm detection gap max ** FOR INSTALLATION ON WOODEN FRAMES ONLY**,284.46,412.47,45,Sensor Security,Alarm
DS-PDMCX-E-WE_C,Wireless outdoor magnetic contact  76mm detection gap max  alarm input  1 CR123A battery included,536.92,778.53,45,Sensor Security,Alarm
DS-PDMCK-EG2-WE_C,Wireless indoor magnetic contact with tilt/shock detection  2 wired inputs  43mm detection gap max  1 CR123A battery included,457.4,663.23,45,Sensor Security,Alarm
DS-PDBG8-EG2-WE_C,Wireless indoor glass-break detector  8m/120°  adjustable distance  alarm input  2 CR123A batteries included,511.2,741.24,45,Sensor Security,Alarm
DS-PM1-I16O2-WE_C,Wireless multi-channel I/O transmitter 16 wired inputs 2 outputs 12VDC 1A output  Supports  8Ah Lead-acid/gel batteries,1403.46,2035.02,45,Sensor Security,Alarm
DS-PM1-O1L-WE_C,Wireless low-voltage relay  7-24VDC input  5A max output,359.07,520.65,45,Sensor Security,Alarm
DS-PM1-O1H-WE_C,Wireless high-voltage relay  100-240VAC input  13A max output,435.6,631.62,45,Sensor Security,Alarm
CR123A,3V 1 500 mAh Lithiuim CR123 battery,32.14,46.6,45,Sensor Security,Alarm
DS-PM1-I1-WE,Wireless 1ch input transmitter  3.3VDC output for 3rd party low-power wireless detector  1 alarm input  3 CR123A batteries included,391.46,567.62,45,Sensor Security,Alarm
DS-PWA-CABLE,Serial cable for connecting to RDS/FSK radios,40.48,58.7,45,Sensor Security,Alarm
DS-PS1-I-WE_C,Wireless indoor sounder  90-110dB output  Selectable tones for panic/intrusion/fire events  4 CR123A batteries included,571.64,828.88,45,Sensor Security,Alarm
DS-PS403I-WE,Wireless indoor intercom Sounder,1197.29,1736.07,45,Sensor Security,Alarm
DS-PS1-E-WE (RED)_C,Wireless outdoor sounder 110dB output  Selectable tones for panic/intrusion/fire events  4 CR123A batteries included,996.43,1444.82,45,Sensor Security,Alarm
DS-PK1-LT-WE,Wireless keypad with LCD screen,1184.89,1718.09,45,Sensor Security,Alarm
DS-PK1-E-WE_C,Wireless keypad  LED backlit keys,756.58,1097.04,45,Sensor Security,Alarm
DS-PKF1-WE_C,AX Pro keyfob,287.55,416.95,45,Sensor Security,Alarm
DS-PT1-WE_C,Wireless indoor Mifare tag reader arm/disarm/patrol function  3 AA batteries included,498.51,722.84,45,Sensor Security,Alarm
DS-PDEB1-EG2-WE(SINGLEBUTTON)_C,Wireless indoor panic button,257.64,373.58,45,Sensor Security,Alarm
DS-PDWL-E-WE_C,Wireless water leak detector,504.23,731.13,45,Sensor Security,Alarm
DS-PDSMK-S-WE_C,Wireless smoke detector 85dB buzzer,959.52,1391.3,45,Sensor Security,Alarm
DS-PDTPH-E-WE_C,Wireless temperature & humidity sensor -35°C to 90°C temperature range (Using included probe) 2.7 inch screen 2 AAA batteries included,606.48,879.4,45,Sensor Security,Alarm
DS-PM1-D_C,AX Pro 12VDC PSU board,218.82,317.29,45,Sensor Security,Alarm
DS-PT-M1,Hikvision Mifare tag,26.19,37.98,45,Sensor Security,Alarm
DS-PHA64-Kit-WE(B),"Hikvision Ax-Hybrid 64-zone alarm kit, includes PIR, door contact, keypad, remote - Excludes wireless module",2309.57,3348.88,45,Sensor Security,Alarm
DS-PHA64-LP,"64-zone panel, 8 on-board zones included expandable up to additional 56 wired/wireless zones, LAN/WiFi included - supports wireless expansion for AX-Pro wireless devices with DS-PM1-RT-HWE",1492.36,2163.92,45,Sensor Security,Alarm
DS-PHA48-EP_C,"48-zone panel, 8 on-board zones included expandable up to additional 40 wired/wireless zones, LAN/WiFi included - supports wireless expansion for AX-Pro wireless devices with DS-PM1-RT-HWE",1350.29,1957.92,45,Sensor Security,Alarm
DS-PDPC12P-EG2,"Hikvision wired PIRCAM, 12m, 30kg pet immunity",884.52,1282.55,45,Sensor Security,Alarm
DS-PDP18-EG2(O-STD),"Hikvision wired PIR, 18m, 15kg pet immunity up to 10m",105.12,152.42,45,Sensor Security,Alarm
DS-PDD12P-EG2,"Hikvision wired dual-tech PIR, 12m, 30kg pet immunity",259.86,376.8,45,Sensor Security,Alarm
DS-PDD15AM-EG2,"Hikvision wired dual-tech PIR, 12m, anti-masking",369.8,536.21,45,Sensor Security,Alarm
DS-PDCL12DT-EG2,Hikvision wired dual-tech 360-degree PIR,378.57,548.93,45,Sensor Security,Alarm
DS-PDC15-EG2,"Hikvision wired curtain PIR, 15m",121.43,176.07,45,Sensor Security,Alarm
DS-PDSMK-4BAR,Hikvision wired smoke-detector,233.33,338.33,45,Sensor Security,Alarm
DS-PDP18-HM,"Hikvision wired dual-PIR outdoor detector, 18m 90-degrees detection, high/low mount, 24kg pet-immunity",763.1,1106.49,45,Sensor Security,Alarm
DS-PDTT15AM-LM,"Hikvision wired triple-tech detector, 15m range, 90-180 degree adjustable, 40kg pet-immunity, anti-masking",1284.52,1862.55,45,Sensor Security,Alarm
DS-PDB-EX-SBKT,Mount bracket for  DS-PDP18-HM-WE dual PIR,75.94,110.11,45,Sensor Security,Alarm
DS-PT1001-O,Rainshield for DS-PDP18-HM,61.9,89.75,45,Sensor Security,Alarm
DS-PDB-EX-Shelter,Rainshield for DS-PDTT15AM-LM,30.95,44.88,45,Sensor Security,Alarm
DS-PK1-LRT-HWE,Wired keypad with LCD,828.57,1201.43,45,Sensor Security,Alarm
DS-PS1-R,Hikvision wired external sounder - red,195.24,283.1,45,Sensor Security,Alarm
SIR128,Siren/strobelight combo unit - Red,48.83,70.8,45,Sensor Security,Alarm
DS-PDB-IN-UBKT2,Universal mount bracket for AX Pro indoor PIR,25.88,37.53,45,Sensor Security,Alarm
DS-PM2-S,Hikvision 3G/4G module for Ax-Hybrid panels,1040.48,1508.7,45,Sensor Security,Alarm
ALHIKH13,Hikvision AX-Hybrid cable for RDC-FSK radios,29.76,43.15,45,Sensor Security,Alarm
CX-4CORE-STRANDED-CCA,4-core CCA comms cable,200.0,290.0,45,Sensor Security,Alarm
CX-6CORE-STRANDED-CCA,6-core CCA comms cable,261.9,379.75,45,Sensor Security,Alarm
CX-8CORE-STRANDED-CCA,8-core CCA comms cable,309.52,448.8,45,Sensor Security,Alarm
DS-KIS213,"Hikvision 4-wire HD analog intercom kit 720p HD video 3m IR 7"" indoor station 12VDC",1367.69,1983.15,45,Sensor Security,Intercom & AC
DS-KIS313-P,"Hikvision 4-wire Hybrid HD analog intercom kit 720p HD video 3m IR 7"" indoor station HikConnect support 12VDC",2272.61,3295.28,45,Sensor Security,Intercom & AC
DS-KH6352-WTDE6,4-Wire Hybrid HD Indoor Station monitor,1266.75,1836.79,45,Sensor Security,Intercom & AC
DS-KM9503_C,10-Inch IP intercom main station  Office reception/security office use  includes boom microphone & speaker  operator fingerprint authentication  12VDC/POE,10153.13,14722.04,45,Sensor Security,Intercom & AC
DS-KH6350-WTE1,7-Inch intercom monitor  WiFi  12VDC/POE,1833.71,2658.88,45,Sensor Security,Intercom & AC
DS-KABH6350-T,Desktop stand for DS-KH6350,212.08,307.52,45,Sensor Security,Intercom & AC
DS-KH9510-WTE1(B),10-Inch Android intercom monitor  WiFi  HikConnect built-in  Hikvision Ax-Pro management  3rd party app installation  12VDC/POE,3026.35,4388.21,45,Sensor Security,Intercom & AC
DS-KV6113-WPE1,Plastic IP video doorbell with WiFi  2MP  3m IR  4 input  1 relay output  Mifare tag reader  12VDC/POE,1512.57,2193.23,45,Sensor Security,Intercom & AC
DS-KB8113-IME1_C,Vandal-resistant IP video doorbell  2MP  3m IR 1 input  1 relay output  12VDC/POE,1360.93,1973.35,45,Sensor Security,Intercom & AC
DS-KV8113-WME1_C,1 Button IP video gatestation 2MP  3m IR  4 input  2 relay output  Mifare tag reader  WiFi  12VDC/POE,1965.46,2849.92,45,Sensor Security,Intercom & AC
DS-KV8213-WME1_C,2 Button IP video gatestation 2MP  3m IR  4 input  2 relay output  Mifare tag reader  WiFi  12VDC/POE,2123.14,3078.55,45,Sensor Security,Intercom & AC
DS-KV8413-WME1_C,4 Button IP video gatestation 2MP  3m IR  4 input  2 relay output  Mifare tag reader  WiFi  12VDC/POE,2162.39,3135.47,45,Sensor Security,Intercom & AC
DS-KIS604-S_C,"Hikvision IP Video Intercom Kit IP video intercom kit for villa or house, only one call button; DS-KV8113-WME1 x1; DS-KH6320-WTE1 x1; PSU x2(-P modle) x1 16GB TF card x1; POE switch(-S modle) x1",4274.05,6197.37,45,Sensor Security,Intercom & AC
DS-KV9503-WBE1(O-STD),"Hkvision facial recognition IP villa door station 4.3"" touchscreen, Face, card, pin & QR code authentication 12VDC/POE",3571.43,5178.57,45,Sensor Security,Intercom & AC
DS-KD8003-IME1/SURFACE(B),DS-KD8003 gatestation module with surface box  2MP  3m IR  4 input  2 relay output  12VDC/POE,2180.86,3162.25,45,Sensor Security,Intercom & AC
DS-KD8003-IME1/SURFACE(B),DS-KD8003 gatestation module with surface box  2MP  3m IR  4 input  2 relay output  12VDC/POE,2180.86,3162.25,45,Sensor Security,Intercom & AC
DS-KD8003-IME1_C,DS-KD8003 gatestation module  2MP  3m IR  4 input  2 relay output  12VDC/POE,1642.93,2382.25,45,Sensor Security,Intercom & AC
DS-KD-KK_C,DS-KD8003 6-button expansion module,489.51,709.79,45,Sensor Security,Intercom & AC
DS-KD-BK_C,DS-KD8003 blank plate module,242.42,351.51,45,Sensor Security,Intercom & AC
DS-KD-KP_C,DS-KD8003 keypad module  indoor station dialing  pin-code access control,1056.33,1531.68,45,Sensor Security,Intercom & AC
DS-KD-DIS_C,Display module for DS-KD8003 modular intercom,799.63,1159.46,45,Sensor Security,Intercom & AC
DS-KD-M_C,DS-KD8003 Mifare tag reader module,553.93,803.2,45,Sensor Security,Intercom & AC
DS-KD-ACW1_C,1 Module surface-box for DS-KD8003 modular intercom,552.05,800.47,45,Sensor Security,Intercom & AC
DS-KD-ACW2_C,2 Module surface-box for DS-KD8003 modular intercom,971.74,1409.02,45,Sensor Security,Intercom & AC
DS-KD-ACW3_C,3 Module surface-box for DS-KD8003 modular intercom,1565.81,2270.42,45,Sensor Security,Intercom & AC
DS-KABD8003-RS1,1 module rainshield for DS-KD8003 modular intercom,215.99,313.19,45,Sensor Security,Intercom & AC
DS-KABD8003-RS2,2 module rainshield for DS-KD8003 modular intercom,286.82,415.89,45,Sensor Security,Intercom & AC
DS-KABD8003-RS3,3 module rainshield for DS-KD8003 modular intercom,330.77,479.62,45,Sensor Security,Intercom & AC
DS-K1T801M,Standalone terminal 3000 Mifare tag capacity 12VDC,433.63,628.76,45,Sensor Security,Intercom & AC
DS-K1T804AMF_C,Indoor fingerprint T&A terminal  3000 fingerprint capacity  3000 card capacity  wiegand  4 input  1 relay output  WiFi  12VDC,1182.81,1715.07,45,Sensor Security,Intercom & AC
DS-K1T807MBFWX-E1,"Indoor fingerprint T&A terminal, 5000 fingerprint capacity, 5000 card capacity, 1 relay, WiFi, 12VDC/POE",1507.79,2186.3,45,Sensor Security,Intercom & AC
DS-K1T502DBFWX-C,IP65 Access control terminal 10 000 fingerprint capacity  100 000 card capacity  Pin pad  IP video intercom support  WiFi 12/24VDC,2838.1,4115.24,45,Sensor Security,Intercom & AC
DS-K1T805MBFWX,IP65 Access control terminal 3000 fingerprint capacity  10 000 card capacity  Pin pad  1 relay output  WiFi  12VDC,1511.51,2191.69,45,Sensor Security,Intercom & AC
DS-KAB502-S1,Protective shield for DS-K1T502 terminals,202.06,292.99,45,Sensor Security,Intercom & AC
DS-K1T341CMW,"4.3"" Face/Tags, 3000 faces, 3000 cards, 1 input, 1 relay output,  WiFi  12VDC",3056.37,4431.74,45,Sensor Security,Intercom & AC
DS-K1T341CMFW,"4.3"" Face/FP/Tag terminal 3000 faces  3000 Fingerprints 3000 cards 1 input  1 relay output  WiFi  12VDC",3628.26,5260.98,45,Sensor Security,Intercom & AC
DS-K1T342MWX-E1,"4.3"" Facial & Tag terminal1500 faces  3000 cards 1 input  1 relay output  WiFi  12VDC/POE",2732.81,3962.57,45,Sensor Security,Intercom & AC
DS-K1T342MFWX-E1,"4.3"" Facial/FP/Tag terminal1500 faces  3000 Fingerprints 3000 cards 1 input  1 relay output  WiFi  12VDC/POE",3171.95,4599.33,45,Sensor Security,Intercom & AC
DS-K1T673DWX(O-STD),7-Inch Face/Tag access terminal 10 000 face capacity 10 000 fingerprint capacity with optional module 50 000 card capacity 1 input  1 relay output 12/24VDC,5869.37,8510.59,45,Sensor Security,Intercom & AC
DS-KAB673-FB,Fingerprint & Bluetooth module for DS-K1T673DWX,895.1,1297.89,45,Sensor Security,Intercom & AC
DS-KAB673-P,Palm print & palm vein reader module for DS-K1T673DWX,2251.24,3264.3,45,Sensor Security,Intercom & AC
DS-KAB673-A,Alcohol detection module for DS-K1T673DWX,9538.38,13830.65,45,Sensor Security,Intercom & AC
DS-K2M062,Hikvision secure relay,196.79,285.35,45,Sensor Security,Intercom & AC
DS-KAB34X-S1,Plastic protective shroud for DS-K1T341 terminal,168.67,244.57,45,Sensor Security,Intercom & AC
DS-KAB6-W1,Wall bracket for MinMoe terminals with adjustable angle,251.62,364.85,45,Sensor Security,Intercom & AC
DS-KAB673-S1,Plastic protective cover for DS-K1T673 terminals,270.71,392.53,45,Sensor Security,Intercom & AC
HSE001,Stainless steel rainshield for DS-K1T341A/B series terminals,713.1,1033.99,45,Sensor Security,Intercom & AC
HSE002,Stainless steel rainshield for DS-K1T341 series,736.9,1068.5,45,Sensor Security,Intercom & AC
HGE002,Mild-steel rainshield for DS-K1T341A/B series terminals,651.51,944.69,45,Sensor Security,Intercom & AC
HSE003,Stainless steel rainshield for DS-K1T342 series terminals,784.52,1137.55,45,Sensor Security,Intercom & AC
DS-K2622X,"2-Door access controller, supports Wiegand & RS485 readers.",3232.14,4686.6,45,Sensor Security,Intercom & AC
DS-K2624X,"4-Door access controller, supports Wiegand & RS485 readers.",4033.33,5848.33,45,Sensor Security,Intercom & AC
DS-K1201AMF_C,Fingerprint/Mifare tag reader 5000 fingerprint capacity  RS485  Wiegand  IP65  12VDC,775.93,1125.1,45,Sensor Security,Intercom & AC
DS-K1107MK_C,Mifare tag reader RS485  Wiegand  IP65  12VDC,336.9,488.5,45,Sensor Security,Intercom & AC
DS-K1F820-F_C,USB Fingerprint enrolment reader,891.36,1292.47,45,Sensor Security,Intercom & AC
DS-K1F100-D8E_C,USB Mifare card enrolment reader,466.3,676.13,45,Sensor Security,Intercom & AC
DS-K1F600U-D6E-F(O-STD),Face/Fingerprint/Tag enrolment reader,3896.7,5650.21,45,Sensor Security,Intercom & AC
FM11RF08-M1,Mifare card,6.06,8.79,45,Sensor Security,Intercom & AC
DS-K7M102-M,Hikvision brand Mifare tag,12.43,18.02,45,Sensor Security,Intercom & AC
CX-MF01,Mifare card,7.5,10.88,45,Sensor Security,Intercom & AC
CX-MF02,MifareTag - Black,7.5,10.88,45,Sensor Security,Intercom & AC
DS-K4DC104,Hikvision medium duty door closer 1100mm opening width  60-85KG,404.95,587.18,45,Sensor Security,Intercom & AC
DS-K4DC105,Hikvision heavy duty door closer  1250mm opening width 80-120KG,428.51,621.34,45,Sensor Security,Intercom & AC
DS-K4H258S,Hikvision 280KG maglock with LED  12/24VDC,346.98,503.12,45,Sensor Security,Intercom & AC
DS-K4H258-LZ,ZL bracket for DS-K4H258S,193.68,280.84,45,Sensor Security,Intercom & AC
CX-280S,280KG monitored maglock,562.08,815.02,45,Sensor Security,Intercom & AC
CX-280ZL,ZL Bracket for CX-280,226.9,329.0,45,Sensor Security,Intercom & AC
CX-500S,600KG maglock - monitored,1100.0,1595.0,45,Sensor Security,Intercom & AC
CX-500ZL,ZL Bracket for CX-500S,362.5,525.62,45,Sensor Security,Intercom & AC
GS12035DC-UPS-PL,3A Plastic access control PSU  12VDC  12VDC  Supports up to 8Ah Lead-acid/gel batteries,400.01,580.01,45,Sensor Security,Intercom & AC
ZTP1203B,3A Access control PSU  12VDC  Metal housing with camlock  Supports up to 8Ah LiPo/Lead-acid/gel batteries,463.81,672.52,45,Sensor Security,Intercom & AC
ZTP1205B_C,5A Access control PSU  12VDC  Metal housing with camlock  Supports up to 18Ah LiPo/Lead-acid/gel batteries,585.71,849.28,45,Sensor Security,Intercom & AC
G-MAX7,7Ah Lead Acid battery,141.67,205.42,45,Sensor Security,Intercom & AC
G-MAX 8 GEL,8Ah Gel battery,208.33,302.08,45,Sensor Security,Intercom & AC
EPS1218 DC GEL,18Ah Gel battery,475.0,688.75,45,Sensor Security,Intercom & AC
LFP-XTREME 8,"Lithium Iron Phosphate(LiFePO4) Battery, 12.8V, 8ah, 102Wh - 6000 Cycles @ 80% DOD - Grade A1  FIRST LIFE Lithium Cells - 3 Year Warranty",472.38,684.95,45,Sensor Security,Intercom & AC
LFP-XTREME 20,"Lithium Iron Phosphate(LiFePO4) Battery, 12.8V, 20ah, 256Wh - 6000 Cycles @ 80% DOD - Grade A1  FIRST LIFE Lithium Cells - 3 Year Warranty",1065.48,1544.95,45,Sensor Security,Intercom & AC
CX-923B,Green resettable double pole break glass,160.71,233.03,45,Sensor Security,Intercom & AC
CX-924,Green resettable triple pole break glass with buzzer and LED,349.35,506.56,45,Sensor Security,Intercom & AC
CX-923A,Red resettable break glass,144.0,208.8,45,Sensor Security,Intercom & AC
CX-907,No Touch - Exit Sensor,141.67,205.42,45,Sensor Security,Intercom & AC
CX-860-28,Outdoor no-touch exit sensor,173.81,252.02,45,Sensor Security,Intercom & AC
CX-935,Surface box for CX-907 & CX-860-28,127.38,184.7,45,Sensor Security,Intercom & AC
CX-955B,Tempered glass no-touch exit sensor,206.64,299.63,45,Sensor Security,Intercom & AC
CX-933,Metal back box for CX-955B,126.19,182.98,45,Sensor Security,Intercom & AC
CX-903,Slimline flushmount aluminium push button,65.48,94.95,45,Sensor Security,Intercom & AC
CX-909,Surface mount aluminium push button – NONCCOM,125.0,181.25,45,Sensor Security,Intercom & AC
CX-DOORLOOP,Armoured door loop 7mm,101.19,146.73,45,Sensor Security,Intercom & AC
CX-MYLAR-0.22-100,MYLAR CABLE - 0.22 - 4 PAIR - 100M,928.57,1346.43,45,Sensor Security,Intercom & AC
HRN980-5-0-GB,"Impro Desk Mounted Tag Registration Reader. Use with Access Portal; USB, 125kHz or 13.56MHz",1512.73,2193.46,45,Sensor Security,IMPRO
HCM940-0-0-GB,Cluster controller with no LCD supplied in plastic housing,3185.95,4619.63,45,Sensor Security,IMPRO
HCM941-0-0-GB,Cluster controller supplied in plastic housing for use in IPS metal enclosure.,3118.75,4522.19,45,Sensor Security,IMPRO
HCA910-0-0-GB,Portal Linux OS application controller (Plastic Housing),10648.52,15440.35,45,Sensor Security,IMPRO
HCA930-0-0-GB,EC3 Portal Linux OS application controller (IPS Housing),11209.0,16253.05,45,Sensor Security,IMPRO
HCX930-0-0-GB-00,"IPS boxed solution includes cluster controller (No LCD), with one OSDP reader module (supports 2 readers). IPS box has space for 3 additional modules (I08 I/O modules or additional reader modules)",6559.52,9511.3,45,Sensor Security,IMPRO
HMX901-0-0-GB-00,Single OSDP reader module (supports 2 readers) for use with         HCX930-0-0-GB,2667.95,3868.53,45,Sensor Security,IMPRO
HCX910-0-0-GB-00,"Cluster controller (No LCD), with one OSDP reader module (supports 2 readers).",4697.12,6810.82,45,Sensor Security,IMPRO
HMX900-0-0-GB-00,Single OSDP\Wiegand reader module (supports 2 readers) for use with HCX910-0-0-GB,2779.14,4029.75,45,Sensor Security,IMPRO
IPS901-0-0-GB-00,IPS Integrated Power Supply (Switch Mode) in large metal enclosure,1863.31,2701.8,45,Sensor Security,IMPRO
HCD900-0-0-GB-00,iTRT2 Distributed Controller PC Board only,3362.87,4876.16,45,Sensor Security,IMPRO
HCD905-0-0-GB-00,iTRT2 Distributed Controller only in Plastic Enclosure (NO PSU),3696.0,5359.2,45,Sensor Security,IMPRO
HCD901-0-0-GB-00,iTRT2 Distributed Controller in metal box with intelligent power supply - Terminal Block,5235.29,7591.17,45,Sensor Security,IMPRO
HCD903-0-0-GB-00,iTRT2 Distributed Controller in metal box with intelligent PoE++ module,6058.82,8785.29,45,Sensor Security,IMPRO
HCD910-0-0-GB-00,"ITRT2 with Electronic Lock support, Plastic Module  (ASSA Abloy EL560 EL561 electronic locks only)",3701.18,5366.71,45,Sensor Security,IMPRO
HCD914-0-0-GB-00,ITRT2 with Electronic Lock support in metal box with legacy PSU  (ASSA Abloy EL560 EL561 electronic locks only),5477.65,7942.59,45,Sensor Security,IMPRO
PMR900-5-8-GB-00,Primo Nero - Mullion Mobile Capable Reader (Impro Key),1523.53,2209.12,45,Sensor Security,IMPRO
PMK900-5-8-GB-00,Primo Nero - Mullion Keypad Mobile Capable Reader (Impro Key),2111.76,3062.05,45,Sensor Security,IMPRO
PJR900-5-8-GB-00,Primo Nero - Junction Mobile Capable Reader (Impro Key),1700.0,2465.0,45,Sensor Security,IMPRO
PJK900-5-8-GB-00,Primo Nero - Junction Keypad Mobile Capable Reader (Impro Key),2288.24,3317.95,45,Sensor Security,IMPRO
PHR903-5-8-GB-00,"Primo Nero - Harsh Environment Reader, HID Mobile Enabled with 5 x 3yr HID Enterprise Mobile Credentials {(MID-SUB-T-103(IMPROMOB)} - Impro Keys",1876.47,2720.88,45,Sensor Security,IMPRO
PHR904-5-8-GB-00,"Primo Nero - Harsh Environment Reader, HID & STid Enabled, includes 5 of each credential types (10 credentials) - Impro Keys",4111.76,5962.05,45,Sensor Security,IMPRO
HRX915-4-8-GB-00              in stock,"MDR-SE Mobile Ready, Capable for future Mobile licensing, No Keys - OSDP",1411.76,2047.05,45,Sensor Security,IMPRO
ULT936-1-0-NN-00,Unlock License - Enable STid Mobile on MDR-SE Mobile Reader,1294.12,1876.47,45,Sensor Security,IMPRO
ULT937-1-0-NN-00,Unlock License - Enable STid Mobile on MDR-SE Mobile Reader,1294.12,1876.47,45,Sensor Security,IMPRO
HRX916-4-8-GB-00,MDR-SE Mobile STid Enabled with 5 x Perpetual Mobile Credentials -  Impro Keys - OSDP,2352.94,3411.76,45,Sensor Security,IMPRO
HRX917-4-8-GB-00,MDR-SE Mobile HID Enabled with 5 x 3 year Enterprise Mobile Credential Licenses - Impro Keys  - OSDP,2352.94,3411.76,45,Sensor Security,IMPRO
HRX918-4-8-GB-00,MDR-SE Mobile STid & HID Enabled with 5 credentials of each type - Impro Keys  - OSDP,3529.41,5117.64,45,Sensor Security,IMPRO
CREDIT-BLE-ONLINE-IMPRO-STid,STid - Mobile Credential - for use with Impro MDR-SE Mobile standard key readers & STid Mobile Credits - Impro,70.59,102.36,45,Sensor Security,IMPRO
MID-SUB-T103,Enterprise Mobile Credential - Subscription based MOQ20  New Customer - 3yr subscription,74.44,107.94,45,Sensor Security,IMPRO
MID-SUB-T103-ADD,Enterprise Mobile Credential - Subscription based MOQ20  Existing Customer adding more credentials,74.44,107.94,45,Sensor Security,IMPRO
HRW910-5-8-GB-00 Promo price,"MDR-SE Wiegand - MULTI-DISCIPLINE READER WITH SEOS, 13.56MHZ, 125KHZ, WIEGAND",1053.18,1527.11,45,Sensor Security,IMPRO
HRW910-5-8-GB-00 Standard price,"MDR-SE Wiegand - MULTI-DISCIPLINE READER WITH SEOS, 13.56MHZ, 125KHZ, WIEGAND",1660.7,2408.01,45,Sensor Security,IMPRO
HRW911-5-8-GB-00         Promo price,"MDR-SE OSDP - MULTI-DISCIPLINE READER WITH SEOS, 13.56MHZ, 125KHZ, OSDP",1053.18,1527.11,45,Sensor Security,IMPRO
HRW911-5-8-GB-00        Standard price,"MDR-SE OSDP - MULTI-DISCIPLINE READER WITH SEOS, 13.56MHZ, 125KHZ, OSDP",1884.89,2733.09,45,Sensor Security,IMPRO
HRW900-5-0-GB                  Recommend in stock,Impro Non-keypad Multi-discipline Reader (MDR) with Buzzer. Tri-coloured LED and 10 way terminal block for easy installation,1344.64,1949.73,45,Sensor Security,IMPRO
HRW902-5-0-GB,Impro Non-keypad Multi-discipline Reader (MDR) with Buzzer. Tri-coloured LED and Second edition with pigtail,1512.64,2193.33,45,Sensor Security,IMPRO
HRW901-5-0-GB,Impro 12-Digit Multi-discipline Keypad Reader (MDK) with Buzzer. Tri-coloured LED and 10 way terminal block for easy installation,1428.64,2071.53,45,Sensor Security,IMPRO
HRW903-5-0-GB,"Impro MDK Multi-Discipline Reader, 125kHz & 13.56MHZ Reader, Wiegand Interface, Second Edition with Pigtail IP65",1680.64,2436.93,45,Sensor Security,IMPRO
HRN900-5-0-GB-02,"MJR: Impro non-keypad multi-discipline junction box reader (MJR) with buzzer, ABS enclosure and tri-coloured LED IP54",1596.95,2315.58,45,Sensor Security,IMPRO
HRK901-5-0-GB-02,"MJK: Impro 12-digit multi-discipline junction box keypad reader (MJK) with buzzer, ABS enclosure, tri-coloured LED and backlighting IP54",1961.06,2843.54,45,Sensor Security,IMPRO
HRT900-5-0-GB-01,"MDTA: Impro multi-discipline time and attendance reader (MDTA) RS485 only. Supports both 125kHz & 13.56MHz, card and pin authentication. No relays/inputs (MOQ 15)",3053.99,4428.29,45,Sensor Security,IMPRO
HRB901-5-0-GB,"Impro Multi-discipline Biometric Time & Attendance Reader (BMTA) RS485 & TCP/IP. Supports both 125kHz & 13.56MHz, finger, card and pin authentication; No relays/inputs (Requires HSP920 for door control)",6725.02,9751.28,45,Sensor Security,IMPRO
HSP920-0-0-GB,Impro S-Bus relay box (for use with BMTA only) with one relay and two digital inputs,840.02,1218.03,45,Sensor Security,IMPRO
GRB909-0-0-GB,Impro NIT901 / 1101-04-USB01-01 Hamster II USB Enrolment Reader,2220.47,3219.68,45,Sensor Security,IMPRO
HMO900-0-0-GB,Impro Single I/O-8 Module. 8 inputs and 8 relays; Use with a plastic housing cluster controller,2521.59,3656.31,45,Sensor Security,IMPRO
HMO901-0-0-GB,Impro Single IO-8 Module 8 Inputs & 8 Relays; Use with a cluster controller in an IPS box,2353.45,3412.5,45,Sensor Security,IMPRO
HRR900-0-1-GB,Impro 433MHz RF Receiver with Built-in Antenna and Buzzer; Compatible with Wiegand cluster controllers,1120.4,1624.58,45,Sensor Security,IMPRO
HRD901-5-0-GB,Impro Tag Retention Reader. Full height stainless steel housing; Powder coated white; 2 Relays and 4 digital inputs (Unit must be mounted on a vertical surface),19055.7,27630.76,45,Sensor Security,IMPRO
HRD900-5-0-GB,"Impro Tag retention reader, internal mechanism only, RS485 and TCP/IP, stainless steel powder coated frame, with 2 relays and 4 digital inputs",9527.57,13814.98,45,Sensor Security,IMPRO
IDFACE/FP/M-IMPRO,"iDFace Access Controller  Face & RFID Mifare IP65 3.5” touchscreen display TCP/IP, USB, Wi-Fi* and Bluetooth* connectivity  - Identification of up to 3000 faces with face liveness detection*
*Integrated - incl. Unlock Token",5322.8,7718.06,45,Sensor Security,IMPRO
LIC/IDFACE/PRO-CID,Upgrade iDFace Lite to iDFace Pro (Increases to 10000 faces + SIP intercom),2304.44,3341.44,45,Sensor Security,IMPRO
LIC/IDFACE/15K-CID,Upgrade iDFace Lite to iDFace Pro (Increases to 15000 faces + SIP intercom),3226.21,4678.0,45,Sensor Security,IMPRO
LIC/IDFACE/30K-CID,Upgrade iDFace Lite to iDFace Pro (Increases to 30000 faces + SIP intercom),5530.65,8019.44,45,Sensor Security,IMPRO
iDUHF-IMPRO,"IDUHF Long Range UHF Reader - Reading and authentication of tags on the device, Controls motor drive board, Embedded software and TCP/IP communication, Up to 200.000 registered users, IP65 Protection, Reading distance up to 15 mts",15639.18,22676.81,45,Sensor Security,IMPRO
RFID/TAG/UHF-CID,iDUHF Tags,16.41,23.79,45,Sensor Security,IMPRO
INT/SECBOXV2-CID,Security I/O Module (SECBOXV2) for all access equipment,712.89,1033.69,45,Sensor Security,IMPRO
INT/KITZIP/IDFACE-CID,Cable kit for iDFace,181.81,263.62,45,Sensor Security,IMPRO
IDFACE/PLA/SUP-CID,"Plastic part (ABS) for Facial Access
Controller - Wall Mount",352.28,510.81,45,Sensor Security,IMPRO
INT/KITZIP/IDUHF-CID,Cable and connector kit for IDUHF,640.5,928.73,45,Sensor Security,IMPRO
MAN/UHF/SUPORTE-CID,"Set of metal accessories for iDUHF containing
all mounting brackets and screws",5857.26,8493.03,45,Sensor Security,IMPRO
ULT919-1-0-NN-00,UNLOCK TOKEN FOR HIKVISION PRO SERIES FACIAL READER LICENSE FOR ACCESS PORTAL-Consult with your sales representative for details on supported models,2873.24,4166.2,45,Sensor Security,IMPRO
ULT920-1-0-NN-00,UNLOCK TOKEN FOR HIKVISION ULTRA SERIES FACIAL READER LICENSE FOR ACCESS PORTAL-Consult with your sales representative for details on supported models,3967.76,5753.25,45,Sensor Security,IMPRO
MS-LPR-CAM,Hikvision Integration License per camera LPR Synch by Maverick,1794.12,2601.47,45,Sensor Security,IMPRO
MRB929-0-0-GB,MSO 330 (includes SWQ/MorphoPak LIC) VERIF,8025.44,11636.89,45,Sensor Security,IMPRO
MRB918-0-0-GB,"Morpho Access Sigma Lite Bio IP65* (Ident 500 persons),  (extendable to 20 000) 12VDC/PoE  INCLUDES IMPRO UNLOCK",8726.64,12653.63,45,Sensor Security,IMPRO
MRB921-0-0-GB,"Morpho Access Sigma Lite Multi IP65* (500 persons)  (extendable to 20 000) Ident with Mifare/Desfire Card Reader, 12VDC/PoE  INCLUDES IMPRO UNLOCK",9695.5,14058.48,45,Sensor Security,IMPRO
MRB925-0-0-GB,"Morpho Access Sigma Lite Plus with display IP65* (500 persons)  (extendable to 20 000) Ident with Mifare/Desfire Card Reader, 12VDC/PoE  INCLUDES IMPRO UNLOCK",12005.19,17407.53,45,Sensor Security,IMPRO
MRB907-0-0-GB,"Morpho Access Sigma Multi (5000 persons)  (extendable to 100 000)  Ident with Mifare/Desfire Card Reader, 12VDC/PoE  INCLUDES IMPRO UNLOCK",15996.54,23194.98,45,Sensor Security,IMPRO
HTB902-0-0-GB-00,"Impro EABR, IMPRO BIOMETRIC READER TERMINAL WITH THE CBM V3 MODULE AND THE HID SAM for use with Access Portal and Primo",25534.82,37025.49,45,Sensor Security,IMPRO
HTB903-0-0-GB-00,"Impro EABR, IMPRO BIOMETRIC READER TERMINAL WITH THE CBM V3 MODULE AND THE NXP SAM for use with Access Portal and Primo",25534.82,37025.49,45,Sensor Security,IMPRO
HCB911-5-0-GB-03            several OEM models available,Impro OEM EABR with HID iClass & Mifare Read/Write; Morpho CBM-E3 Module; with XSR S-Bus relay - for use with X-Time,19756.18,28646.46,45,Sensor Security,IMPRO
MRB952-0-0-GB,"MorphoWave Compact SP MD (Mifare & Desfire) 10k users not extendable, IP65   INCLUDES IMPRO UNLOCK",40477.51,58692.39,45,Sensor Security,IMPRO
293809715-IMPRO,MorphoWave Compact XP2 MD (Mifare & Desfire) - INCLUDES IMPRO UNLOCK,72946.37,105772.24,45,Sensor Security,IMPRO
MRB948-0-0-GB-00,"Idemia VisionPass MD face reader (Mifare & Desfire)  20 000 users standard  (extendable to 40 000 and 100 000), IP65   INCLUDES IMPRO UNLOCK",55666.09,80715.83,45,Sensor Security,IMPRO
MRB957-0-0-GB-00,"VisionPass SP MD, 2D Stereovision System with Mifare Desfire reader (Ident 1:10 000 persons) (extendable to 50 000)   INCLUDES IMPRO UNLOCK",25930.74,37599.57,45,Sensor Security,IMPRO
MLI924-0-0-GB-00,"MorphoSigma Lite upgrade (3,000)",1279.61,1855.43,45,Sensor Security,IMPRO
MLI901-0-0-GB-00,"MorphoSigma upgrade (10,000)",1655.12,2399.92,45,Sensor Security,IMPRO
293729628-IDEMIA,Sigma Extension Upgrade (20k) for Lite/Lite+ only,2257.86,3273.9,45,Sensor Security,IMPRO
MLI902-0-0-GB-00,"MorphoSigma upgrade (50,000)",3461.72,5019.49,45,Sensor Security,IMPRO
MLI903-0-0-GB-00,"MorphoSigma upgrade (100,000)",6849.32,9931.51,45,Sensor Security,IMPRO
293679290,MorphoWave Upgrade 20k to 40k,12191.78,17678.08,45,Sensor Security,IMPRO
293762855,MorphoWave Upgrade 40k to 100k,24535.05,35575.82,45,Sensor Security,IMPRO
293762264,VisionPass Extension Upgrade (40k),4665.59,6765.11,45,Sensor Security,IMPRO
293815271-IDEMIA,VisionPass SP Extension Upgrade (50k),4741.34,6874.94,45,Sensor Security,IMPRO
293794774,VisionPass Extension Upgrade (100k)  VP MD only,9332.8,13532.56,45,Sensor Security,IMPRO
293678615,SIGMA Lite Series IP65* (Ident 1:500 persons) Fingerprint only (extendable to 20 000),7254.42,10518.91,45,Sensor Security,IMPRO
293678636,SIGMA Lite IP65* (Ident 1:500 persons) with Mifare/Desfire Card Reader  (extendable to 20 000),8059.83,11686.75,45,Sensor Security,IMPRO
293678660,SIGMA Lite with display IP65* (Ident 1:500 persons) with Mifare/Desfire Card Reader  (extendable to 20 000),9979.86,14470.8,45,Sensor Security,IMPRO
293638877,SIGMA Wide IP65* (Ident 1:5000 persons) with Mifare/Desfire Card Reader  (extendable to 100 000),13297.86,19281.9,45,Sensor Security,IMPRO
293777400,MorphoWave SP Terminal (Ident 1:10 000 persons not extendable) with Mifare/Desfire Cards Reader,33648.78,48790.73,45,Sensor Security,IMPRO
293809715-IDEMIA,MorphoWave Compact XP2 MD (Mifare & Desfire),60640.01,87928.01,45,Sensor Security,IMPRO
293744571,"VisionPass 2D + IR + 3D Facial Recognition Terminal (Ident 1:20 000 persons) with Mifare/Desfire Card Reader  (extendable to 40 000 and 100 000), IP65",48197.9,69886.96,45,Sensor Security,IMPRO
293803151,"VisionPass SP MD,  2D Stereovision System with Mifare Desfire reader  (Ident 1:10 000 persons) (extendable to 50 000)",21555.96,31256.14,45,Sensor Security,IMPRO
SIGMA Lite Mounting Bracket,Stainless steel mounting/installation bracket for the SIGMA Lite (Indoor),461.42,669.06,45,Sensor Security,IMPRO
SIGMA Lite Complete Cover,Stainless steel ruggedised mounting bracket plus cover for the SIGMA Lite (Outdoor),675.87,980.01,45,Sensor Security,IMPRO
SIGMA Wide Mounting Bracket,Stainless steel mounting/installation bracket for the SIGMA Wide (Indoor),607.98,881.57,45,Sensor Security,IMPRO
SIGMA Wide Complete Cover,Stainless steel ruggedised mounting bracket plus cover for the SIGMA Wide (Outdoor),826.88,1198.98,45,Sensor Security,IMPRO
MW Mounting Bracket,Stainless steel mounting/installation bracket for the MorphoWave SP and XP (Indoor),1569.51,2275.79,45,Sensor Security,IMPRO
MW Mounting Bracket Black,Black powdercoated steel mounting/installation bracket for the MorphoWave SP and XP (Indoor),660.75,958.09,45,Sensor Security,IMPRO
MW Complete Cover,Stainless steel ruggedised mounting bracket plus cover for the MorphoWave SP and XP (Outdoor),1800.77,2611.12,45,Sensor Security,IMPRO
MW Pedestal,Black powdercoated pedestal with base for the MorphoWave SP and XP (indoor),2339.95,3392.93,45,Sensor Security,IMPRO
MW Tower,Stainless steel ruggedised mounting pedestal and cover for the MorphoWave SP and XP (Outdoor),4870.95,7062.88,45,Sensor Security,IMPRO
MW Tower Adjustable,Adjustable stainless steel ruggedised mounting pedestal and cover for the MorphoWave SP and XP (Outdoor),5491.63,7962.86,45,Sensor Security,IMPRO
MW Sunshield,Stainless steel sunshield cover for the MorphoWave Cover used with the SP and XP (Outdoor),588.65,853.54,45,Sensor Security,IMPRO
MW Visor,Idemia Visor cover for the MorphoWave SP and XP (Outdoor),966.64,1401.63,45,Sensor Security,IMPRO
MPB904-0-0-GB,Wiegand isolator,1086.15,1574.92,45,Sensor Security,IMPRO
MPB907-0-0-GB,SurgeTek protector (C00246 - Single or C00243 - Double),1847.2,2678.44,45,Sensor Security,IMPRO
293792600,SIGMA Biometric Sensor Cover (x10),1139.35,1652.06,45,Sensor Security,IMPRO
293757482,MWC - Visor,938.31,1360.55,45,Sensor Security,IMPRO
293734575,MWC - Wall Spacer\Mounting Back Plate,2747.49,3983.86,45,Sensor Security,IMPRO
293759994,MWC - Pedestal Only,16615.49,24092.46,45,Sensor Security,IMPRO
293760004,MWC - Pedestal Base Only,2680.06,3886.09,45,Sensor Security,IMPRO
293799935-IDEMIA,MSO 1300 E4 2m - USB Type A,1966.61,2851.58,45,Sensor Security,IMPRO
293812840-IDEMIA,MSO 1300 E4 2m - USB Type C,1966.61,2851.58,45,Sensor Security,IMPRO
MRB929-0-0-GB,MSO 330 (includes SWQ/MorphoPak LIC) VERIF,8025.44,11636.89,45,Sensor Security,IMPRO
MRB927-0-0-GB-00,"MSO 330 all-in-one enrollment, authentication and identification unit, with a large internal database capacity of up to 5,000 users.  (No VERIF license)",7414.73,10751.36,45,Sensor Security,IMPRO
Verif (Embedded),Embedded Software Fingerprint Verification licence for MSO330 (1:1) (License only),1641.18,2379.71,45,Sensor Security,IMPRO
9234195-NEDAP,"uPASS Go - UHF RFID Long Range Reader using passive technology for vehicle identification based on UHF tags. Read range is up to 10 meter.
Including mounting bracket",31628.68,45861.59,45,Sensor Security,IMPRO
9567658-NEDAP,uPASS Go Weather Protection Hood,2055.62,2980.65,45,Sensor Security,IMPRO
9567593-NEDAP,uPASS Go - Mount Set Extension,3333.21,4833.15,45,Sensor Security,IMPRO
NTU900-0-0-NN,"UHF Windshield Tag with Impro Branding, 1-499 units",68.71,99.63,45,Sensor Security,IMPRO
NTU900-0-0-NN,"UHF Windshield Tag with Impro Branding, 500-999 units",66.06,95.79,45,Sensor Security,IMPRO
NTU900-0-0-NN,"UHF Windshield Tag with Impro Branding, 1000+ units",64.41,93.39,45,Sensor Security,IMPRO
TKX900-1-0-NN,Impro Key Ring Tag. Omega - medium grey,21.42,31.06,45,Sensor Security,IMPRO
TKR900-1-0-NN,Impro Rectangular Key Ring Tag 125khz,25.41,36.84,45,Sensor Security,IMPRO
TKR901-1-0-NN,"Impro Rectangular keyring tag, Mifare 13.56MHz",39.35,57.06,45,Sensor Security,IMPRO
TLR900-1-0-NN,Impro Semi Slim Long Range ISO Tag,22.74,32.97,45,Sensor Security,IMPRO
TRK900-1-1-GB,"Impro Four Button Transmitter. FSK, 433.92MHz and 125kHz; Designed to work in an indoor or outdoor environment similar to IP55, the Impro QT is water resistant (Price break apply >250 units)",320.86,465.25,45,Sensor Security,IMPRO
TMC911-4-0-NN,"NXP Mifare 4k Card, ISO tag without mag stripe, Mifare (13.56MHz)",68.09,98.73,45,Sensor Security,IMPRO
5109-4,"5109-4 - Prox - MIFARE 1K (4 UID), Guaranteed Genuine Mifare 13.56mhz",23.35,33.86,45,Sensor Security,IMPRO
FM11RF08-M1,Mifare Card from Hikvision 13.56mhz,11.0,15.95,45,Sensor Security,IMPRO
CX-MF01,Mifare card,9.12,13.22,45,Sensor Security,IMPRO
TOC912-1-0-NN,"Credit card ISO print quality, 125khz Prox 12 month guarantee",16.59,24.06,45,Sensor Security,IMPRO
TOC913-1-0-NN,"Credit Card ISO, 125khz Prox 6 month guarantee",11.75,17.04,45,Sensor Security,IMPRO
TMC914-4-0-NN-00,"ISO PVC CARD Dual Frequency - 13,56MHz NXP Mifare 1k & 125kHz EM4200",52.29,75.82,45,Sensor Security,IMPRO
"1 Site
200 Credentials
10 Doors
200 Credential holders","Primo v2025 Software,                                                                                                                         System: 1 Site, 200 Credentials, 10 Doors, 200 Credential holders",3235.29,4691.17,45,Sensor Security,IMPRO
"2 Sites
500 Credentials
20 Doors
500 Credential holders","Primo v2025 Software,                                                                                                                         System: 2 Sites, 500 Credentials, 20 Doors, 500 Credential holders                                                            Per Site: 500 Credentials, 20 Doors, 500 Credential holders",5176.47,7505.88,45,Sensor Security,IMPRO
"5 Sites
1k Credentials
30 Doors
1k Credential holders","Primo v2025 Software,                                                                                                                         System: 5 Sites, 1k Credentials, 30 Doors, 1k Credential holders                                                            Per Site: 1k Credentials, 30 Doors, 1k Credential holders",7764.71,11258.83,45,Sensor Security,IMPRO
"10 Sites
2k Credentials
50 Doors
2k Credential holders","Primo v2025 Software,                                                                                                                         System: 10 Sites, 2k Credentials, 50 Doors, 2k Credential holders                                                            Per Site: 2k Credentials, 50 Doors, 2k Credential holders",8735.29,12666.17,45,Sensor Security,IMPRO
"25 Sites
5k Credentials
100 Doors
5k Credential holders","Primo v2025 Software,                                                                                                                         System: 25 Sites, 5k Credentials, 100 Doors, 5k Credential holders                                                            Per Site: 5k Credentials, 100 Doors, 5k Credential holders",9705.88,14073.53,45,Sensor Security,IMPRO
"25 Sites
250k Credentials
200 Doors
125k Credential holders","Primo v2025 Software,                                                                                                                         System: 25 Sites, 250k Credentials, 200 Doors, 125k Credential holders                                                            Per Site: 10k Credentials, 200 Doors, 10k Credential holders",11323.53,16419.12,45,Sensor Security,IMPRO
"250 Sites
250k Credentials
500 Doors
125k Credential holders","Primo v2025 Software,                                                                                                                     System: 250 Sites, 250k Credentials, 500 Doors, 125k Credential holders                                            Per Site: *10k/35k Credentials, 500 Doors, *10k/35k Credential holders
*Controller dependent",28794.12,41751.47,45,Sensor Security,IMPRO
"250 Sites
250k Credentials
1000 Doors
250k Credential holders","250 Sites
250k Credentials
1000 Doors
250k Credential holders",46264.71,67083.83,45,Sensor Security,IMPRO
"250 Sites
250k Credentials
1500 Doors
250k Credential holders","250 Sites
250k Credentials
1500 Doors
250k Credential holders",63897.06,92650.74,45,Sensor Security,IMPRO
"250 Sites
250k Credentials
2000 Doors
250k Credential holders","250 Sites
250k Credentials
2000 Doors
250k Credential holders",80882.35,117279.41,45,Sensor Security,IMPRO
"250 Sites
250k Credentials
2500 Doors
250k Credential holders","250 Sites
250k Credentials
2500 Doors
250k Credential holders",98352.94,142611.76,45,Sensor Security,IMPRO
"250 Sites
500k Credentials
5000 Doors
500k Credential holders","250 Sites
500k Credentials
5000 Doors
500k Credential holders",129411.76,187647.05,45,Sensor Security,IMPRO
"250 Sites
1M Credentials
10000 Doors
1M Credential holders","Primo v2025 Software,                                                                                                                         System: 250 Sites, 1M Credentials, 10k Doors, 1M Credential holders                                                                  Per Site: *10k/1M Credentials, 10k Doors, *10k/1M Credential holders
*Controller dependent",181176.47,262705.88,45,Sensor Security,IMPRO
"1 Site
200 Credentials
10 Doors
200 Credential holders","Primo v2025.2 Software,                                                                                                                         System: 1 Site, 200 Credentials, 10 Doors, 200 Credential holders",2156.86,3127.45,45,Sensor Security,IMPRO
"2 Sites
500 Credentials
20 Doors
500 Credential holders","Primo v2025.2 Software,                                                                                                                         System: 2 Sites, 500 Credentials, 20 Doors, 500 Credential holders                                                            Per Site: 500 Credentials, 20 Doors, 500 Credential holders",3450.98,5003.92,45,Sensor Security,IMPRO
"5 Sites
1k Credentials
30 Doors
1k Credential holders","Primo v2025.2 Software,                                                                                                                         System: 5 Sites, 1k Credentials, 30 Doors, 1k Credential holders                                                            Per Site: 1k Credentials, 30 Doors, 1k Credential holders",5176.47,7505.88,45,Sensor Security,IMPRO
"1 Site
200 Credentials
10 Doors
200 Credential holders",\,2156.86,3127.45,45,Sensor Security,IMPRO
"2 Sites
500 Credentials
20 Doors
500 Credential holders","Primo v2025.2 Software,                                                                                                                         System: 2 Sites, 500 Credentials, 20 Doors, 500 Credential holders                                                            Per Site: 500 Credentials, 20 Doors, 500 Credential holders",3450.98,5003.92,45,Sensor Security,IMPRO
"5 Sites
1k Credentials
30 Doors
1k Credential holders","Primo v2025.2 Software,                                                                                                                         System: 5 Sites, 1k Credentials, 30 Doors, 1k Credential holders                                                            Per Site: 1k Credentials, 30 Doors, 1k Credential holders",5176.47,7505.88,45,Sensor Security,IMPRO
SS-21,IXP220\400 Database Conversion to Primo,5882.35,8529.41,45,Sensor Security,IMPRO
SS-03,Off-site database repair (per hour) - Remove tags not used/visitors/suspended - 6/12 months,1117.65,1620.59,45,Sensor Security,IMPRO
SS-22,Access Portal to Primo Database Conversion,5882.35,8529.41,45,Sensor Security,IMPRO
IXPUP905,"Primo v2025.X Software,                                                                                                                         System: 1 Site, 200 Credentials, 10 Doors, 200 Credential holders",1294.12,1876.47,45,Sensor Security,IMPRO
IXPUP910,"Primo v2025.X Software,                                                                                                                         System: 2 Sites, 500 Credentials, 20 Doors, 500 Credential holders                                                            Per Site: 500 Credentials, 20 Doors, 500 Credential holders",2070.59,3002.36,45,Sensor Security,IMPRO
IXPUP915,"Primo v2025.X Software,                                                                                                                         System: 5 Sites, 1k Credentials, 30 Doors, 1k Credential holders                                                            Per Site: 1k Credentials, 30 Doors, 1k Credential holders",3105.88,4503.53,45,Sensor Security,IMPRO
IXPUP920,"Primo v2025.X Software,                                                                                                                         System: 10 Sites, 2k Credentials, 50 Doors, 2k Credential holders                                                            Per Site: 2k Credentials, 50 Doors, 2k Credential holders",3494.12,5066.47,45,Sensor Security,IMPRO
IXPUP930,"Primo v2025.X Software,                                                                                                                         System: 25 Sites, 5k Credentials, 100 Doors, 5k Credential holders                                                            Per Site: 5k Credentials, 100 Doors, 5k Credential holders",3882.35,5629.41,45,Sensor Security,IMPRO
IXPUP935,"Primo v2025.X Software,                                                                                                                         System: 25 Sites, 250k Credentials, 200 Doors, 125k Credential holders                                                            Per Site: 10k Credentials, 200 Doors, 10k Credential holders",4529.41,6567.64,45,Sensor Security,IMPRO
SLP935,"Portal Software                                                                                                                                   System: 25 Sites, 250k Credentials, 200 Doors, 125k Credential holders                                                    Per Site: 10k Credentials, 200 Doors, 5k Credential holders",11323.53,16419.12,45,Sensor Security,IMPRO
SLPU940,Upgrade SLP935 to SLP940,17470.59,25332.36,45,Sensor Security,IMPRO
SLP940,"Portal Software                                                                                                                                   System: 250 Sites, 250k Credentials, 500 Doors, 125k Credential holders                                                    Per Site: *10k/35k Credentials, 500 Doors, *10k/35k Credential holders
*Controller dependent",28794.12,41751.47,45,Sensor Security,IMPRO
SLPU945,Upgrade SLP940 to sLP945,17470.59,25332.36,45,Sensor Security,IMPRO
SLP945,"Portal Software                                                                                                                                   System: 250 Sites, 250k Credentials, 1k Doors, 250k Credential holders                                                    Per Site: *10k/50k Credentials, 1k Doors, *10k/50k Credential holders
*Controller dependent",46264.71,67083.83,45,Sensor Security,IMPRO
SLPU950,Upgrade SLP945 to SLP950,17632.35,25566.91,45,Sensor Security,IMPRO
SLP950,"Portal Software                                                                                                                                   System: 250 Sites, 250k Credentials, 1500 Doors, 250k Credential holders                                                    Per Site: *10k/75k Credentials, 1500 Doors, *10k/75k Credential holders
*Controller dependent",63897.06,92650.74,45,Sensor Security,IMPRO
SLPU955,Upgrade SLP950 to SLP955,16985.29,24628.67,45,Sensor Security,IMPRO
SLP955,"Portal Software                                                                                                                                   System: 250 Sites, 250k Credentials, 2k Doors, 250k Credential holders                                                    Per Site: *10k/100k Credentials, 2k Doors, *10k/100k Credential holders
*Controller dependent",80882.35,117279.41,45,Sensor Security,IMPRO
SLPU960,Upgrade SLP955 to SLP960,17470.59,25332.36,45,Sensor Security,IMPRO
SLP960,"Portal Software                                                                                                                                   System: 250 Sites, 250k Credentials, 2500 Doors, 250k Credential holders                                                    Per Site: *10k/250k Credentials, 2500 Doors, *10k/250k Credential holders
*Controller dependent",98352.94,142611.76,45,Sensor Security,IMPRO
SLPU965,Upgrade SLP960 to SLPU965,31058.82,45035.29,45,Sensor Security,IMPRO
SLP965,"Portal Software                                                                                                                                   System: 250 Sites, 500k Credentials, 5k Doors, 500k Credential holders                                                    Per Site: *10k/500k Credentials, 5k Doors, *10k/500k Credential holders
*Controller dependent",129411.76,187647.05,45,Sensor Security,IMPRO
SLPU970,Upgrade SLP965 to SLP970,51764.71,75058.83,45,Sensor Security,IMPRO
SLP970,"Portal Software                                                                                                                                   System: 250 Sites, 1M Credentials, 10k Doors, 1M Credential holders                                                    Per Site: *10k/1M Credentials, 10k Doors, *10k/1M Credential holders
*Controller dependent",181176.47,262705.88,45,Sensor Security,IMPRO
APU935,"Portal v6.1.X Software                                                                                                                                   System: 25 Sites, 250k Credentials, 200 Doors, 125k Credential holders                                                    Per Site: 10k Credentials, 200 Doors, 5k Credential holders",3736.76,5418.3,45,Sensor Security,IMPRO
APU941,"Portal v56.1X Software                                                                                                                                   System: 250 Sites, 250k Credentials, 500 Doors, 125k Credential holders                                                    Per Site: *10k/35k Credentials, 500 Doors, *10k/35k Credential holders
*Controller dependent",3736.76,5418.3,45,Sensor Security,IMPRO
APU946,APU946,3736.76,5418.3,45,Sensor Security,IMPRO
APU951,APU951,3736.76,5418.3,45,Sensor Security,IMPRO
APU956,APU956,3736.76,5418.3,45,Sensor Security,IMPRO
SS-08,IXP400 to latest version of Access Portal database conversion*,4705.88,6823.53,45,Sensor Security,IMPRO
SS-07,IXP220 to latest version of Access Portal database conversion*,4705.88,6823.53,45,Sensor Security,IMPRO
SS-03,Off-site database repair (per hour) - Remove tags not used/visitors/suspended - 6/12 months,1117.65,1620.59,45,Sensor Security,IMPRO
IXPUAP935,IXP to SLP935,9058.82,13135.29,45,Sensor Security,IMPRO
IXPUAP940,IXP to SLP940,23035.29,33401.17,45,Sensor Security,IMPRO
IXPUAP945,IXP to SLP945,37011.76,53667.05,45,Sensor Security,IMPRO
20XTKK-X0-000000-IMPRO,"SIGNO EXPRESS 20,BLK/BLK,TERM,CRD PFL SEOS+BLE X0,WIEG,LED:RED,FLSH:GRN,BZR,SRF:ON,IPM:OFF,VEL:OFF,TAP",2951.14,4279.15,45,Sensor Security,IMPRO
20XTKK-X1-000000-IMPRO,"SIGNO EXPRESS 20,BLK/BLK,TERM,CRD PFL SEOS X1,WIEG,LED:RED,FLSH:GRN,BZR,SRF:ON,IPM:OFF,VEL:OFF,TAP",2248.59,3260.46,45,Sensor Security,IMPRO
20XTKK-X2-000000-IMPRO,"SIGNO EXPRESS 20,BLK/BLK,TERM,CRD PFL SEOS+CSN+BLE X2,WIEG,LED:RED,FLSH:GRN,BZR,SRF:ON,IPM:OFF,VEL:OFF,TAP",3466.3,5026.14,45,Sensor Security,IMPRO
20XTKK-X3-000000-IMPRO,"SIGNO EXPRESS 20,BLK/BLK,TERM,CRD PFL SEOS+CSN X3,WIEG,LED:RED,FLSH:GRN,BZR,SRF:ON,IPM:OFF,VEL:OFF,TAP",2763.75,4007.44,45,Sensor Security,IMPRO
20NKS-01-000000-IMPRO,"Signo20 - Seos Profile Mullion Mount - Seos high frequency credentials, plus HID Mobile Access® Mobile IDs via NFC and/or Bluetooth Smart. Pigtail version.  Terminal strip available as well.",2623.81,3804.52,45,Sensor Security,IMPRO
20NKS-02-000000-IMPRO,"Signo20 - Smart Profile Mullion Mount - Wide variety of contactless high frequency credentials, plus HID Mobile Access® Mobile IDs via NFC and/or Bluetooth Smart. Pigtail version.  Terminal strip available as well.",3043.45,4413.0,45,Sensor Security,IMPRO
20NKS-00-000000-IMPRO,"Signo20 - Standard Profile Mullion Mount - Wide variety of contactless low and high frequency credentials, plus HID Mobile Access® Mobile IDs via NFC and/or Bluetooth Smart. Pigtail version.  Terminal strip available as well.  Proximity support.",3463.71,5022.38,45,Sensor Security,IMPRO
20KNKS-01-000000-IMPRO,"Signo20K - Seos Profile Mullion Mount with keypad (2x6) - Seos high frequency credentials, plus HID Mobile Access® Mobile IDs via NFC and/or Bluetooth Smart.  Pigtail version.  Terminal strip available as well.",6644.33,9634.28,45,Sensor Security,IMPRO
20KNKS-02-000000-IMPRO,"Signo20K - Smart Profile Mullion Mount with keypad (2x6) - Wide variety of contactless high frequency credentials, plus HID Mobile Access® Mobile IDs via NFC and/or Bluetooth Smart.  Pigtail version.  Terminal strip available as well.",7198.02,10437.13,45,Sensor Security,IMPRO
20KNKS-00-000000-IMPRO,"Signo20K - Standard Profile Mullion Mount with keypad (2x6) - Wide variety of contactless low and high frequency credentials, plus HID Mobile Access® Mobile IDs via NFC and/or Bluetooth Smart.  Pigtail version.  Terminal strip available as well.  Proximity support.",7751.72,11239.99,45,Sensor Security,IMPRO
25BNKS-10-000000-IMPRO,"Signo Biometric Reader/Controller.  Multi-spectral biometric sensor.  Mullion Mount.  Wide variety of contactless high frequency credentials, plus HID Mobile Access® Mobile IDs via NFC and/or Bluetooth Smart. For use with Access Portal only.",11234.75,16290.39,45,Sensor Security,IMPRO
VL35LF-000-0000-IMPRO,HID Amico™ Biometric Facial Recognition Reader 10k User,14270.45,20692.15,45,Sensor Security,IMPRO
VL35LF-E00-0000-IMPRO,HID Amico™ Biometric Facial Recognition Reader 10k User - Elite Key,14270.45,20692.15,45,Sensor Security,IMPRO
SIGNO-B-USB-IMPRO,"HID SIGNO™ Single Finger Biometric Reader, Multispectral Imaging Technology, USB Desktop Reader, match on host, IP52",2515.32,3647.21,45,Sensor Security,IMPRO
R54270101(IMPRO),OMNIKEY 5427 CK Gen2  - USB2.0 with removable retainer.  Native CCID and keyboard emulation reader.  Dual Frequency support (13.56MHz & 125kHz) Optional Mounting accessories.  Dev Tool kit available.  Please enquire for volume pricing.,4280.94,6207.36,45,Sensor Security,IMPRO
AP-H100B8R-EU,"Aperio H100 Handle - Right Hand
V3 BLE | Satin Chrome Finish
Suitable for doors between 35-80mm Thick
Minimum Backset required: 30mm
8mm square spindle and 3V CR123A Battery included",5189.17,7524.3,45,Sensor Security,IMPRO
AP-H100B8L-EU,"Aperio H100 Handle - Left Hand
V3 BLE | Satin Chrome Finish
Suitable for doors between 35-80mm Thick
Minimum Backset required: 30mm
8mm square spindle and 3V CR123A Battery included",5189.17,7524.3,45,Sensor Security,IMPRO
AH100-010,H100 USB Adaptor,587.12,851.32,45,Sensor Security,IMPRO
505201C0-0001,"Aperio C100, Euro Profile Double Cylinder | Length 30/30mm
V3 Single Electronic Reader High Frequency, NFC & BLE
CR2 Battery included",6631.55,9615.75,45,Sensor Security,IMPRO
50520190-1101,"Aperio C100, Euro Profile Double Cylinder | Length 35/35mm
V3 Single Electronic Reader High Frequency & NFC
CR2 Battery included
- While stocks last",6424.6,9315.67,45,Sensor Security,IMPRO
503201C0-0001,"Aperio C100, Euro Profile Double Cylinder | Length 30/30mm
V3 Double Electronic Reader High Frequency, NFC
CR2 Battery included",11450.0,16602.5,45,Sensor Security,IMPRO
50320190-1101,"Aperio C100, Euro Profile Double Cylinder | Length 35/35mm
V3 Double Electronic Reader High Frequency & NFC
CR2 Battery included
- While stocks last",11692.95,16954.78,45,Sensor Security,IMPRO
507201C0-0-01,"Aperio C100, Euro Profile Single Cylinder | Length 30mm
V3 Single Electronic Reader High Frequency, NFC + BLE
CR2 Battery included",6163.66,8937.31,45,Sensor Security,IMPRO
507201C0-1-01,"Aperio C100, Euro Profile Single Cylinder | Length 35mm
V3 Single Electronic Reader High Frequency, NFC + BLE
CR2 Battery included",6280.63,9106.91,45,Sensor Security,IMPRO
5001-1C8A17212,"Aperio E100, Without ComHub, Euro Profile, 40-50 mm, High Frequency Reader Only, 8mm Spindle, 85mm Centre, U Shape handle, Double Piercing",5880.22,8526.32,45,Sensor Security,IMPRO
5001-3C8A17212,"Aperio E100, Without ComHub, Euro Profile, 40-50 mm, High Frequency Keypad Reader, 8mm Spindle, 85mm Centre, U Shape handle, Double Piercing",6937.49,10059.36,45,Sensor Security,IMPRO
5001-1C8K17212,"Aperio E100 Premium, Without ComHub, Euro Profile, 40-45 mm, High Frequency Keypad Reader, 8mm Spindle, 85mm Centre, U Shape handle, Double Piercing",10307.34,14945.64,45,Sensor Security,IMPRO
AL560-501150,"Aperio L100 with RF-ID Reader and Keypad (HF)
Includes AL560 lock case for wooden doors 55mm backset
Integrated sensors (monitoring) for bolt, door position and mechanical override
Includes 2 x AA Lithium AA FR6 batteries
Strike plate, spindle and handles to be supplied separately",16241.46,23550.12,45,Sensor Security,IMPRO
AL560-500150,"Aperio L100 with RF-ID Reader (HF)
Includes AL560 lock case for wooden doors 55mm backset
Integrated sensors (monitoring) for bolt, door position and mechanical override
Includes 2 x AA Lithium AA FR6 batteries
Strike plate, spindle and handles to be supplied separately",14785.58,21439.09,45,Sensor Security,IMPRO
P100B-100,"Aperio P100 V3 NFC Wireless Padlock
IP 66 Weather Resistant | 1 x CR2 Battery Included
Body: 111.1 x 53.5mm (H x W)
Shackle: 63.3 x 39.5 x 8.7mm (H x W x Diameter)",11199.36,16239.07,45,Sensor Security,IMPRO
AH30-RS485-G5,"Aperio Communication Hub - RS485 (Gen 5)
Can connect up to 16 x Aperio Readers (Wireless Range ± 25m)
8-24VDC (power supply not included)",2493.81,3616.02,45,Sensor Security,IMPRO
AH40-IP-G5,"Aperio Communication Hub - IP (Gen 5)
Can connect up to 64 x Aperio Readers (Wireless Range ± 25m)
8-24VDC or PoE (Power over Ethernet)",4544.46,6589.47,45,Sensor Security,IMPRO
500ZB-RD-USB-00,"Aperio USB Radio Dongle Only - Used to pair and configure Aperio locks and Hubs with encryption key
Required for every new Aperio installation - ASSA ABLOY to provide encryption key and software",3602.36,5223.42,45,Sensor Security,IMPRO
88128LE1,"CODE HANDLE L-HAND 8MM SPINDLE
For European DIN Standard Lock Cases
9 User Codes (4-6 Digits) | 1 Master Code (6 Digits)
Battery operated (2 x CR2 3V Lithium batteries)
Suitable for doors 35 - 80mm thick
Zinc-diecast and stainless steel",3034.93,4400.65,45,Sensor Security,IMPRO
88128RE1,"CODE HANDLE R-HAND 8MM SPINDLE
For European DIN Standard Lock Cases
9 User Codes (4-6 Digits) | 1 Master Code (6 Digits)
Battery operated (2 x CR2 3V Lithium batteries)
Suitable for doors 35 - 80mm thick
Zinc-diecast and stainless steel",3034.93,4400.65,45,Sensor Security,IMPRO
493310000000,"AA CABINET LOCK PIN 16mm
Cam not included - use Part Number: L050740 (40mm long flat cam)",2266.77,3286.82,45,Sensor Security,IMPRO
493311000000,"AA CABINET LOCK PIN 22mm
Cam not included - use Part Number: L050740 (40mm long flat cam)",2266.77,3286.82,45,Sensor Security,IMPRO
493340000000,"AA CABINET LOCK SENSE 16mm
Cam not included - use Part Number: L050740 (40mm long flat cam)",2640.46,3828.67,45,Sensor Security,IMPRO
493341000000,"AA CABINET LOCK SENSE 22mm
Cam not included - use Part Number: L050740 (40mm long flat cam)",2640.46,3828.67,45,Sensor Security,IMPRO
493390000000,AA CABINET LOCK RUBBER GASKET,155.95,226.13,45,Sensor Security,IMPRO
493273010000,AA MIFARE TAG MIFARE 10PACK BL,737.73,1069.71,45,Sensor Security,IMPRO
493265010000,AA MIFARE CARD MIFARE 10 PACK,632.48,917.1,45,Sensor Security,IMPRO
493261010000,AA MIFARE Wristband 152mm 10PK,737.73,1069.71,45,Sensor Security,IMPRO
493262010000,AA MIFARE Wristband 180mm 10PK,737.73,1069.71,45,Sensor Security,IMPRO
493263010000,AA MIFARE Wristband 195mm 10PK,737.73,1069.71,45,Sensor Security,IMPRO
WS-XL01-i3,"Operator Work Station Access Control - i3 CPU - 16GB RAM - 
256GB SSD, - 3 Year Fetch; Repair and Return warranty in SA - MICROSOFT WINDOWS 11 PRO - mouse/kbd -",15151.76,21970.05,45,Sensor Security,IMPRO
Intel-Server,Dell Rackmount Xeon Server for HikCentral,65476.19,94940.48,45,Sensor Security,Accessories
INTEL-SERVER-i7,"HikCentral i7 VMS server, rackmount chassis, 32GB RAM, quad display output. 32ch-256ch site, maximum 2 operator connections",36148.81,52415.77,45,Sensor Security,Accessories
310818702,HikCentral 1U server pre-licensed for 64 video channels,96123.05,139378.42,45,Sensor Security,Accessories
310818701,HikCentral 1U server pre-licensed for 300 video channels,176196.57,255485.03,45,Sensor Security,Accessories
WS-XL04-i5,"Quad HDMI output operator workstation. i5, 16GB RAM, 512GB SSD, Nvidia RTX 3050 video card.",25855.95,37491.13,45,Sensor Security,Accessories
WS-XL04-i7,"Quad HDMI output operator workstation. I7, 16GB RAM, 512GB SSD, RTX 3050 Nvidia video card",28915.48,41927.45,45,Sensor Security,Accessories
HDD-WD-1TB_C,"Western Digital Surveillance, 1 TB 3.5"" SATA Hard Drive",1062.04,1539.96,45,Sensor Security,Accessories
HDD-WD-2TB_C,"Western Digital Surveillance, 2 TB 3.5"" SATA Hard Drive",1352.6,1961.27,45,Sensor Security,Accessories
HDD-WD-4TB_C,"Western Digital Surveillance, 4 TB 3.5"" SATA Hard Drive",1997.77,2896.77,45,Sensor Security,Accessories
HDD-WD-6TB_C,"Western Digital Surveillance, 6 TB 3.5"" SATA Hard Drive",3180.71,4612.03,45,Sensor Security,Accessories
HDD-WD-8TB_C,"Western Digital Surveillance, 8 TB 3.5"" SATA Hard Drive",4158.62,6030.0,45,Sensor Security,Accessories
HDD-WD-10TB_C,"Western Digital Surveillance 10TB 3.5"" SATA Hard Drive",5787.78,8392.28,45,Sensor Security,Accessories
HDD-WD-16TB Ultrastar,"Western Digital Surveillance/Enterprise 16TB 3.5"" SATA Hard Drive",7370.0,10686.5,45,Sensor Security,Accessories
HS-TF-L2/32G/P,Hikvision 32GB surveillance SD card *2-year warranty,105.43,152.87,45,Sensor Security,Accessories
SDSQQNR-064G-GN6IA,Sandisk 64GB high endurance microSD,173.81,252.02,45,Sensor Security,Accessories
SDSQQNR-128G-GN6IA,Sandisk 128GB high endurance microSD,267.86,388.4,45,Sensor Security,Accessories
SDSQQNR-512G-GN6IA,Sandisk 512GB high endurance microSD,357.14,517.85,45,Sensor Security,Accessories
Mecer Display 24,"24"" full HD display **Excludes power cord AA009**",2023.81,2934.52,45,Sensor Security,Accessories
Mecer Display 32,"32"" HD Ready display",2620.33,3799.48,45,Sensor Security,Accessories
Mecer Display 43,"43"" Full HD display",4333.33,6283.33,45,Sensor Security,Accessories
Mecer Display 55,"55"" 4K display",8035.71,11651.78,45,Sensor Security,Accessories
317500556,"Hikvision 18.5"" monitor HDMI/VGA inputs 12VDC (includes PSU)",1210.69,1755.5,45,Sensor Security,Accessories
317500472,"Hikvision 21.5"" 1080p monitor HDMI/VGA",1922.62,2787.8,45,Sensor Security,Accessories
CX-HDMI-3M-PVC-2.0,3M HDMI V2.0 cable,44.05,63.87,45,Sensor Security,Accessories
CX-HDMI-5M-PVC-2.0,5M HDMI V2.0 cable,77.38,112.2,45,Sensor Security,Accessories
CX-HDMI-10M-PVC-2.0,10M HDMI V2.0 cable,98.81,143.27,45,Sensor Security,Accessories
CX-HDMI-15M-PVC-2.0,15M HDMI V2.0 cable,154.76,224.4,45,Sensor Security,Accessories
CX-HDMI-20M-PVC-2.0,20M HDMI V2.0 cable,172.62,250.3,45,Sensor Security,Accessories
CX-BRACKET-14FM,"19-24"" monitor bracket",60.69,88.0,45,Sensor Security,Accessories
MON-BRACKET-4,"Wall Mount Swivel Bracket. 23"" - 42"" Monitor, Tilt, 90° Swivel, 15Kg, 2 Arm",355.95,516.13,45,Sensor Security,Accessories
MON-BRACKET-3,"Wall Mount Swivel Bracket. 23"" - 42"" Monitor, Tilt, 90° Swivel, 15Kg, 2 Arm",355.95,516.13,45,Sensor Security,Accessories
CX-HDMI-EXTEND-60M-2,60m 1080p HDMI extender,232.14,336.6,45,Sensor Security,Accessories
CX-HDMI-EXTEND-120M-2,120m 4K HDMI extender,671.43,973.57,45,Sensor Security,Accessories
CX-HDMI-EXTEND-KVM-60,60m 1080p HDMI KVM extender,321.43,466.07,45,Sensor Security,Accessories
CX-HDMI-EXTEND-KVM-120,120m 4k HDMI KVM extender,744.05,1078.87,45,Sensor Security,Accessories
CX-HDMI-SPLITTER-4,4-port HDMI splitter,285.71,414.28,45,Sensor Security,Accessories
303501171,10 port HDMI decoder for video walls,29091.86,42183.2,45,Sensor Security,Accessories
303501173,16 port HDMI decoder for video walls,41838.12,60665.27,45,Sensor Security,Accessories
304901235,Hikvision 4ch 4A CCTV PSU,138.11,200.26,45,Sensor Security,Accessories
304901236,Hikvision 8ch 5A CCTV PSU,184.62,267.7,45,Sensor Security,Accessories
304901289,Hikvision 16ch 8A CCTV PSU,221.11,320.61,45,Sensor Security,Accessories
GS1205DT-SA,Power Supply 12 Volt 5 Amp Desktop Adapter,138.9,201.41,45,Sensor Security,Accessories
GS1210-9CH,9-Channel 10Amp Power Supply.,439.35,637.06,45,Sensor Security,Accessories
ZTP1205B-9CH,9ch 5A CCTV PSU  12VDC  Metal housing with camlock  Supports up to 18Ah LiPo/Lead-acid/gel batteries,629.76,913.15,45,Sensor Security,Accessories
GS1220-18CH_x000D_,18-Channel 20 Amp 12VDC PTC Power Supply,672.61,975.28,45,Sensor Security,Accessories
PCS-300-18M_C,18-Channel 25 Amp 12VDC PTC Power Supply,718.61,1041.98,45,Sensor Security,Accessories
DS-UPS1000/SA,Hikvision 1KVA UPS,751.61,1089.83,45,Sensor Security,Accessories
DS-UPS2000/SA,Hikvision 2KVA UPS,1908.86,2767.85,45,Sensor Security,Accessories
DS-UPS3000/SA,Hikvision 3KVA UPS,3064.29,4443.22,45,Sensor Security,Accessories
RG59&P-E/100,RG59 Co-Axial 75ohm with 0.5mm 2 Pair Cable. Black; 100 meters; High grade,501.49,727.16,45,Sensor Security,Accessories
RG59&P-E/300,RG59 Co-Axial 75ohm with 0.5mm 2 Pair Cable. Black; 300 meters; High grade,1507.14,2185.35,45,Sensor Security,Accessories
RG59&P-E/500,RG59 Co-Axial 75ohm with 0.5mm 2 Pair Cable. Black; 500 meters; High grade,2513.52,3644.6,45,Sensor Security,Accessories
307400069,Hikvision 305m CAT5 - Copper,1634.35,2369.81,45,Sensor Security,Accessories
307400043,Hikvision 305m CAT6 - Copper,2665.74,3865.32,45,Sensor Security,Accessories
UTP4/C5E/100,UTP 4 Pair CAT 5 Solid Grey Network Cable. 100 meters; Copper clad aluminium,211.9,307.25,45,Sensor Security,Accessories
UTP4/C5E/305,UTP 4 Pair CAT 5 Solid Grey Network Cable. 305 meters; Copper clad aluminium,646.51,937.44,45,Sensor Security,Accessories
CAT5U-100,CAT 5E Outdoor Cable. 100 meters pull box; Solid core; CCA UV protected SF/TP; Foil; Braiding,439.29,636.97,45,Sensor Security,Accessories
CAT5U-305,CAT 5E Outdoor Cable. 305 meters pull box; Solid core; CCA UV protected SF/TP; Foil; Braiding,1034.52,1500.05,45,Sensor Security,Accessories
CAT6-100-U,"CAT 6 Outdoor Cable. 100m pull box; Solid core, Black, CCA UV protected SF/UTP; Foil; Braiding",428.44,621.24,45,Sensor Security,Accessories
CAT6-305-U,CAT 6 Outdoor Cable. 305m roll; Solid core; Black; CCA UV protected SF/UTP; Foil; Braiding,1322.62,1917.8,45,Sensor Security,Accessories
CX-RJ45-WALL-CAT5,CAT5 RJ45 WALL MOUNTED BOX - SINGLE,27.38,39.7,45,Sensor Security,Accessories
CX-RJ45-WALL-CAT6,CAT6 RJ45 WALL MOUNTED BOX - SINGLE,29.76,43.15,45,Sensor Security,Accessories
CX-PATCH-CABLE-1M-CAT5,PATCH CABLE CAT5 UTP 1M,16.67,24.17,45,Sensor Security,Accessories
CX-PATCH-CABLE-2M-CAT5,PATCH CABLE CAT5 UTP 2M,22.62,32.8,45,Sensor Security,Accessories
CX-PATCH-CABLE-1M-CAT6,PATCH CABLE CAT6 UTP 1M,14.5,21.02,45,Sensor Security,Accessories
CX-PATCH-CABLE-2M-CAT6,PATCH CABLE CAT6 UTP 2M,21.43,31.07,45,Sensor Security,Accessories
CX-MYLAR-0.22-100,MYLAR CABLE - 0.22 - 4 PAIR - 100M,928.57,1346.43,45,Sensor Security,Accessories
CX-BNC-ECO,"BNC Connector, 6mm crimp plug",2.54,3.68,45,Sensor Security,Accessories
BNC914,BNC Barrel In-line F/F Adaptor (joiner),4.51,6.54,45,Sensor Security,Accessories
W/BOOTS,BNC Weather-boots for 6mm crimp type BNC,2.32,3.36,45,Sensor Security,Accessories
CX-RJ45C-CAT5E,RJ45 Connector Cat5e - UTP,0.71,1.03,45,Sensor Security,Accessories
CX-RJ45B-CAT5E,RJ45 Boot - CAT5e,0.71,1.03,45,Sensor Security,Accessories
CX-RJ45C-CAT6,RJ45 Connector Cat6 - UTP,0.71,1.03,45,Sensor Security,Accessories
CX-RJ45B-CAT6,RJ45 Boot - CAT6,0.71,1.03,45,Sensor Security,Accessories
CX-RJ45-CAT5-THROUGH,Cat5 Pass-through connector,0.95,1.38,45,Sensor Security,Accessories
CX-RJ45-CAT6-THROUGH,Cat6 Pass-through connector,1.07,1.55,45,Sensor Security,Accessories
CX-DC-JACK-NOLEAD-F,Connector Female DC Jack with Terminals,2.74,3.97,45,Sensor Security,Accessories
CX-DC-JACK-NOLEAD-M,Connector Male DC Jack with Terminals,2.74,3.97,45,Sensor Security,Accessories
CN04-3,DC Plug - Connector with Lead,4.63,6.71,45,Sensor Security,Accessories
PV-207,"1 CH HD Video Balun, TVI/CVI/AHD/CVBS. (Sold per pair)",34.76,50.4,45,Sensor Security,Accessories
CX-BALUN-P,HD Balun with 12VDC power inputoutput - Pair,36.33,52.68,45,Sensor Security,Accessories
12-00974,"Clearline Gigabit Single Port RJ45 Protector. Protects fast gigabit Ethernet LAN equipment such as hubs, switches and network interface cards from induced lightning and electrostatic discharge; Indoor or outdoor use inside a weatherproof enclosure.",475.0,688.75,45,Sensor Security,Accessories
CX-CRIMPER-RG59,RG59 crimp tool,142.86,207.15,45,Sensor Security,Accessories
CX-CRIMPER-RJ45,RJ45 crimp tool,142.86,207.15,45,Sensor Security,Accessories
POS-TEXT-OL-4 with Hardware,"POS Overlay software installation and setup for POS Overlay Software - Installation, setup and once off licence fee for 4 cameras. Overlay and data from any source (Point of sale systems, scales, weighbridges, scanners etc.",8678.57,12583.93,45,Sensor Security,Accessories
POS-TEXT-OL-8 with Hardware,"POS Overlay software installation and setup for POS Overlay Software - Installation, setup and once off licence fee for 8 cameras. Overlay and data from any source (Point of sale systems, scales, weighbridges, scanners etc.",10863.1,15751.5,45,Sensor Security,Accessories
POS-TEXT-OL-16 with Hardware,"POS Overlay Software - Installation, setup and once off licence fee for 16 cameras. Overlay and data from any source (Point of sale systems, scales, weighbridges, scanners etc.); Overlay from any type of source data (Raw data, XML, HTML, Database entries etc.); Fully customizable; Event generation as per requirements of client (Send email on Void, generate report on set data, etc.)",17166.67,24891.67,45,Sensor Security,Accessories
POS-TEXT-OL-16 with Hardware,"POS Overlay Software - Installation, setup and once off licence fee for 32 cameras. Overlay and data from any source (Point of sale systems, scales, weighbridges, scanners etc.); Overlay from any type of source data (Raw data, XML, HTML, Database entries etc.); Fully customizable; Event generation as per requirements of client (Send email on Void, generate report on set data, etc.)",25071.43,36353.57,45,Sensor Security,Accessories
ALL-040-958,Allbro Camera-Nest. Mounts most camera; Types with a foot size of up to D:90mm; Easy to install; IP66,47.3,68.58,45,Sensor Security,Accessories
ALL-040-977,Allbro Camera-Nest. Mounts most camera; Types with a foot size of up to D:110mm; Easy to install; IP66,53.96,78.24,45,Sensor Security,Accessories
ENC-CA4,"Universal Camera Mount Enclosure 112 x 112 x 52mm, 20 or 25mm knockouts, ABS, White",34.52,50.05,45,Sensor Security,Accessories
ENC-CA5,"Universal Camera Mount Enclosure 168 x 168 x 48mm, 20 & 25mm knockouts, ABS, White",53.48,77.55,45,Sensor Security,Accessories
G-MAX7,7Ah Lead Acid battery,141.67,205.42,45,Sensor Security,Accessories
G-MAX 8 GEL,8Ah Gel battery,208.33,302.08,45,Sensor Security,Accessories
EPS1218 DC GEL,18Ah Gel battery,475.0,688.75,45,Sensor Security,Accessories
LFP-XTREME 8,"Lithium Iron Phosphate(LiFePO4) Battery, 12.8V, 8ah, 102Wh - 6000 Cycles @ 80% DOD - Grade A1  FIRST LIFE Lithium Cells - 3 Year Warranty",472.38,684.95,45,Sensor Security,Accessories
LFP-XTREME 20,"Lithium Iron Phosphate(LiFePO4) Battery, 12.8V, 20ah, 256Wh - 6000 Cycles @ 80% DOD - Grade A1  FIRST LIFE Lithium Cells - 3 Year Warranty",1065.48,1544.95,45,Sensor Security,Accessories
LFP-XTREME 50,"Lithium Iron Phosphate(LiFePO4) Battery, 12.8V, 50ah, 640Wh - 6000 Cycles @ 80% DOD - Grade A1  FIRST LIFE Lithium Cells - 3 Year Warranty",2797.62,4056.55,45,Sensor Security,Accessories
LFP-XTREME 100 BT,"Lithium Iron Phosphate(LiFePO4) Battery, 12.8V, 100ah,1280Wh. - 6000 Cycles @ 80% DOD - Grade A1  FIRST LIFE Lithium Cells - 3 Year Warranty",4339.0,6291.55,45,Sensor Security,Accessories
LFP-XTREME 100-24,"Lithium Iron Phosphate(LiFePO4) Battery, 25.6V, 100ah,2560Wh - 6000 Cycles @ 80% DOD - Grade A1  FIRST LIFE Lithium Cells - 3 Year Warranty",11439.55,16587.35,45,Sensor Security,Accessories
ALL-004,Allbrox 4 enclosure (400X300X200),1130.95,1639.88,45,Sensor Security,Allbro
ALL-004/D,Allbrox 4 deep enclosure (400X300X280),1223.3,1773.78,45,Sensor Security,Allbro
ALL-005,Allbrox 5 enclosure (500X350X200),1407.67,2041.12,45,Sensor Security,Allbro
ALL-006,Allbrox 6 enclosure (600X400X200),1711.01,2480.96,45,Sensor Security,Allbro
ALL-006/D,Allbrox 6 deep enclosure  (600X400X250),1946.43,2822.32,45,Sensor Security,Allbro
ALL-018-088,Allbrox® 4/4D pole mount bracket,153.57,222.68,45,Sensor Security,Allbro
ALL-018-089,Allbrox® 5 pole mount bracket,160.71,233.03,45,Sensor Security,Allbro
ALL-018-090,Allbrox® 6 pole mount bracket,165.48,239.95,45,Sensor Security,Allbro
ALL-018-103,Allbrox® 6.5 Portrait pole mount bracket,553.57,802.68,45,Sensor Security,Allbro
VAC2000RF,Virdi AC2000RF Biometric Reader. 1 500 FP Users (3 000 FP Temp); Max 1 500 users; LED; RFID Card Reader; B/Tooth; No Keypad; No Screen; 100 000 Log,5302.98,7689.32,45,Sensor Security,Virdi
VAC2000HRF,Virdi AC2000HRF Biometric Reader. 5000 FP Users (10 000 FP Temp); Max 5 000 users; LED; RFID Card Reader; B/Tooth; No Keypad; No Screen; 100 000 Log,6322.62,9167.8,45,Sensor Security,Virdi
VAC2100PRF,"Virdi AC2100PRF Plus Biometric Reader. 1 500 FP Users (3 000 FP Temp), Max 1 500 user, LED, LCD Screen, RFID Card Reader, 4 Function Key, No B/Tooth, 100 000 Log",5813.1,8429.0,45,Sensor Security,Virdi
VAC2200HRF,Virdi AC2200RF Biometric Reader. 5 000 FP Users (10 000 FP Temp); Max 5 000 user; LED; LCD Screen; RFID Card Reader; 4 Function Key; B/Tooth; Camera; 100 000 Log,8872.02,12864.43,45,Sensor Security,Virdi
VAC5100RF,"Virdi AC5100RF Biometric Reader.  10 000 FP Users; (20 000 FP Templates); Max 20 000 Users; Advised 1:N 7000 users; 60 000 Log; RFID Card Reader; 2,8"" Colour Screen; Capacitance Keypad; IP65; Camera; BLE - Mobile Key Support; No PoE",11761.31,17053.9,45,Sensor Security,Virdi
VKL100S,"Virdi KL100S, Standalone Door Lock with Mechanical Key. Keypad; Mifare Card Reader; B/tooth Mobile Key Solution; Including Cylindrical Mortise Lock.",3127.98,4535.57,45,Sensor Security,Virdi
VBLC015,Virdi BLC015 Battery Lock Controller. Secure Lock Control & Battery Charger; RS485 & Wiegand; Relay for lock; Battery charge circuit; PBT Input; Can power 2 Verdi Terminal & 1 Lock; Requires Battery & ACC150,1019.64,1478.48,45,Sensor Security,Virdi
VBLC015-K2,"Virdi BLC015, Battery Lock Controller in Metal Box. Secure Lock Control & Battery Charger; RS485 & Wiegand; Relay for lock; Battery charge circuit; PBT Input; Can power 2 Verdi Terminal & 1 Lock; Requires Battery & ACC150",1568.45,2274.25,45,Sensor Security,Virdi
VACC150,Virdi Switch Mode PSU for use with BLC015. 12V 2.5A,94.05,136.37,45,Sensor Security,Virdi
VACC4200,Virdi Secure Relay & Timer Circuit for all Access Control Units. 26bit Wiegand Interface,327.38,474.7,45,Sensor Security,Virdi
ACC200,"Virdi Vertical Mounting Bracket with Side Panel. 316 S/S for AC2x00, For Brick Walls",613.69,889.85,45,Sensor Security,Virdi
ACC202,Virdi Vandal Resistant Enclosure. 316 S/S for AC2000,1504.17,2181.05,45,Sensor Security,Virdi
VACC210,"Virdi Vertical Robust Enclosure. 316 S/S, shroud, for Old AC2100/2100H & AC5000 Range",1311.31,1901.4,45,Sensor Security,Virdi
VACC240,Virdi Vandal Resistant Enclosure / Prison Enclosure for AC5000. 316 S/S,2933.93,4254.2,45,Sensor Security,Virdi
VACC300,ISO RFID Proximity Card. 125KHz EM4100. MOQ 10,18.45,26.75,45,Sensor Security,Virdi
VACC310,RFID Key fob. 125KHz EM4100. MOQ 10,22.12,32.07,45,Sensor Security,Virdi
ACC340,"Dual RFID Combo Card. (125KHz) / Mifare (13,56MHz). MOQ 10",27.98,40.57,45,Sensor Security,Virdi
ACC370,"Dual RFID Combo Key fob. (125KHz) / Mifare (13,56MHz) Combo Key fob. MOQ",29.17,42.3,45,Sensor Security,Virdi
VACC380,ViRDI Mobile Key - Reusable and Valid for 3 Years,33.33,48.33,45,Sensor Security,Virdi
VFOH02RF,Virdi FOH02RF USB Take-on Reader. USB Enrolment Reader for Virdi UNIS; RFID Reader Included,3462.5,5020.62,45,Sensor Security,Virdi
VFOH02SC,Virdi FOH02SC USB Take-on Reader. USB Enrolment Reader for Virdi UNIS; Mifare Reader Included,3632.74,5267.47,45,Sensor Security,Virdi
VUNIS-STD,Virdi UNIS V4 Software. Access Control for MCP-040 Controllers; Facial & Fingerprint; Mobile Card; Device & Alarm Management; GPS overlay V-Term; Req W10 OS; MS Access or MS SQL Express or MS SQL; Including 1 Hour Tel/TV10Support,2383.93,3456.7,45,Sensor Security,Virdi
VUNIS-PAYTRANS,Virdi Payroll Translator from UNIWORK T&A to VIP/Sage/Pastel Payroll. Including 1 Hour Tel/TV10 Configuration support from Virdi; Custom payroll integration on ad hoc basis.,1129.17,1637.3,45,Sensor Security,Virdi
VUNIS-INOUT,Virdi UNIS In/Out Board Software for Receptionist Environment. Evac Lists; Including 1/2 Hour Tel/TV10 Configuration Support,752.98,1091.82,45,Sensor Security,Virdi
VBIOSEAL-VK1,"Virdi Bioseal USB Handheld Fingerprint Scanner + Virtual Terminal App for Android Smartphones/Tablets + Bioseal USB Handheld Fingerprint Scanner. 1 000 users. FP or PIN & FP only. Ideal For field based T&A with GPS Location, Mustering Points (OHS) & as a Backup Terminal. Requires Smartphone with minimum Android V4.0 and OTG support. Includes OTG cable, excludes Smartphone.",2916.67,4229.17,45,Sensor Security,Virdi
VAVTAPP1,"Virtual Terminal App for Android Smartphones/Tablets. 1 000 users. FP / Card / PIN Transactions. Ideal For field based T&A with GPS Location, Mustering Points (OHS) & as a Backup Terminal. Requires Smartphone with minimum Android V4.0 and OTG support. Includes OTG cable, excludes Smartphone.",2916.67,4229.17,45,Sensor Security,Virdi
DS-2CE10DF0T-LPTS(2.8mm)(O-STD),"2M BSI CMOS Sensor,Outdoor smart hybird light with ColorVu mini Bullet,0.001 Lux Lux/F1.0, 25m IR+20m White Light,3D DNR,DC 12V,OSD Menu(Up the Coax), DWDR, IP67, 2.8/3.6mm Lens,24H Color,Smart Lighting（With Acusense DVR）,Built-in mic and speaker,Intelligent noise reduction,Up to 5 meters of two-way audio with echo cancellation",507.46,735.82,45,HIKVISION SA,2MP ColorVu Hybrid Two-way Audio
DS-2CE10DF0T-LPTS(3.6mm)(O-STD),"2M BSI CMOS Sensor,Outdoor smart hybird light with ColorVu mini Bullet,0.001 Lux Lux/F1.0, 25m IR+20m White Light,3D DNR,DC 12V,OSD Menu(Up the Coax), DWDR, IP67, 2.8/3.6mm Lens,24H Color,Smart Lighting（With Acusense DVR）,Built-in mic and speaker,Intelligent noise reduction,Up to 5 meters of two-way audio with echo cancellation",496.16,719.43,45,HIKVISION SA,2MP ColorVu Hybrid Two-way Audio
DS-2CE10DF0T-LTS(2.8mm)(O-STD),"2M BSI CMOS Sensor,Outdoor smart hybird light with ColorVu mini Bullet,0.001 Lux Lux/F1.0, 30m IR+20m White Light,3D DNR,DC 12V,OSD Menu(Up the Coax), DWDR, IP67, 2.8/3.6mm Lens,24H Color,Smart Lighting（With Acusense DVR）,Built-in mic and speaker,Intelligent noise reduction,Up to 5 meters of two-way audio with echo cancellation",569.01,825.06,45,HIKVISION SA,2MP ColorVu Hybrid Two-way Audio
DS-2CE10DF0T-LTS(3.6mm)(O-STD),"2M BSI CMOS Sensor,Outdoor smart hybird light with ColorVu mini Bullet,0.001 Lux Lux/F1.0, 30m IR+20m White Light,3D DNR,DC 12V,OSD Menu(Up the Coax), DWDR, IP67, 2.8/3.6mm Lens,24H Color,Smart Lighting（With Acusense DVR）,Built-in mic and speaker,Intelligent noise reduction,Up to 5 meters of two-way audio with echo cancellation",555.2,805.04,45,HIKVISION SA,2MP ColorVu Hybrid Two-way Audio
DS-2CE12DF0T-LTS(2.8mm)(O-STD),"2M BSI CMOS Sensor,Outdoor smart hybird light with ColorVu Bullet,0.001 Lux Lux/F1.0, 40m IR+40m White Light,3D DNR,DC 12V,OSD Menu(Up the Coax), DWDR, IP67, 2.8/3.6mm Lens,24H Color,Smart Lighting（With Acusense DVR）,Built-in mic and speaker,Intelligent noise reduction,Up to 5 meters of two-way audio with echo cancellation",692.11,1003.56,45,HIKVISION SA,2MP ColorVu Hybrid Two-way Audio
DS-2CE12DF0T-LTS(3.6mm)(O-STD),"2M BSI CMOS Sensor,Outdoor smart hybird light with ColorVu Bullet,0.001 Lux Lux/F1.0, 40m IR+40m White Light,3D DNR,DC 12V,OSD Menu(Up the Coax), DWDR, IP67, 2.8/3.6mm Lens,24H Color,Smart Lighting（With Acusense DVR）,Built-in mic and speaker,Intelligent noise reduction,Up to 5 meters of two-way audio with echo cancellation",678.29,983.52,45,HIKVISION SA,2MP ColorVu Hybrid Two-way Audio
DS-2CE19DF0T-LTS(2.8mm)(O-STD),"2M BSI CMOS Sensor,Outdoor smart hybird light with ColorVu Bullet,0.001 Lux Lux/F1.0, 80m IR+80m White Light,3D DNR,DC 12V,OSD Menu(Up the Coax), DWDR, IP67, 2.8/3.6mm Lens,24H Color,Smart Lighting（With Acusense DVR）,Built-in mic and speaker,Intelligent noise reduction,Up to 5 meters of two-way audio with echo cancellation",824.0,1194.8,45,HIKVISION SA,2MP ColorVu Hybrid Two-way Audio
DS-2CE19DF0T-LTS(3.6mm)(O-STD),"2M BSI CMOS Sensor,Outdoor smart hybird light with ColorVu Bullet,0.001 Lux Lux/F1.0, 80m IR+80m White Light,3D DNR,DC 12V,OSD Menu(Up the Coax), DWDR, IP67, 2.8/3.6mm Lens,24H Color,Smart Lighting（With Acusense DVR）,Built-in mic and speaker,Intelligent noise reduction,Up to 5 meters of two-way audio with echo cancellation",810.18,1174.76,45,HIKVISION SA,2MP ColorVu Hybrid Two-way Audio
DS-2CE19DF0T-LTS(6mm)(O-STD),DS-2CE19DF0T-LTS(6mm)(O-STD),845.35,1225.76,45,HIKVISION SA,2MP ColorVu Hybrid Two-way Audio
DS-2CE72DF0T-LTS(2.8mm)(O-STD),"2M BSI CMOS Sensor,Outdoor smart hybird light with ColorVu Turret,0.001 Lux Lux/F1.0, 40m IR+40m White Light,3D DNR,DC 12V,OSD Menu(Up the Coax), DWDR, IP67, 2.8/3.6mm Lens,24H Color,Smart Lighting（With Acusense DVR）,Built-in mic and speaker,Intelligent noise reduction,Up to 5 meters of two-way audio with echo cancellation",628.05,910.67,45,HIKVISION SA,2MP ColorVu Hybrid Two-way Audio
DS-2CE72DF0T-LTS(3.6mm)(O-STD),"2M BSI CMOS Sensor,Outdoor smart hybird light with ColorVu Turret,0.001 Lux Lux/F1.0, 40m IR+40m White Light,3D DNR,DC 12V,OSD Menu(Up the Coax), DWDR, IP67, 2.8/3.6mm Lens,24H Color,Smart Lighting（With Acusense DVR）,Built-in mic and speaker,Intelligent noise reduction,Up to 5 meters of two-way audio with echo cancellation",612.98,888.82,45,HIKVISION SA,2MP ColorVu Hybrid Two-way Audio
DS-2CE72DF0T-LPTS(2.8mm)(O-STD),"2M BSI CMOS Sensor,Outdoor smart hybird light with ColorVu Turret,0.001 Lux Lux/F1.0, 40m IR+40m White Light,3D DNR,DC 12V,OSD Menu(Up the Coax), DWDR, IP67, 2.8/3.6mm Lens,24H Color,Smart Lighting（With Acusense DVR）,Built-in mic and speaker,Intelligent noise reduction,Up to 5 meters of two-way audio with echo cancellation",507.46,735.82,45,HIKVISION SA,2MP ColorVu Hybrid Two-way Audio
DS-2CE72DF0T-LPTS(3.6mm)(O-STD),"2M BSI CMOS Sensor,Outdoor smart hybird light with ColorVu Turret,0.001 Lux Lux/F1.0, 40m IR+40m White Light,3D DNR,DC 12V,OSD Menu(Up the Coax), DWDR, IP67, 2.8/3.6mm Lens,24H Color,Smart Lighting（With Acusense DVR）,Built-in mic and speaker,Intelligent noise reduction,Up to 5 meters of two-way audio with echo cancellation",496.16,719.43,45,HIKVISION SA,2MP ColorVu Hybrid Two-way Audio
DS-2CE10DF0T-LPXTS(2.8mm)(O-STD),"2M BSI CMOS Sensor,Outdoor smart hybird light with ColorVu mini Bullet,0.001 Lux Lux/F1.0, 25m IR+20m White Light,3D DNR,DC 12V,OSD Menu(Up the Coax), DWDR, IP67, 2.8/3.6mm Lens,24H Color,Smart Lighting（With Acusense DVR）,Built-in mic and speaker,Intelligent noise reduction,Up to 5 meters of two-way audio with echo cancellation ,built-in bule & red light for Live Guard with visual and auditory warnings",572.78,830.53,45,HIKVISION SA,2MP ColorVu Hybrid Two-way Audio & Siren
DS-2CE10DF0T-LPXTS(3.6mm)(O-STD),"2M BSI CMOS Sensor,Outdoor smart hybird light with ColorVu mini Bullet,0.001 Lux Lux/F1.0, 25m IR+20m White Light,3D DNR,DC 12V,OSD Menu(Up the Coax), DWDR, IP67, 2.8/3.6mm Lens,24H Color,Smart Lighting（With Acusense DVR）,Built-in mic and speaker,Intelligent noise reduction,Up to 5 meters of two-way audio with echo cancellation ,built-in bule & red light for Live Guard with visual and auditory warnings",572.78,830.53,45,HIKVISION SA,2MP ColorVu Hybrid Two-way Audio & Siren
DS-2CE10DF0T-LXTS(2.8mm)(O-STD),"2M BSI CMOS Sensor,Outdoor smart hybird light with ColorVu mini Bullet,0.001 Lux Lux/F1.0, 30m IR+20m White Light,3D DNR,DC 12V,OSD Menu(Up the Coax), DWDR, IP67, 2.8/3.6mm Lens,24H Color,Smart Lighting（With Acusense DVR）,Built-in mic and speaker,Intelligent noise reduction,Up to 5 meters of two-way audio with echo cancellation ,built-in bule & red light for Live Guard with visual and auditory warnings",621.77,901.57,45,HIKVISION SA,2MP ColorVu Hybrid Two-way Audio & Siren
DS-2CE10DF0T-LXTS(3.6mm)(O-STD),"2M BSI CMOS Sensor,Outdoor smart hybird light with ColorVu mini Bullet,0.001 Lux Lux/F1.0, 30m IR+20m White Light,3D DNR,DC 12V,OSD Menu(Up the Coax), DWDR, IP67, 2.8/3.6mm Lens,24H Color,Smart Lighting（With Acusense DVR）,Built-in mic and speaker,Intelligent noise reduction,Up to 5 meters of two-way audio with echo cancellation ,built-in bule & red light for Live Guard with visual and auditory warnings",607.95,881.53,45,HIKVISION SA,2MP ColorVu Hybrid Two-way Audio & Siren
DS-2CE12DF0T-LXTS(2.8mm)(O-STD),"2M BSI CMOS Sensor,Outdoor smart hybird light with ColorVu Bullet,0.001 Lux Lux/F1.0, 40m IR+40m White Light,3D DNR,DC 12V,OSD Menu(Up the Coax), DWDR, IP67, 2.8/3.6mm Lens,24H Color,Smart Lighting（With Acusense DVR）,Built-in mic and speaker,Intelligent noise reduction,Up to 5 meters of two-way audio with echo cancellation ,built-in bule & red light for Live Guard with visual and auditory warnings",757.43,1098.27,45,HIKVISION SA,2MP ColorVu Hybrid Two-way Audio & Siren
DS-2CE12DF0T-LXTS(3.6mm)(O-STD),"2M BSI CMOS Sensor,Outdoor smart hybird light with ColorVu Bullet,0.001 Lux Lux/F1.0, 40m IR+40m White Light,3D DNR,DC 12V,OSD Menu(Up the Coax), DWDR, IP67, 2.8/3.6mm Lens,24H Color,Smart Lighting（With Acusense DVR）,Built-in mic and speaker,Intelligent noise reduction,Up to 5 meters of two-way audio with echo cancellation ,built-in bule & red light for Live Guard with visual and auditory warnings",742.35,1076.41,45,HIKVISION SA,2MP ColorVu Hybrid Two-way Audio & Siren
DS-2CE19DF0T-LXTS(2.8mm)(O-STD),"2M BSI CMOS Sensor,Outdoor smart hybird light with ColorVu Bullet,0.001 Lux Lux/F1.0, 80m IR+80m White Light,3D DNR,DC 12V,OSD Menu(Up the Coax), DWDR, IP67, 2.8/3.6mm Lens,24H Color,Smart Lighting（With Acusense DVR）,Built-in mic and speaker,Intelligent noise reduction,Up to 5 meters of two-way audio with echo cancellation ,built-in bule & red light for Live Guard with visual and auditory warnings",903.13,1309.54,45,HIKVISION SA,2MP ColorVu Hybrid Two-way Audio & Siren
DS-2CE19DF0T-LXTS(3.6mm)(O-STD),"2M BSI CMOS Sensor,Outdoor smart hybird light with ColorVu Bullet,0.001 Lux Lux/F1.0, 80m IR+80m White Light,3D DNR,DC 12V,OSD Menu(Up the Coax), DWDR, IP67, 2.8/3.6mm Lens,24H Color,Smart Lighting（With Acusense DVR）,Built-in mic and speaker,Intelligent noise reduction,Up to 5 meters of two-way audio with echo cancellation ,built-in bule & red light for Live Guard with visual and auditory warnings",889.32,1289.51,45,HIKVISION SA,2MP ColorVu Hybrid Two-way Audio & Siren
DS-2CE72DF0T-LXTS(2.8mm)(O-STD),"2M BSI CMOS Sensor,Outdoor smart hybird light with ColorVu Turret,0.001 Lux Lux/F1.0, 40m IR+40m White Light,3D DNR,DC 12V,OSD Menu(Up the Coax), DWDR, IP67, 2.8/3.6mm Lens,24H Color,Smart Lighting（With Acusense DVR）,Built-in mic and speaker,Intelligent noise reduction,Up to 5 meters of two-way audio with echo cancellation ,built-in bule & red light for Live Guard with visual and auditory warnings",654.43,948.92,45,HIKVISION SA,2MP ColorVu Hybrid Two-way Audio & Siren
DS-2CE72DF0T-LXTS(3.6mm)(O-STD),"2M BSI CMOS Sensor,Outdoor smart hybird light with ColorVu Turret,0.001 Lux Lux/F1.0, 40m IR+40m White Light,3D DNR,DC 12V,OSD Menu(Up the Coax), DWDR, IP67, 2.8/3.6mm Lens,24H Color,Smart Lighting（With Acusense DVR）,Built-in mic and speaker,Intelligent noise reduction,Up to 5 meters of two-way audio with echo cancellation ,built-in bule & red light for Live Guard with visual and auditory warnings",639.35,927.06,45,HIKVISION SA,2MP ColorVu Hybrid Two-way Audio & Siren
DS-2CE72DF0T-LPXTS(2.8mm)(O-STD),"2M BSI CMOS Sensor,Outdoor smart hybird light with ColorVu Turret,0.001 Lux Lux/F1.0, 40m IR+40m White Light,3D DNR,DC 12V,OSD Menu(Up the Coax), DWDR, IP67, 2.8/3.6mm Lens,24H Color,Smart Lighting（With Acusense DVR）,Built-in mic and speaker,Intelligent noise reduction,Up to 5 meters of two-way audio with echo cancellation ,built-in bule & red light for Live Guard with visual and auditory warnings",586.6,850.57,45,HIKVISION SA,2MP ColorVu Hybrid Two-way Audio & Siren
DS-2CE72DF0T-LPXTS(3.6mm)(O-STD),"2M BSI CMOS Sensor,Outdoor smart hybird light with ColorVu Turret,0.001 Lux Lux/F1.0, 40m IR+40m White Light,3D DNR,DC 12V,OSD Menu(Up the Coax), DWDR, IP67, 2.8/3.6mm Lens,24H Color,Smart Lighting（With Acusense DVR）,Built-in mic and speaker,Intelligent noise reduction,Up to 5 meters of two-way audio with echo cancellation ,built-in bule & red light for Live Guard with visual and auditory warnings",572.78,830.53,45,HIKVISION SA,2MP ColorVu Hybrid Two-way Audio & Siren
DS-2CE10DF3T-LPXTS(2.8mm)(O-STD),"2M BSI CMOS Sensor,Outdoor smart hybird light with ColorVu mini Bullet,0.0005Lux/F1.0, 25m IR+20m White Light,3D DNR,DC 12V,OSD Menu(Up the Coax), 130dB True WDR, IP67, 2.8/3.6mm Lens,24H Color,Smart Lighting（With Acusense DVR）,Built-in mic and speaker,Intelligent noise reduction,Up to 5 meters of two-way audio with echo cancellation ,built-in bule & red light for Live Guard with visual and auditory warnings",751.15,1089.17,45,HIKVISION SA,2MP ColorVu Hybrid Two-way Audio & Siren
DS-2CE10DF3T-LPXTS(3.6mm)(O-STD),"2M BSI CMOS Sensor,Outdoor smart hybird light with ColorVu mini Bullet,0.0005Lux/F1.0, 25m IR+20m White Light,3D DNR,DC 12V,OSD Menu(Up the Coax), 130dB True WDR, IP67, 2.8/3.6mm Lens,24H Color,Smart Lighting（With Acusense DVR）,Built-in mic and speaker,Intelligent noise reduction,Up to 5 meters of two-way audio with echo cancellation ,built-in bule & red light for Live Guard with visual and auditory warnings",736.07,1067.3,45,HIKVISION SA,2MP ColorVu Hybrid Two-way Audio & Siren
DS-2CE10DF3T-LXTS(2.8mm)(O-STD),"2M BSI CMOS Sensor,Outdoor smart hybird light with ColorVu mini Bullet,0.0005Lux/F1.0, 30m IR+20m White Light,3D DNR,DC 12V,OSD Menu(Up the Coax), 130dB True WDR, IP67, 2.8/3.6mm Lens,24H Color,Smart Lighting（With Acusense DVR）,Built-in mic and speaker,Intelligent noise reduction,Up to 5 meters of two-way audio with echo cancellation ,built-in bule & red light for Live Guard with visual and auditory warnings",786.32,1140.16,45,HIKVISION SA,2MP ColorVu Hybrid Two-way Audio & Siren
DS-2CE10DF3T-LXTS(3.6mm)(O-STD),"2M BSI CMOS Sensor,Outdoor smart hybird light with ColorVu mini Bullet,0.0005Lux/F1.0, 30m IR+20m White Light,3D DNR,DC 12V,OSD Menu(Up the Coax), 130dB True WDR, IP67, 2.8/3.6mm Lens,24H Color,Smart Lighting（With Acusense DVR）,Built-in mic and speaker,Intelligent noise reduction,Up to 5 meters of two-way audio with echo cancellation ,built-in bule & red light for Live Guard with visual and auditory warnings",771.24,1118.3,45,HIKVISION SA,2MP ColorVu Hybrid Two-way Audio & Siren
DS-2CE12DF3T-LXTS(2.8mm)(O-STD),"2M BSI CMOS Sensor,Outdoor smart hybird light with ColorVu Bullet,0.0005Lux/F1.0, 40m IR+40m White Light,3D DNR,DC 12V,OSD Menu(Up the Coax), 130dB True WDR, IP67, 2.8/3.6mm Lens,24H Color,Smart Lighting（With Acusense DVR）,Built-in mic and speaker,Intelligent noise reduction,Up to 5 meters of two-way audio with echo cancellation ,built-in bule & red light for Live Guard with visual and auditory warnings",806.41,1169.29,45,HIKVISION SA,2MP ColorVu Hybrid Two-way Audio & Siren
DS-2CE12DF3T-LXTS(3.6mm)(O-STD),"2M BSI CMOS Sensor,Outdoor smart hybird light with ColorVu Bullet,0.0005Lux/F1.0, 40m IR+40m White Light,3D DNR,DC 12V,OSD Menu(Up the Coax), 130dB True WDR, IP67, 2.8/3.6mm Lens,24H Color,Smart Lighting（With Acusense DVR）,Built-in mic and speaker,Intelligent noise reduction,Up to 5 meters of two-way audio with echo cancellation ,built-in bule & red light for Live Guard with visual and auditory warnings",788.83,1143.8,45,HIKVISION SA,2MP ColorVu Hybrid Two-way Audio & Siren
DS-2CE19DF3T-LXTS(2.8mm)(O-STD),"2M BSI CMOS Sensor,Outdoor smart hybird light with ColorVu Bullet,0.0005Lux/F1.0, 80m IR+80m White Light,3D DNR,DC 12V,OSD Menu(Up the Coax), 130dB True WDR, IP67, 2.8/3.6mm Lens,24H Color,Smart Lighting（With Acusense DVR）,Built-in mic and speaker,Intelligent noise reduction,Up to 5 meters of two-way audio with echo cancellation ,built-in bule & red light for Live Guard with visual and auditory warnings",915.7,1327.77,45,HIKVISION SA,2MP ColorVu Hybrid Two-way Audio & Siren
DS-2CE19DF3T-LXTS(3.6mm)(O-STD),"2M BSI CMOS Sensor,Outdoor smart hybird light with ColorVu Bullet,0.0005Lux/F1.0, 80m IR+80m White Light,3D DNR,DC 12V,OSD Menu(Up the Coax), 130dB True WDR, IP67, 2.8/3.6mm Lens,24H Color,Smart Lighting（With Acusense DVR）,Built-in mic and speaker,Intelligent noise reduction,Up to 5 meters of two-way audio with echo cancellation ,built-in bule & red light for Live Guard with visual and auditory warnings",900.62,1305.9,45,HIKVISION SA,2MP ColorVu Hybrid Two-way Audio & Siren
DS-2CE72DF3T-LXTS(2.8mm)(O-STD),"2M BSI CMOS Sensor,Outdoor smart hybird light with ColorVu Turret,0.0005Lux/F1.0, 40m IR+40m White Light,3D DNR,DC 12V,OSD Menu(Up the Coax), 130dB True WDR, IP67, 2.8/3.6mm Lens,24H Color,Smart Lighting（With Acusense DVR）,Built-in mic and speaker,Intelligent noise reduction,Up to 5 meters of two-way audio with echo cancellation ,built-in bule & red light for Live Guard with visual and auditory warnings",786.32,1140.16,45,HIKVISION SA,2MP ColorVu Hybrid Two-way Audio & Siren
DS-2CE72DF3T-LXTS(3.6mm)(O-STD),"2M BSI CMOS Sensor,Outdoor smart hybird light with ColorVu Turret,0.0005Lux/F1.0, 40m IR+40m White Light,3D DNR,DC 12V,OSD Menu(Up the Coax), 130dB True WDR, IP67, 2.8/3.6mm Lens,24H Color,Smart Lighting（With Acusense DVR）,Built-in mic and speaker,Intelligent noise reduction,Up to 5 meters of two-way audio with echo cancellation ,built-in bule & red light for Live Guard with visual and auditory warnings",771.24,1118.3,45,HIKVISION SA,2MP ColorVu Hybrid Two-way Audio & Siren
DS-2CE70DF3T-PTLXTS(2.8mm)(O-STD),"2M BSI CMOS Sensor,Outdoor smart hybird light with ColorVu mini PT Turret,0.0005Lux/F1.0, 25m IR+20m White Light,3D DNR,DC 12V,OSD Menu(Up the Coax), 130dB True WDR, IP67, 2.8/3.6mm Lens,24H Color,Smart Lighting（With Acusense DVR）,Built-in mic and speaker,Intelligent noise reduction,Up to 5 meters of two-way audio with echo cancellation ,built-in bule & red light for Live Guard with visual and auditory warnings",806.41,1169.29,45,HIKVISION SA,2MP ColorVu Hybrid Two-way Audio & Siren
DS-2CE70DF3T-PTLXTS(3.6mm)(O-STD),"2M BSI CMOS Sensor,Outdoor smart hybird light with ColorVu mini PT Turret,0.0005Lux/F1.0, 25m IR+20m White Light,3D DNR,DC 12V,OSD Menu(Up the Coax), 130dB True WDR, IP67, 2.8/3.6mm Lens,24H Color,Smart Lighting（With Acusense DVR）,Built-in mic and speaker,Intelligent noise reduction,Up to 5 meters of two-way audio with echo cancellation ,built-in bule & red light for Live Guard with visual and auditory warnings",788.83,1143.8,45,HIKVISION SA,2MP ColorVu Hybrid Two-way Audio & Siren
DS-2CE10KF0T-LPTS(2.8mm)(O-STD),"3K BSI CMOS Sensor,Outdoor smart hybird light with ColorVu mini Bullet,0.001 Lux Lux/F1.0, 25m IR+20m White Light,3D DNR,DC 12V,OSD Menu(Up the Coax), DWDR, IP67, 2.8/3.6mm Lens,24H Color,Smart Lighting（With Acusense DVR）,Built-in mic and speaker,Intelligent noise reduction,Up to 5 meters of two-way audio with echo cancellation",663.22,961.67,45,HIKVISION SA,3K ColorVu Hybrid Two-way Audio
DS-2CE10KF0T-LPTS(3.6mm)(O-STD),"3K BSI CMOS Sensor,Outdoor smart hybird light with ColorVu mini Bullet,0.001 Lux Lux/F1.0, 25m IR+20m White Light,3D DNR,DC 12V,OSD Menu(Up the Coax), DWDR, IP67, 2.8/3.6mm Lens,24H Color,Smart Lighting（With Acusense DVR）,Built-in mic and speaker,Intelligent noise reduction,Up to 5 meters of two-way audio with echo cancellation",651.91,945.27,45,HIKVISION SA,3K ColorVu Hybrid Two-way Audio
DS-2CE10KF0T-LTS(2.8mm)(O-STD),"3K BSI CMOS Sensor,Outdoor smart hybird light with ColorVu mini Bullet,0.001 Lux Lux/F1.0, 30m IR+20m White Light,3D DNR,DC 12V,OSD Menu(Up the Coax), DWDR, IP67, 2.8/3.6mm Lens,24H Color,Smart Lighting（With Acusense DVR）,Built-in mic and speaker,Intelligent noise reduction,Up to 5 meters of two-way audio with echo cancellation",707.18,1025.41,45,HIKVISION SA,3K ColorVu Hybrid Two-way Audio
DS-2CE10KF0T-LTS(3.6mm)(O-STD),"3K BSI CMOS Sensor,Outdoor smart hybird light with ColorVu mini Bullet,0.001 Lux Lux/F1.0, 30m IR+20m White Light,3D DNR,DC 12V,OSD Menu(Up the Coax), DWDR, IP67, 2.8/3.6mm Lens,24H Color,Smart Lighting（With Acusense DVR）,Built-in mic and speaker,Intelligent noise reduction,Up to 5 meters of two-way audio with echo cancellation",692.11,1003.56,45,HIKVISION SA,3K ColorVu Hybrid Two-way Audio
DS-2CE12KF0T-LTS(2.8mm)(O-STD),"3K BSI CMOS Sensor,Outdoor smart hybird light with ColorVu Bullet,0.001 Lux Lux/F1.0, 40m IR+40m White Light,3D DNR,DC 12V,OSD Menu(Up the Coax), DWDR, IP67, 2.8/3.6mm Lens,24H Color,Smart Lighting（With Acusense DVR）,Built-in mic and speaker,Intelligent noise reduction,Up to 5 meters of two-way audio with echo cancellation",859.17,1245.8,45,HIKVISION SA,3K ColorVu Hybrid Two-way Audio
DS-2CE12KF0T-LTS(3.6mm)(O-STD),"3K BSI CMOS Sensor,Outdoor smart hybird light with ColorVu Bullet,0.001 Lux Lux/F1.0, 40m IR+40m White Light,3D DNR,DC 12V,OSD Menu(Up the Coax), DWDR, IP67, 2.8/3.6mm Lens,24H Color,Smart Lighting（With Acusense DVR）,Built-in mic and speaker,Intelligent noise reduction,Up to 5 meters of two-way audio with echo cancellation",845.35,1225.76,45,HIKVISION SA,3K ColorVu Hybrid Two-way Audio
DS-2CE19KF0T-LTS(2.8mm)(O-STD),"3K BSI CMOS Sensor,Outdoor smart hybird light with ColorVu Bullet,0.001 Lux Lux/F1.0, 80m IR+80m White Light,3D DNR,DC 12V,OSD Menu(Up the Coax), DWDR, IP67, 2.8/3.6mm Lens,24H Color,Smart Lighting（With Acusense DVR）,Built-in mic and speaker,Intelligent noise reduction,Up to 5 meters of two-way audio with echo cancellation",1023.72,1484.39,45,HIKVISION SA,3K ColorVu Hybrid Two-way Audio
DS-2CE19KF0T-LTS(3.6mm)(O-STD),"3K BSI CMOS Sensor,Outdoor smart hybird light with ColorVu Bullet,0.001 Lux Lux/F1.0, 80m IR+80m White Light,3D DNR,DC 12V,OSD Menu(Up the Coax), DWDR, IP67, 2.8/3.6mm Lens,24H Color,Smart Lighting（With Acusense DVR）,Built-in mic and speaker,Intelligent noise reduction,Up to 5 meters of two-way audio with echo cancellation",1008.65,1462.54,45,HIKVISION SA,3K ColorVu Hybrid Two-way Audio
DS-2CE19KF0T-LTS(6mm)(O-STD),DS-2CE19KF0T-LTS(6mm)(O-STD),1043.82,1513.54,45,HIKVISION SA,3K ColorVu Hybrid Two-way Audio
DS-2CE72KF0T-LTS(2.8mm)(O-STD),"3K BSI CMOS Sensor,Outdoor smart hybird light with ColorVu Turret,0.001 Lux Lux/F1.0, 40m IR+40m White Light,3D DNR,DC 12V,OSD Menu(Up the Coax), DWDR, IP67, 2.8/3.6mm Lens,24H Color,Smart Lighting（With Acusense DVR）,Built-in mic and speaker,Intelligent noise reduction,Up to 5 meters of two-way audio with echo cancellation",786.32,1140.16,45,HIKVISION SA,3K ColorVu Hybrid Two-way Audio
DS-2CE72KF0T-LTS(3.6mm)(O-STD),"3K BSI CMOS Sensor,Outdoor smart hybird light with ColorVu Turret,0.001 Lux Lux/F1.0, 40m IR+40m White Light,3D DNR,DC 12V,OSD Menu(Up the Coax), DWDR, IP67, 2.8/3.6mm Lens,24H Color,Smart Lighting（With Acusense DVR）,Built-in mic and speaker,Intelligent noise reduction,Up to 5 meters of two-way audio with echo cancellation",771.24,1118.3,45,HIKVISION SA,3K ColorVu Hybrid Two-way Audio
DS-2CE72KF0T-LPTS(2.8mm)(O-STD),"3K BSI CMOS Sensor,Outdoor smart hybird light with ColorVu Turret,0.001 Lux Lux/F1.0, 30m IR+20m White Light,3D DNR,DC 12V,OSD Menu(Up the Coax), DWDR, IP67, 2.8/3.6mm Lens,24H Color,Smart Lighting（With Acusense DVR）,Built-in mic and speaker,Intelligent noise reduction,Up to 5 meters of two-way audio with echo cancellation",663.22,961.67,45,HIKVISION SA,3K ColorVu Hybrid Two-way Audio
DS-2CE72KF0T-LPTS(3.6mm)(O-STD),"3K BSI CMOS Sensor,Outdoor smart hybird light with ColorVu Turret,0.001 Lux Lux/F1.0, 30m IR+20m White Light,3D DNR,DC 12V,OSD Menu(Up the Coax), DWDR, IP67, 2.8/3.6mm Lens,24H Color,Smart Lighting（With Acusense DVR）,Built-in mic and speaker,Intelligent noise reduction,Up to 5 meters of two-way audio with echo cancellation",651.91,945.27,45,HIKVISION SA,3K ColorVu Hybrid Two-way Audio
DS-2CE10KF0T-LPXTS(2.8mm)(O-STD),"3K BSI CMOS Sensor,Outdoor smart hybird light with ColorVu mini Bullet,0.001 Lux Lux/F1.0, 25m IR+20m White Light,3D DNR,DC 12V,OSD Menu(Up the Coax), DWDR, IP67, 2.8/3.6mm Lens,24H Color,Smart Lighting（With Acusense DVR）,Built-in mic and speaker,Intelligent noise reduction,Up to 5 meters of two-way audio with echo cancellation ,built-in bule & red light for Live Guard with visual and auditory warnings",733.56,1063.66,45,HIKVISION SA,3K ColorVu Hybrid Two-way Audio with Siren
DS-2CE10KF0T-LPXTS(3.6mm)(O-STD),"3K BSI CMOS Sensor,Outdoor smart hybird light with ColorVu mini Bullet,0.001 Lux Lux/F1.0, 25m IR+20m White Light,3D DNR,DC 12V,OSD Menu(Up the Coax), DWDR, IP67, 2.8/3.6mm Lens,24H Color,Smart Lighting（With Acusense DVR）,Built-in mic and speaker,Intelligent noise reduction,Up to 5 meters of two-way audio with echo cancellation ,built-in bule & red light for Live Guard with visual and auditory warnings",718.49,1041.81,45,HIKVISION SA,3K ColorVu Hybrid Two-way Audio with Siren
DS-2CE10KF0T-LXTS(2.8mm)(O-STD),"3K BSI CMOS Sensor,Outdoor smart hybird light with ColorVu mini Bullet,0.001 Lux Lux/F1.0, 30m IR+20m White Light,3D DNR,DC 12V,OSD Menu(Up the Coax), DWDR, IP67, 2.8/3.6mm Lens,24H Color,Smart Lighting（With Acusense DVR）,Built-in mic and speaker,Intelligent noise reduction,Up to 5 meters of two-way audio with echo cancellation ,built-in bule & red light for Live Guard with visual and auditory warnings",775.01,1123.76,45,HIKVISION SA,3K ColorVu Hybrid Two-way Audio with Siren
DS-2CE10KF0T-LXTS(3.6mm)(O-STD),"3K BSI CMOS Sensor,Outdoor smart hybird light with ColorVu mini Bullet,0.001 Lux Lux/F1.0, 30m IR+20m White Light,3D DNR,DC 12V,OSD Menu(Up the Coax), DWDR, IP67, 2.8/3.6mm Lens,24H Color,Smart Lighting（With Acusense DVR）,Built-in mic and speaker,Intelligent noise reduction,Up to 5 meters of two-way audio with echo cancellation ,built-in bule & red light for Live Guard with visual and auditory warnings",759.94,1101.91,45,HIKVISION SA,3K ColorVu Hybrid Two-way Audio with Siren
DS-2CE12KF0T-LXTS(2.8mm)(O-STD),"3K BSI CMOS Sensor,Outdoor smart hybird light with ColorVu mini Bullet,0.001 Lux Lux/F1.0, 30m IR+20m White Light,3D DNR,DC 12V,OSD Menu(Up the Coax), DWDR, IP67, 2.8/3.6mm Lens,24H Color,Smart Lighting（With Acusense DVR）,Built-in mic and speaker,Intelligent noise reduction,Up to 5 meters of two-way audio with echo cancellation ,built-in bule & red light for Live Guard with visual and auditory warnings",944.59,1369.66,45,HIKVISION SA,3K ColorVu Hybrid Two-way Audio with Siren
DS-2CE12KF0T-LXTS(3.6mm)(O-STD),"3K BSI CMOS Sensor,Outdoor smart hybird light with ColorVu mini Bullet,0.001 Lux Lux/F1.0, 30m IR+20m White Light,3D DNR,DC 12V,OSD Menu(Up the Coax), DWDR, IP67, 2.8/3.6mm Lens,24H Color,Smart Lighting（With Acusense DVR）,Built-in mic and speaker,Intelligent noise reduction,Up to 5 meters of two-way audio with echo cancellation ,built-in bule & red light for Live Guard with visual and auditory warnings",933.28,1353.26,45,HIKVISION SA,3K ColorVu Hybrid Two-way Audio with Siren
DS-2CE19KF0T-LXTS(2.8mm)(O-STD),"3K BSI CMOS Sensor,Outdoor smart hybird light with ColorVu Bullet,0.001 Lux Lux/F1.0, 80m IR+80m White Light,3D DNR,DC 12V,OSD Menu(Up the Coax), DWDR, IP67, 2.8/3.6mm Lens,24H Color,Smart Lighting（With Acusense DVR）,Built-in mic and speaker,Intelligent noise reduction,Up to 5 meters of two-way audio with echo cancellation ,built-in bule & red light for Live Guard with visual and auditory warnings",1126.72,1633.74,45,HIKVISION SA,3K ColorVu Hybrid Two-way Audio with Siren
DS-2CE19KF0T-LXTS(3.6mm)(O-STD),"3K BSI CMOS Sensor,Outdoor smart hybird light with ColorVu Bullet,0.001 Lux Lux/F1.0, 80m IR+80m White Light,3D DNR,DC 12V,OSD Menu(Up the Coax), DWDR, IP67, 2.8/3.6mm Lens,24H Color,Smart Lighting（With Acusense DVR）,Built-in mic and speaker,Intelligent noise reduction,Up to 5 meters of two-way audio with echo cancellation ,built-in bule & red light for Live Guard with visual and auditory warnings",1114.16,1615.53,45,HIKVISION SA,3K ColorVu Hybrid Two-way Audio with Siren
DS-2CE72KF0T-LXTS(2.8mm)(O-STD),"3K BSI CMOS Sensor,Outdoor smart hybird light with ColorVu Turret,0.001 Lux Lux/F1.0, 40m IR+40m White Light,3D DNR,DC 12V,OSD Menu(Up the Coax), DWDR, IP67, 2.8/3.6mm Lens,24H Color,Smart Lighting（With Acusense DVR）,Built-in mic and speaker,Intelligent noise reduction,Up to 5 meters of two-way audio with echo cancellation ,built-in bule & red light for Live Guard with visual and auditory warnings",859.17,1245.8,45,HIKVISION SA,3K ColorVu Hybrid Two-way Audio with Siren
DS-2CE72KF0T-LXTS(3.6mm)(O-STD),"3K BSI CMOS Sensor,Outdoor smart hybird light with ColorVu Turret,0.001 Lux Lux/F1.0, 40m IR+40m White Light,3D DNR,DC 12V,OSD Menu(Up the Coax), DWDR, IP67, 2.8/3.6mm Lens,24H Color,Smart Lighting（With Acusense DVR）,Built-in mic and speaker,Intelligent noise reduction,Up to 5 meters of two-way audio with echo cancellation ,built-in bule & red light for Live Guard with visual and auditory warnings",845.35,1225.76,45,HIKVISION SA,3K ColorVu Hybrid Two-way Audio with Siren
DS-2CE72KF0T-LPXTS(2.8mm)(O-STD),"3K BSI CMOS Sensor,Outdoor smart hybird light with ColorVu Turret,0.001 Lux Lux/F1.0, 40m IR+40m White Light,3D DNR,DC 12V,OSD Menu(Up the Coax), DWDR, IP67, 2.8/3.6mm Lens,24H Color,Smart Lighting（With Acusense DVR）,Built-in mic and speaker,Intelligent noise reduction,Up to 5 meters of two-way audio with echo cancellation ,built-in bule & red light for Live Guard with visual and auditory warnings",733.56,1063.66,45,HIKVISION SA,3K ColorVu Hybrid Two-way Audio with Siren
DS-2CE72KF0T-LPXTS(3.6mm)(O-STD),"3K BSI CMOS Sensor,Outdoor smart hybird light with ColorVu Turret,0.001 Lux Lux/F1.0, 40m IR+40m White Light,3D DNR,DC 12V,OSD Menu(Up the Coax), DWDR, IP67, 2.8/3.6mm Lens,24H Color,Smart Lighting（With Acusense DVR）,Built-in mic and speaker,Intelligent noise reduction,Up to 5 meters of two-way audio with echo cancellation ,built-in bule & red light for Live Guard with visual and auditory warnings",718.49,1041.81,45,HIKVISION SA,3K ColorVu Hybrid Two-way Audio with Siren
DS-2CE10DF0T-LPFS(2.8mm)(O-STD),"2M CMOS Sensor, Outdoor smart hybird light Bullet,0.001Lux/F1.0,20m IR+20m White Light,3D DNR,12 VDC,Built-in Mic,Audio up Coaxial(Only TVI),OSD Menu(Up the Coax),  IP67, 2.8/3.6mm Lens,24H  Color，Smart Lighting（With Acusense DVR），Support TVI/AHD/CVI/CVBS video signal output",437.12,633.82,45,HIKVISION SA,2MP ColorVu with Hybrid Light
DS-2CE10DF0T-LPFS(3.6mm)(O-STD),"2M CMOS Sensor, Outdoor smart hybird light Bullet,0.001Lux/F1.0,20m IR+20m White Light,3D DNR,12 VDC,Built-in Mic,Audio up Coaxial(Only TVI),OSD Menu(Up the Coax),  IP67, 2.8/3.6mm Lens,24H  Color，Smart Lighting（With Acusense DVR），Support TVI/AHD/CVI/CVBS video signal output",434.61,630.18,45,HIKVISION SA,2MP ColorVu with Hybrid Light
DS-2CE10DF0T-LFS(2.8mm)(O-STD),"2M CMOS Sensor, Outdoor smart hybird light Bullet,0.001Lux/F1.0,20m IR+20m White Light,3D DNR,12 VDC,Built-in Mic,Audio up Coaxial(Only TVI),OSD Menu(Up the Coax),  IP67, 2.8/3.6mm Lens,24H  Color，Smart Lighting（With Acusense DVR），Support TVI/AHD/CVI/CVBS video signal output",463.5,672.07,45,HIKVISION SA,2MP ColorVu with Hybrid Light
DS-2CE10DF0T-LFS(3.6mm)(O-STD),"2M CMOS Sensor, Outdoor smart hybird light Bullet,0.001Lux/F1.0,20m IR+20m White Light,3D DNR,12 VDC,Built-in Mic,Audio up Coaxial(Only TVI),OSD Menu(Up the Coax),  IP67, 2.8/3.6mm Lens,24H  Color，Smart Lighting（With Acusense DVR），Support TVI/AHD/CVI/CVBS video signal output",454.71,659.33,45,HIKVISION SA,2MP ColorVu with Hybrid Light
DS-2CE12DF0T-LFS(2.8mm)(O-STD),"2M CMOS Sensor, Outdoor smart hybird light Bullet,0.001Lux/F1.0,40m IR+40m White Light,3D DNR,12 VDC,Built-in Mic,Audio up Coaxial(Only TVI),OSD Menu(Up the Coax),  IP67, 2.8/3.6/6mm Lens,24H  Color，Smart Lighting（With Acusense DVR），Support TVI/AHD/CVI/CVBS video signal output",560.22,812.32,45,HIKVISION SA,2MP ColorVu with Hybrid Light
DS-2CE12DF0T-LFS(3.6mm)(O-STD),"2M CMOS Sensor, Outdoor smart hybird light Bullet,0.001Lux/F1.0,40m IR+40m White Light,3D DNR,12 VDC,Built-in Mic,Audio up Coaxial(Only TVI),OSD Menu(Up the Coax),  IP67, 2.8/3.6/6mm Lens,24H  Color，Smart Lighting（With Acusense DVR），Support TVI/AHD/CVI/CVBS video signal output",551.43,799.57,45,HIKVISION SA,2MP ColorVu with Hybrid Light
DS-2CE70DF0T-LPFS(2.8mm)(O-STD),"2M CMOS Sensor, Indoor smart hybird light Turret,0.001Lux/F1.0,20m IR+20m White Light,3D DNR,12 VDC,Built-in Mic,Audio up Coaxial(Only TVI),OSD Menu(Up the Coax),  2.8/3.6mm Lens,24H  Color，Smart Lighting（With Acusense DVR），Support TVI/AHD/CVI/CVBS video signal output",410.74,595.57,45,HIKVISION SA,2MP ColorVu with Hybrid Light
DS-2CE70DF0T-LPFS(3.6mm)(O-STD),"2M CMOS Sensor, Indoor smart hybird light Turret,0.001Lux/F1.0,20m IR+20m White Light,3D DNR,12 VDC,Built-in Mic,Audio up Coaxial(Only TVI),OSD Menu(Up the Coax),  2.8/3.6mm Lens,24H  Color，Smart Lighting（With Acusense DVR），Support TVI/AHD/CVI/CVBS video signal output",408.23,591.93,45,HIKVISION SA,2MP ColorVu with Hybrid Light
DS-2CE70DF0T-LMFS(2.8mm)(O-STD),"2M CMOS Sensor, Outdoor smart hybird light Turret,0.001Lux/F1.0,20m IR+20m White Light,3D DNR,12 VDC,Built-in Mic,Audio up Coaxial(Only TVI),OSD Menu(Up the Coax),  IP67, 2.8/3.6mm Lens,24H  Color，Smart Lighting（With Acusense DVR），Support TVI/AHD/CVI/CVBS video signal output",463.5,672.07,45,HIKVISION SA,2MP ColorVu with Hybrid Light
DS-2CE70DF0T-LMFS(3.6mm)(O-STD),"2M CMOS Sensor, Outdoor smart hybird light Turret,0.001Lux/F1.0,20m IR+20m White Light,3D DNR,12 VDC,Built-in Mic,Audio up Coaxial(Only TVI),OSD Menu(Up the Coax),  IP67, 2.8/3.6mm Lens,24H  Color，Smart Lighting（With Acusense DVR），Support TVI/AHD/CVI/CVBS video signal output",458.48,664.8,45,HIKVISION SA,2MP ColorVu with Hybrid Light
DS-2CE72DF0T-LFS(2.8mm)(O-STD),"2M CMOS Sensor, Outdoor smart hybird light Turret,0.001Lux/F1.0,40m IR+40m White Light,3D DNR,12 VDC,Built-in Mic,Audio up Coaxial(Only TVI),OSD Menu(Up the Coax),  IP67, 2.8/3.6mm Lens,24H  Color，Smart Lighting（With Acusense DVR），Support TVI/AHD/CVI/CVBS video signal output",511.23,741.28,45,HIKVISION SA,2MP ColorVu with Hybrid Light
DS-2CE72DF0T-LFS(3.6mm)(O-STD),"2M CMOS Sensor, Outdoor smart hybird light Turret,0.001Lux/F1.0,40m IR+40m White Light,3D DNR,12 VDC,Built-in Mic,Audio up Coaxial(Only TVI),OSD Menu(Up the Coax),  IP67, 2.8/3.6mm Lens,24H  Color，Smart Lighting（With Acusense DVR），Support TVI/AHD/CVI/CVBS video signal output",496.16,719.43,45,HIKVISION SA,2MP ColorVu with Hybrid Light
DS-2CE10DF3T-LPFS(2.8mm)(O-STD),"2M BSI CMOS Sensor,Outdoor smart hybird light mini Bullet,0.0005Lux/F1.0, 20m IR+20m White Light,3D DNR,DC 12V,Built-in Mic,Audio up Coaxial(Only TVI),OSD Menu(Up the Coax), 130dB True WDR, IP67, 2.8/3.6mm Lens,24H Color,Smart Lighting（With Acusense DVR）,Support TVI/AHD/CVI/CVBS video signal output",656.94,952.56,45,HIKVISION SA,2MP ColorVu with Hybrid Light
DS-2CE10DF3T-LPFS(3.6mm)(O-STD),"2M BSI CMOS Sensor,Outdoor smart hybird light mini Bullet,0.0005Lux/F1.0, 20m IR+20m White Light,3D DNR,DC 12V,Built-in Mic,Audio up Coaxial(Only TVI),OSD Menu(Up the Coax), 130dB True WDR, IP67, 2.8/3.6mm Lens,24H Color,Smart Lighting（With Acusense DVR）,Support TVI/AHD/CVI/CVBS video signal output",634.33,919.78,45,HIKVISION SA,2MP ColorVu with Hybrid Light
DS-2CE10DF3T-LFS(2.8mm)(O-STD),"2M BSI CMOS Sensor,Outdoor smart hybird light mini Bullet,0.0005Lux/F1.0, 20m IR+20m White Light,3D DNR,DC 12V,Built-in Mic,Audio up Coaxial(Only TVI),OSD Menu(Up the Coax), 130dB True WDR, IP67, 2.8/3.6mm Lens,24H Color,Smart Lighting（With Acusense DVR）,Support TVI/AHD/CVI/CVBS video signal output",687.09,996.28,45,HIKVISION SA,2MP ColorVu with Hybrid Light
DS-2CE10DF3T-LFS(3.6mm)(O-STD),"2M BSI CMOS Sensor,Outdoor smart hybird light mini Bullet,0.0005Lux/F1.0, 20m IR+20m White Light,3D DNR,DC 12V,Built-in Mic,Audio up Coaxial(Only TVI),OSD Menu(Up the Coax), 130dB True WDR, IP67, 2.8/3.6mm Lens,24H Color,Smart Lighting（With Acusense DVR）,Support TVI/AHD/CVI/CVBS video signal output",656.94,952.56,45,HIKVISION SA,2MP ColorVu with Hybrid Light
DS-2CE12DF3T-LFS(2.8mm)(O-STD),"2M BSI CMOS Sensor,Outdoor smart hybird light  Bullet,0.0005Lux/F1.0, 40m IR+40m White Light,3D DNR,DC 12V,Built-in Mic,Audio up Coaxial(Only TVI),OSD Menu(Up the Coax), 130dB True WDR, IP67, 2.8/3.6mm Lens,24H Color,Smart Lighting（With Acusense DVR）,Support TVI/AHD/CVI/CVBS video signal output",768.73,1114.66,45,HIKVISION SA,2MP ColorVu with Hybrid Light
DS-2CE12DF3T-LFS(3.6mm)(O-STD),"2M BSI CMOS Sensor,Outdoor smart hybird light  Bullet,0.0005Lux/F1.0, 40m IR+40m White Light,3D DNR,DC 12V,Built-in Mic,Audio up Coaxial(Only TVI),OSD Menu(Up the Coax), 130dB True WDR, IP67, 2.8/3.6mm Lens,24H Color,Smart Lighting（With Acusense DVR）,Support TVI/AHD/CVI/CVBS video signal output",744.87,1080.06,45,HIKVISION SA,2MP ColorVu with Hybrid Light
DS-2CE70DF3T-LPFS(2.8mm)(O-STD),"2M BSI CMOS Sensor,Indoor smart hybird light  Turret,0.0005Lux/F1.0, 20m IR+20m White Light,3D DNR,DC 12V,Built-in Mic,Audio up Coaxial(Only TVI),OSD Menu(Up the Coax), 130dB True WDR, 2.8/3.6mm Lens,24H Color,Smart Lighting（With Acusense DVR）,Support TVI/AHD/CVI/CVBS video signal output",628.05,910.67,45,HIKVISION SA,2MP ColorVu with Hybrid Light
DS-2CE70DF3T-LPFS(3.6mm)(O-STD),"2M BSI CMOS Sensor,Indoor smart hybird light  Turret,0.0005Lux/F1.0, 20m IR+20m White Light,3D DNR,DC 12V,Built-in Mic,Audio up Coaxial(Only TVI),OSD Menu(Up the Coax), 130dB True WDR, 2.8/3.6mm Lens,24H Color,Smart Lighting（With Acusense DVR）,Support TVI/AHD/CVI/CVBS video signal output",604.18,876.06,45,HIKVISION SA,2MP ColorVu with Hybrid Light
DS-2CE70DF3T-LMFS(2.8mm)(O-STD),"2M BSI CMOS Sensor,Outdoor smart hybird light Turret,0.0005Lux/F1.0, 20m IR+20m White Light,3D DNR,DC 12V,Built-in Mic,Audio up Coaxial(Only TVI),OSD Menu(Up the Coax), 130dB True WDR, IP67, 2.8/3.6mm Lens,24H Color,Smart Lighting（With Acusense DVR）,Support TVI/AHD/CVI/CVBS video signal output",687.09,996.28,45,HIKVISION SA,2MP ColorVu with Hybrid Light
DS-2CE70DF3T-LMFS(3.6mm)(O-STD),"2M BSI CMOS Sensor,Outdoor smart hybird light Turret,0.0005Lux/F1.0, 20m IR+20m White Light,3D DNR,DC 12V,Built-in Mic,Audio up Coaxial(Only TVI),OSD Menu(Up the Coax), 130dB True WDR, IP67, 2.8/3.6mm Lens,24H Color,Smart Lighting（With Acusense DVR）,Support TVI/AHD/CVI/CVBS video signal output",656.94,952.56,45,HIKVISION SA,2MP ColorVu with Hybrid Light
DS-2CE72DF3T-LFS(2.8mm)(O-STD),"2M BSI CMOS Sensor,Outdoor smart hybird light Turret,0.0005Lux/F1.0, 40m IR+40m White Light,3D DNR,DC 12V,Built-in Mic,Audio up Coaxial(Only TVI),OSD Menu(Up the Coax), 130dB True WDR, IP67, 2.8/3.6mm Lens,24H Color,Smart Lighting（With Acusense DVR）,Support TVI/AHD/CVI/CVBS video signal output",709.7,1029.07,45,HIKVISION SA,2MP ColorVu with Hybrid Light
DS-2CE72DF3T-LFS(3.6mm)(O-STD),"2M BSI CMOS Sensor,Outdoor smart hybird light Turret,0.0005Lux/F1.0, 40m IR+40m White Light,3D DNR,DC 12V,Built-in Mic,Audio up Coaxial(Only TVI),OSD Menu(Up the Coax), 130dB True WDR, IP67, 2.8/3.6mm Lens,24H Color,Smart Lighting（With Acusense DVR）,Support TVI/AHD/CVI/CVBS video signal output",687.09,996.28,45,HIKVISION SA,2MP ColorVu with Hybrid Light
DS-2CE50DF3T-VPLFS(2.8mm)(O-STD),"2M BSI CMOS Sensor,Outdoor smart hybird light Dome,0.0005Lux/F1.0, 40m IR+40m White Light,3D DNR,12 VDC, Built-in Mic,Audio up Coaxial(Only TVI),OSD Menu(Up the Coax), 130dB True WDR, IP67, IK10, 2.8/3.6mm Lens,24H Color,Smart Lighting（With Acusense DVR）,Support TVI/AHD/CVI/CVBS video signal output",757.43,1098.27,45,HIKVISION SA,2MP ColorVu with Hybrid Light
DS-2CE50DF3T-VPLFS(3.6mm)(O-STD),"2M BSI CMOS Sensor,Outdoor smart hybird light Dome,0.0005Lux/F1.0, 40m IR+40m White Light,3D DNR,12 VDC, Built-in Mic,Audio up Coaxial(Only TVI),OSD Menu(Up the Coax), 130dB True WDR, IP67, IK10, 2.8/3.6mm Lens,24H Color,Smart Lighting（With Acusense DVR）,Support TVI/AHD/CVI/CVBS video signal output",733.56,1063.66,45,HIKVISION SA,2MP ColorVu with Hybrid Light
DS-2CE19DF3T-LSZE(2.8-12mm)(O-STD),"2M BSI CMOS Sensor,Outdoor smart hybird light motorized varifocal Bullet,0.0005Lux/F1.4, 40m IR+40m White Light,3D DNR,12 VDC/built-in PoC, Built-in Mic,Audio up Coaxial(Only TVI),OSD Menu(Up the Coax), 130dB True WDR, IP67, 2.8-12mm Lens,24H Color,Smart Lighting（With Acusense DVR）",1135.51,1646.49,45,HIKVISION SA,2MP ColorVu with Hybrid Light Vari-focus
DS-2CE50DF3T-VPLSZE(2.8-12mm)(O-STD),"2M BSI CMOS Sensor,Outdoor smart hybird light motorized varifocal Dome,0.0005Lux/F1.4, 40m IR+40m White Light,3D DNR,12 VDC/built-in PoC, Built-in Mic,Audio up Coaxial(Only TVI),OSD Menu(Up the Coax), 130dB True WDR, IP67, IK10, 2.8-12mm Lens,24H Color,Smart Lighting（With Acusense DVR）",1135.51,1646.49,45,HIKVISION SA,2MP ColorVu with Hybrid Light Vari-focus
DS-2CE10KF0T-LPFS(2.8mm)(O-STD),"3K （5MP 16:9）CMOS Sensor,3K @ 20 fps(Default),Outdoor smart hybird light mini Bullet,0.001Lux/F1.0,20m IR+20m White Light,2D DNR,Built-in Mic,Audio up Coaxial(Only TVI),12 VDC,OSD Menu(Up the Coax),  IP67, 2.8/3.6mm Lens,24H  Color，Smart Lighting（With Acusense DVR）,Support TVI/AHD/CVI/CVBS video signal output",625.54,907.03,45,HIKVISION SA,3K ColorVu with Hybrid Light
DS-2CE10KF0T-LPFS(3.6mm)(O-STD),"3K （5MP 16:9）CMOS Sensor,3K @ 20 fps(Default),Outdoor smart hybird light mini Bullet,0.001Lux/F1.0,20m IR+20m White Light,2D DNR,Built-in Mic,Audio up Coaxial(Only TVI),12 VDC,OSD Menu(Up the Coax),  IP67, 2.8/3.6mm Lens,24H  Color，Smart Lighting（With Acusense DVR）,Support TVI/AHD/CVI/CVBS video signal output",601.67,872.42,45,HIKVISION SA,3K ColorVu with Hybrid Light
DS-2CE10KF0T-LFS(2.8mm)(O-STD),"3K （5MP 16:9）CMOS Sensor,3K @ 20 fps(Default),Outdoor smart hybird light mini Bullet,0.001Lux/F1.0,20m IR+20m White Light,2D DNR,Built-in Mic,Audio up Coaxial(Only TVI),12 VDC,OSD Menu(Up the Coax),  IP67, 2.8/3.6mm Lens,24H  Color，Smart Lighting（With Acusense DVR）,Support TVI/AHD/CVI/CVBS video signal output",669.5,970.77,45,HIKVISION SA,3K ColorVu with Hybrid Light
DS-2CE10KF0T-LFS(3.6mm)(O-STD),"3K （5MP 16:9）CMOS Sensor,3K @ 20 fps(Default),Outdoor smart hybird light mini Bullet,0.001Lux/F1.0,20m IR+20m White Light,2D DNR,Built-in Mic,Audio up Coaxial(Only TVI),12 VDC,OSD Menu(Up the Coax),  IP67, 2.8/3.6mm Lens,24H  Color，Smart Lighting（With Acusense DVR）,Support TVI/AHD/CVI/CVBS video signal output",634.33,919.78,45,HIKVISION SA,3K ColorVu with Hybrid Light
DS-2CE12KF0T-LFS(2.8mm)(O-STD),"3K （5MP 16:9）CMOS Sensor,3K @ 20 fps(Default),Outdoor smart hybird light  Bullet,0.001Lux/F1.0,40m IR+40m White Light,2D DNR,Built-in Mic,Audio up Coaxial(Only TVI),12 VDC,OSD Menu(Up the Coax),  IP67, 2.8/3.6mm Lens,24H  Color，Smart Lighting（With Acusense DVR）,Support TVI/AHD/CVI/CVBS video signal output",815.21,1182.05,45,HIKVISION SA,3K ColorVu with Hybrid Light
DS-2CE12KF0T-LFS(3.6mm)(O-STD),"3K （5MP 16:9）CMOS Sensor,3K @ 20 fps(Default),Outdoor smart hybird light  Bullet,0.001Lux/F1.0,40m IR+40m White Light,2D DNR,Built-in Mic,Audio up Coaxial(Only TVI),12 VDC,OSD Menu(Up the Coax),  IP67, 2.8/3.6mm Lens,24H  Color，Smart Lighting（With Acusense DVR）,Support TVI/AHD/CVI/CVBS video signal output",786.32,1140.16,45,HIKVISION SA,3K ColorVu with Hybrid Light
DS-2CE70KF0T-LPFS(2.8mm)(O-STD),"3K （5MP 16:9）CMOS Sensor,3K @ 20 fps(Default),Indoor smart hybird light Turret,0.001Lux/F1.0,20m IR+20m White Light,2D DNR,Built-in Mic,Audio up Coaxial(Only TVI),12 VDC,OSD Menu(Up the Coax), 2.8/3.6mm Lens,24H  Color，Smart Lighting（With Acusense DVR）,Support TVI/AHD/CVI/CVBS video signal output",584.09,846.93,45,HIKVISION SA,3K ColorVu with Hybrid Light
DS-2CE70KF0T-LPFS(3.6mm)(O-STD),"3K （5MP 16:9）CMOS Sensor,3K @ 20 fps(Default),Indoor smart hybird light Turret,0.001Lux/F1.0,20m IR+20m White Light,2D DNR,Built-in Mic,Audio up Coaxial(Only TVI),12 VDC,OSD Menu(Up the Coax), 2.8/3.6mm Lens,24H  Color，Smart Lighting（With Acusense DVR）,Support TVI/AHD/CVI/CVBS video signal output",560.22,812.32,45,HIKVISION SA,3K ColorVu with Hybrid Light
DS-2CE70KF0T-LMFS(2.8mm)(O-STD),"3K （5MP 16:9）CMOS Sensor,3K @ 20 fps(Default),Outdoor smart hybird light  Turret,0.001Lux/F1.0,40m IR+40m White Light,2D DNR,Built-in Mic,Audio up Coaxial(Only TVI),12 VDC,OSD Menu(Up the Coax),  IP67, 2.8/3.6mm Lens,24H  Color，Smart Lighting（With Acusense DVR）,Support TVI/AHD/CVI/CVBS video signal output",654.43,948.92,45,HIKVISION SA,3K ColorVu with Hybrid Light
DS-2CE70KF0T-LMFS(3.6mm)(O-STD),"3K （5MP 16:9）CMOS Sensor,3K @ 20 fps(Default),Outdoor smart hybird light  Turret,0.001Lux/F1.0,40m IR+40m White Light,2D DNR,Built-in Mic,Audio up Coaxial(Only TVI),12 VDC,OSD Menu(Up the Coax),  IP67, 2.8/3.6mm Lens,24H  Color，Smart Lighting（With Acusense DVR）,Support TVI/AHD/CVI/CVBS video signal output",634.33,919.78,45,HIKVISION SA,3K ColorVu with Hybrid Light
DS-2CE72KF0T-LFS(2.8mm)(O-STD),"3K （5MP 16:9）CMOS Sensor,3K @ 20 fps(Default),Outdoor smart hybird light  Turret,0.001Lux/F1.0,40m IR+40m White Light,2D DNR,Built-in Mic,Audio up Coaxial(Only TVI),12 VDC,OSD Menu(Up the Coax),  IP67, 2.8/3.6mm Lens,24H  Color，Smart Lighting（With Acusense DVR）,Support TVI/AHD/CVI/CVBS video signal output",733.56,1063.66,45,HIKVISION SA,3K ColorVu with Hybrid Light
DS-2CE72KF0T-LFS(3.6mm)(O-STD),"3K （5MP 16:9）CMOS Sensor,3K @ 20 fps(Default),Outdoor smart hybird light  Turret,0.001Lux/F1.0,40m IR+40m White Light,2D DNR,Built-in Mic,Audio up Coaxial(Only TVI),12 VDC,OSD Menu(Up the Coax),  IP67, 2.8/3.6mm Lens,24H  Color，Smart Lighting（With Acusense DVR）,Support TVI/AHD/CVI/CVBS video signal output",707.18,1025.41,45,HIKVISION SA,3K ColorVu with Hybrid Light
DS-2CE10KF3T-L(2.8mm)(O-STD),"3K （5MP 16:9）BSI CMOS Sensor,3K @ 20 fps(Default), Outdoor smart hybird light Bullet,0.0003Lux/F1.0,0 Lux with white Light,20m IR+20m White Light,3D DNR,12 VDC,OSD Menu(Up the Coax), 130dB True WDR, IP67, 3.6mm Lens,24H Color",803.9,1165.65,45,HIKVISION SA,3K ColorVu with Hybrid Light
DS-2CE10KF3T-L(3.6mm)(O-STD),"3K （5MP 16:9）BSI CMOS Sensor,3K @ 20 fps(Default), Outdoor smart hybird light Bullet,0.0003Lux/F1.0,0 Lux with white Light,20m IR+20m White Light,3D DNR,12 VDC,OSD Menu(Up the Coax), 130dB True WDR, IP67, 3.6mm Lens,24H Color",777.52,1127.4,45,HIKVISION SA,3K ColorVu with Hybrid Light
DS-2CE12KF3T-L(2.8mm)(O-STD),"3K （5MP 16:9）BSI CMOS Sensor,3K @ 20 fps(Default),  Outdoor smart hybird light Bullet,0.0003Lux/F1.0,0 Lux with white Light,40m IR+40m White Light,,3D DNR,12 VDC,OSD Menu(Up the Coax), 130dB True WDR, IP67, 3.6/6mm Lens,24H Color",906.9,1315.0,45,HIKVISION SA,3K ColorVu with Hybrid Light
DS-2CE12KF3T-L(3.6mm)(O-STD),"3K （5MP 16:9）BSI CMOS Sensor,3K @ 20 fps(Default),  Outdoor smart hybird light Bullet,0.0003Lux/F1.0,0 Lux with white Light,40m IR+40m White Light,,3D DNR,12 VDC,OSD Menu(Up the Coax), 130dB True WDR, IP67, 3.6/6mm Lens,24H Color",883.04,1280.41,45,HIKVISION SA,3K ColorVu with Hybrid Light
DS-2CE72KF3T-L(2.8mm)(O-STD),"3K （5MP 16:9）BSI CMOS Sensor,3K @ 20 fps(Default), Outdoor smart hybird light Turret,0.0003Lux/F1.0,0 Lux with white Light,40m IR+40m White Light,3D DNR,12 VDC,OSD Menu(Up the Coax), 130dB True WDR, IP67, 3.6mm Lens,24H Color",839.07,1216.65,45,HIKVISION SA,3K ColorVu with Hybrid Light
DS-2CE72KF3T-L(3.6mm)(O-STD),"3K （5MP 16:9）BSI CMOS Sensor,3K @ 20 fps(Default), Outdoor smart hybird light Turret,0.0003Lux/F1.0,0 Lux with white Light,40m IR+40m White Light,3D DNR,12 VDC,OSD Menu(Up the Coax), 130dB True WDR, IP67, 3.6mm Lens,24H Color",815.21,1182.05,45,HIKVISION SA,3K ColorVu with Hybrid Light
DS-2CE12KF3TP-DLS(180°)(O-STD),"3K （5MP 20:9）dual BSI CMOS Sensor,Dual-lens design, built-in stitching algorithm, presenting a 180-degree image,3328*1504 @ 20 fps(Default), Outdoor smart hybird light Bullet,0.0005Lux/F1.0,0 Lux with white Light,40m IR+40m White Light,3D DNR,12 VDC,OSD Menu(Up the Coax), 130dB True WDR, IP67, 2.8mm Lens,24H Color,Built-in Mic,Audio up Coaxial(Only TVI)",1414.37,2050.84,45,HIKVISION SA,Panaromic 3K ColorVu with Hybrid Light
DS-2CE72KF3TP-DLS(180°)(O-STD),"3K （5MP 20:9）dual BSI CMOS Sensor,Dual-lens design, built-in stitching algorithm, presenting a 180-degree image,3328*1504 @ 20 fps(Default), Outdoor smart hybird light Bullet,0.0005Lux/F1.0,0 Lux with white Light,40m IR+40m White Light,3D DNR,12 VDC,OSD Menu(Up the Coax), 130dB True WDR, IP67, 2.8mm Lens,24H Color,Built-in Mic,Audio up Coaxial(Only TVI)",1414.37,2050.84,45,HIKVISION SA,Panaromic 3K ColorVu with Hybrid Light
DS-2CE16D0T-LPTS(2.8mm)(O-STD),"2MP CMOS Sensor, 1080P@25fps(P)(Default)/30fps(N),EXIR, 30m IR+20m White Light, Outdoor Smart-hybrid-light Bullet, ICR, 0.01 Lux/F1.2, 12 VDC, Smart IR, DNR,Smart Lighting（With Acusense DVR）,OSD Menu(Up the Coax), IP67,2.8/3.6mm Lens,Built-in mic and speaker,Intelligent noise reduction,Up to 5 meters of two-way audio with echo cancellation",440.89,639.29,45,HIKVISION SA,2MP Two-way Audio
DS-2CE16D0T-LPTS(3.6mm)(O-STD),"2MP CMOS Sensor, 1080P@25fps(P)(Default)/30fps(N),EXIR, 30m IR+20m White Light, Outdoor Smart-hybrid-light Bullet, ICR, 0.01 Lux/F1.2, 12 VDC, Smart IR, DNR,Smart Lighting（With Acusense DVR）,OSD Menu(Up the Coax), IP67,2.8/3.6mm Lens,Built-in mic and speaker,Intelligent noise reduction,Up to 5 meters of two-way audio with echo cancellation",440.89,639.29,45,HIKVISION SA,2MP Two-way Audio
DS-2CE16D0T-LTS(2.8mm)(O-STD),"2MP CMOS Sensor, 1080P@25fps(P)(Default)/30fps(N),EXIR, 30m IR+20m White Light, Outdoor Smart-hybrid-light Bullet, ICR, 0.01 Lux/F1.2, 12 VDC, Smart IR, DNR,Smart Lighting（With Acusense DVR）,OSD Menu(Up the Coax), IP67,2.8/3.6mm Lens,Built-in mic and speaker,Intelligent noise reduction,Up to 5 meters of two-way audio with echo cancellation",484.85,703.03,45,HIKVISION SA,2MP Two-way Audio
DS-2CE16D0T-LTS(3.6mm)(O-STD),"2MP CMOS Sensor, 1080P@25fps(P)(Default)/30fps(N),EXIR, 30m IR+20m White Light, Outdoor Smart-hybrid-light Bullet, ICR, 0.01 Lux/F1.2, 12 VDC, Smart IR, DNR,Smart Lighting（With Acusense DVR）,OSD Menu(Up the Coax), IP67,2.8/3.6mm Lens,Built-in mic and speaker,Intelligent noise reduction,Up to 5 meters of two-way audio with echo cancellation",463.5,672.07,45,HIKVISION SA,2MP Two-way Audio
DS-2CE17D0T-LTS(2.8mm)(O-STD),"2MP CMOS Sensor, 1080P@25fps(P)(Default)/30fps(N),EXIR, 30m IR+20m White Light, Outdoor Smart-hybrid-light Bullet, ICR, 0.01 Lux/F1.2, 12 VDC, Smart IR, DNR,Smart Lighting（With Acusense DVR）,OSD Menu(Up the Coax), IP67,2.8/3.6mm Lens,Built-in mic and speaker,Intelligent noise reduction,Up to 5 meters of two-way audio with echo cancellation",607.95,881.53,45,HIKVISION SA,2MP Two-way Audio
DS-2CE17D0T-LTS(3.6mm)(O-STD),"2MP CMOS Sensor, 1080P@25fps(P)(Default)/30fps(N),EXIR, 30m IR+20m White Light, Outdoor Smart-hybrid-light Bullet, ICR, 0.01 Lux/F1.2, 12 VDC, Smart IR, DNR,Smart Lighting（With Acusense DVR）,OSD Menu(Up the Coax), IP67,2.8/3.6mm Lens,Built-in mic and speaker,Intelligent noise reduction,Up to 5 meters of two-way audio with echo cancellation",592.88,859.68,45,HIKVISION SA,2MP Two-way Audio
DS-2CE19D0T-LTS(2.8mm)(O-STD),"2MP CMOS Sensor, 1080P@25fps(P)(Default)/30fps(N),EXIR, 80m IR+80m White Light, Outdoor Smart-hybrid-light Bullet, ICR, 0.01 Lux/F1.2, 12 VDC, Smart IR, DNR,Smart Lighting（With Acusense DVR）,OSD Menu(Up the Coax), IP67,2.8/3.6mm Lens,Built-in mic and speaker,Intelligent noise reduction,Up to 5 meters of two-way audio with echo cancellation",695.88,1009.03,45,HIKVISION SA,2MP Two-way Audio
DS-2CE19D0T-LTS(3.6mm)(O-STD),"2MP CMOS Sensor, 1080P@25fps(P)(Default)/30fps(N),EXIR, 80m IR+80m White Light, Outdoor Smart-hybrid-light Bullet, ICR, 0.01 Lux/F1.2, 12 VDC, Smart IR, DNR,Smart Lighting（With Acusense DVR）,OSD Menu(Up the Coax), IP67,2.8/3.6mm Lens,Built-in mic and speaker,Intelligent noise reduction,Up to 5 meters of two-way audio with echo cancellation",678.29,983.52,45,HIKVISION SA,2MP Two-way Audio
DS-2CE19D0T-LTS(6mm)(O-STD),"2MP CMOS Sensor, 1080P@25fps(P)(Default)/30fps(N),EXIR, 80m IR+80m White Light, Outdoor Smart-hybrid-light Bullet, ICR, 0.01 Lux/F1.2, 12 VDC, Smart IR, DNR,Smart Lighting（With Acusense DVR）,OSD Menu(Up the Coax), IP67,2.8/3.6mm Lens,Built-in mic and speaker,Intelligent noise reduction,Up to 5 meters of two-way audio with echo cancellation",709.7,1029.07,45,HIKVISION SA,2MP Two-way Audio
DS-2CE78D0T-LPTS(2.8mm)(O-STD),DS-2CE78D0T-LPTS(2.8mm)(O-STD),458.48,664.8,45,HIKVISION SA,2MP Two-way Audio
DS-2CE78D0T-LPTS(3.6mm)(O-STD),DS-2CE78D0T-LPTS(3.6mm)(O-STD),443.4,642.93,45,HIKVISION SA,2MP Two-way Audio
DS-2CE78D0T-LTS(2.8mm)(O-STD),"2MP CMOS Sensor, 1080P@25fps(P)(Default)/30fps(N),EXIR, 30m IR+20m White Light, Outdoor Smart-hybrid-light Turret, ICR, 0.01 Lux/F1.2, 12 VDC, Smart IR, DNR,Smart Lighting（With Acusense DVR）,OSD Menu(Up the Coax), IP67,2.8/3.6mm Lens,Built-in mic and speaker,Intelligent noise reduction,Up to 5 meters of two-way audio with echo cancellation",590.37,856.04,45,HIKVISION SA,2MP Two-way Audio
DS-2CE78D0T-LTS(3.6mm)(O-STD),"2MP CMOS Sensor, 1080P@25fps(P)(Default)/30fps(N),EXIR, 30m IR+20m White Light, Outdoor Smart-hybrid-light Turret, ICR, 0.01 Lux/F1.2, 12 VDC, Smart IR, DNR,Smart Lighting（With Acusense DVR）,OSD Menu(Up the Coax), IP67,2.8/3.6mm Lens,Built-in mic and speaker,Intelligent noise reduction,Up to 5 meters of two-way audio with echo cancellation",575.29,834.17,45,HIKVISION SA,2MP Two-way Audio
DS-2CE70D0T-PTLTS(2.8mm)(O-STD),"2MP CMOS Sensor, 1080P@25fps(P)(Default)/30fps(N),EXIR, 30m IR+20m White Light, Outdoor Smart-hybrid-light PT Turret, ICR, 0.01 Lux/F1.2, 12 VDC, Smart IR, DNR,Smart Lighting（With Acusense DVR）,OSD Menu(Up the Coax), IP67,2.8/3.6mm Lens,Built-in mic and speaker,Intelligent noise reduction,Up to 5 meters of two-way audio with echo cancellation",639.35,927.06,45,HIKVISION SA,2MP Two-way Audio
DS-2CE70D0T-PTLTS(3.6mm)(O-STD),"2MP CMOS Sensor, 1080P@25fps(P)(Default)/30fps(N),EXIR, 30m IR+20m White Light, Outdoor Smart-hybrid-light PT Turret, ICR, 0.01 Lux/F1.2, 12 VDC, Smart IR, DNR,Smart Lighting（With Acusense DVR）,OSD Menu(Up the Coax), IP67,2.8/3.6mm Lens,Built-in mic and speaker,Intelligent noise reduction,Up to 5 meters of two-way audio with echo cancellation",625.54,907.03,45,HIKVISION SA,2MP Two-way Audio
DS-2CE16K0T-LPTS(2.8mm)(O-STD),"3K （5MP 16:9）CMOS Sensor,3K @ 20 fps(Default),EXIR, 25m IR+20m White Light, Outdoor Smart-hybrid-light Bullet, ICR, 0.01 Lux/F2.0, 12 VDC, Smart IR, DNR,Smart Lighting（With Acusense DVR）,OSD Menu(Up the Coax), IP67,2.8/3.6mm Lens,Built-in mic and speaker,Intelligent noise reduction,Up to 5 meters of two-way audio with echo cancellation",493.65,715.79,45,HIKVISION SA,3K Two-way Audio
DS-2CE16K0T-LPTS(3.6mm)(O-STD),"3K （5MP 16:9）CMOS Sensor,3K @ 20 fps(Default),EXIR, 25m IR+20m White Light, Outdoor Smart-hybrid-light Bullet, ICR, 0.01 Lux/F2.0, 12 VDC, Smart IR, DNR,Smart Lighting（With Acusense DVR）,OSD Menu(Up the Coax), IP67,2.8/3.6mm Lens,Built-in mic and speaker,Intelligent noise reduction,Up to 5 meters of two-way audio with echo cancellation",493.65,715.79,45,HIKVISION SA,3K Two-way Audio
DS-2CE16K0T-LTS(2.8mm)(O-STD),"3K （5MP 16:9）CMOS Sensor,3K @ 20 fps(Default),EXIR, 30m IR+20m White Light, Outdoor Smart-hybrid-light Bullet, ICR, 0.01 Lux/F2.0, 12 VDC, Smart IR, DNR,Smart Lighting（With Acusense DVR）,OSD Menu(Up the Coax), IP67,2.8/3.6mm Lens,Built-in mic and speaker,Intelligent noise reduction,Up to 5 meters of two-way audio with echo cancellation",522.54,757.68,45,HIKVISION SA,3K Two-way Audio
DS-2CE16K0T-LTS(3.6mm)(O-STD),"3K （5MP 16:9）CMOS Sensor,3K @ 20 fps(Default),EXIR, 30m IR+20m White Light, Outdoor Smart-hybrid-light Bullet, ICR, 0.01 Lux/F2.0, 12 VDC, Smart IR, DNR,Smart Lighting（With Acusense DVR）,OSD Menu(Up the Coax), IP67,2.8/3.6mm Lens,Built-in mic and speaker,Intelligent noise reduction,Up to 5 meters of two-way audio with echo cancellation",522.54,757.68,45,HIKVISION SA,3K Two-way Audio
DS-2CE17K0T-LTS(2.8mm)(O-STD),"3K （5MP 16:9）CMOS Sensor,3K @ 20 fps(Default),EXIR, 40m IR+40m White Light, Outdoor Smart-hybrid-light Bullet, ICR, 0.01 Lux/F2.0, 12 VDC, Smart IR, DNR,Smart Lighting（With Acusense DVR）,OSD Menu(Up the Coax), IP67,2.8/3.6mm Lens,Built-in mic and speaker,Intelligent noise reduction,Up to 5 meters of two-way audio with echo cancellation",660.71,958.03,45,HIKVISION SA,3K Two-way Audio
DS-2CE17K0T-LTS(3.6mm)(O-STD),"3K （5MP 16:9）CMOS Sensor,3K @ 20 fps(Default),EXIR, 40m IR+40m White Light, Outdoor Smart-hybrid-light Bullet, ICR, 0.01 Lux/F2.0, 12 VDC, Smart IR, DNR,Smart Lighting（With Acusense DVR）,OSD Menu(Up the Coax), IP67,2.8/3.6mm Lens,Built-in mic and speaker,Intelligent noise reduction,Up to 5 meters of two-way audio with echo cancellation",660.71,958.03,45,HIKVISION SA,3K Two-way Audio
DS-2CE19K0T-LTS(2.8mm)(O-STD),"3K （5MP 16:9）CMOS Sensor,3K @ 20 fps(Default),EXIR, 80m IR+80m White Light, Outdoor Smart-hybrid-light Bullet, ICR, 0.01 Lux/F2.0, 12 VDC, Smart IR, DNR,Smart Lighting（With Acusense DVR）,OSD Menu(Up the Coax), IP67,2.8/3.6mm Lens,Built-in mic and speaker,Intelligent noise reduction,Up to 5 meters of two-way audio with echo cancellation",771.24,1118.3,45,HIKVISION SA,3K Two-way Audio
DS-2CE19K0T-LTS(3.6mm)(O-STD),"3K （5MP 16:9）CMOS Sensor,3K @ 20 fps(Default),EXIR, 80m IR+80m White Light, Outdoor Smart-hybrid-light Bullet, ICR, 0.01 Lux/F2.0, 12 VDC, Smart IR, DNR,Smart Lighting（With Acusense DVR）,OSD Menu(Up the Coax), IP67,2.8/3.6mm Lens,Built-in mic and speaker,Intelligent noise reduction,Up to 5 meters of two-way audio with echo cancellation",771.24,1118.3,45,HIKVISION SA,3K Two-way Audio
DS-2CE19K0T-LTS(6mm)(O-STD),"3K （5MP 16:9）CMOS Sensor,3K @ 20 fps(Default),EXIR, 80m IR+80m White Light, Outdoor Smart-hybrid-light Bullet, ICR, 0.01 Lux/F2.0, 12 VDC, Smart IR, DNR,Smart Lighting（With Acusense DVR）,OSD Menu(Up the Coax), IP67,2.8/3.6mm Lens,Built-in mic and speaker,Intelligent noise reduction,Up to 5 meters of two-way audio with echo cancellation",815.21,1182.05,45,HIKVISION SA,3K Two-way Audio
DS-2CE78K0T-LPTS(2.8mm)(O-STD),"3K （5MP 16:9）CMOS Sensor,3K @ 20 fps(Default),,EXIR, 30m IR+20m White Light, Outdoor Smart-hybrid-light Turret, ICR, 0.01 Lux/F1.2, 12 VDC, Smart IR, DNR,Smart Lighting（With Acusense DVR）,OSD Menu(Up the Coax), IP67,2.8/3.6mm Lens,Built-in mic and speaker,Intelligent noise reduction,Up to 5 meters of two-way audio with echo cancellation",507.46,735.82,45,HIKVISION SA,3K Two-way Audio
DS-2CE78K0T-LPTS(3.6mm)(O-STD),"3K （5MP 16:9）CMOS Sensor,3K @ 20 fps(Default),,EXIR, 30m IR+20m White Light, Outdoor Smart-hybrid-light Turret, ICR, 0.01 Lux/F1.2, 12 VDC, Smart IR, DNR,Smart Lighting（With Acusense DVR）,OSD Menu(Up the Coax), IP67,2.8/3.6mm Lens,Built-in mic and speaker,Intelligent noise reduction,Up to 5 meters of two-way audio with echo cancellation",493.65,715.79,45,HIKVISION SA,3K Two-way Audio
DS-2CE78K0T-LTS(2.8mm)(O-STD),"3K （5MP 16:9）CMOS Sensor,3K @ 20 fps(Default),EXIR, 40m IR+40m White Light, Outdoor Smart-hybrid-light Turret, ICR, 0.01 Lux/F2.0, 12 VDC, Smart IR, DNR,Smart Lighting（With Acusense DVR）,OSD Menu(Up the Coax), IP67,2.8/3.6mm Lens,Built-in mic and speaker,Intelligent noise reduction,Up to 5 meters of two-way audio with echo cancellation",572.78,830.53,45,HIKVISION SA,3K Two-way Audio
DS-2CE78K0T-LTS(3.6mm)(O-STD),"3K （5MP 16:9）CMOS Sensor,3K @ 20 fps(Default),EXIR, 40m IR+40m White Light, Outdoor Smart-hybrid-light Turret, ICR, 0.01 Lux/F2.0, 12 VDC, Smart IR, DNR,Smart Lighting（With Acusense DVR）,OSD Menu(Up the Coax), IP67,2.8/3.6mm Lens,Built-in mic and speaker,Intelligent noise reduction,Up to 5 meters of two-way audio with echo cancellation",572.78,830.53,45,HIKVISION SA,3K Two-way Audio
DS-2CE70K0T-PTLTS(2.8mm)(O-STD),"3K （5MP 16:9）CMOS Sensor,3K @ 20 fps(Default),EXIR, 25m IR+20m White Light,Indoor Smart-hybrid-light PT Turret, ICR, 0.01 Lux/F2.0, 12 VDC, Smart IR, DNR,Smart Lighting（With Acusense DVR）,OSD Menu(Up the Coax), 2.8/3.6mm Lens,Built-in mic and speaker,Intelligent noise reduction,Up to 5 meters of two-way audio with echo cancellation",695.88,1009.03,45,HIKVISION SA,3K Two-way Audio
DS-2CE70K0T-PTLTS(3.6mm)(O-STD),"3K （5MP 16:9）CMOS Sensor,3K @ 20 fps(Default),EXIR, 25m IR+20m White Light,Indoor Smart-hybrid-light PT Turret, ICR, 0.01 Lux/F2.0, 12 VDC, Smart IR, DNR,Smart Lighting（With Acusense DVR）,OSD Menu(Up the Coax), 2.8/3.6mm Lens,Built-in mic and speaker,Intelligent noise reduction,Up to 5 meters of two-way audio with echo cancellation",700.9,1016.3,45,HIKVISION SA,3K Two-way Audio
DS-2CE50K0T-VPLTSZ(2.7-13.5mm)(O-STD),"3K （5MP 16:9）CMOS Sensor,3K @ 20 fps(Default),EXIR, 60m IR+60m White Light, Outdoor Smart-hybrid-light Dome, ICR, 0.01 Lux/F1.6, 12 VDC, Smart IR, DNR,Smart Lighting（With Acusense DVR）,OSD Menu(Up the Coax), IP67,2.8-12mm Lens,Built-in mic and speaker,Intelligent noise reduction,Up to 5 meters of two-way audio with echo cancellation , built-in bule & red light for Live Guard with visual and auditory warnings",1247.3,1808.58,45,HIKVISION SA,3K Two-way Audio
DS-2CE16U0T-LPTS(2.8mm)(O-STD),"4K BSI CMOS Sensor,EXIR, 25m IR+20m White Light, Outdoor Smart-hybrid-light Bullet, ICR, 0.01 Lux/F2.0, 12 VDC, Smart IR, DNR,Smart Lighting（With Acusense DVR）,OSD Menu(Up the Coax), IP67,2.8/3.6mm Lens,Built-in mic and speaker,Intelligent noise reduction,Up to 5 meters of two-way audio with echo cancellation, built-in bule & red light for Live Guard with visual and auditory warnings",672.01,974.41,45,HIKVISION SA,4K Two-way Audio
DS-2CE16U0T-LPTS(3.6mm)(O-STD),"4K BSI CMOS Sensor,EXIR, 25m IR+20m White Light, Outdoor Smart-hybrid-light Bullet, ICR, 0.01 Lux/F2.0, 12 VDC, Smart IR, DNR,Smart Lighting（With Acusense DVR）,OSD Menu(Up the Coax), IP67,2.8/3.6mm Lens,Built-in mic and speaker,Intelligent noise reduction,Up to 5 meters of two-way audio with echo cancellation, built-in bule & red light for Live Guard with visual and auditory warnings",656.94,952.56,45,HIKVISION SA,4K Two-way Audio
DS-2CE16U0T-LTS(2.8mm)(O-STD),"4K BSI CMOS Sensor,EXIR, 30m IR+20m White Light, Outdoor Smart-hybrid-light Bullet, ICR, 0.01 Lux/F2.0, 12 VDC, Smart IR, DNR,Smart Lighting（With Acusense DVR）,OSD Menu(Up the Coax), IP67,2.8/3.6mm Lens,Built-in mic and speaker,Intelligent noise reduction,Up to 5 meters of two-way audio with echo cancellation , built-in bule & red light for Live Guard with visual and auditory warnings",736.07,1067.3,45,HIKVISION SA,4K Two-way Audio
DS-2CE16U0T-LTS(3.6mm)(O-STD),"4K BSI CMOS Sensor,EXIR, 30m IR+20m White Light, Outdoor Smart-hybrid-light Bullet, ICR, 0.01 Lux/F2.0, 12 VDC, Smart IR, DNR,Smart Lighting（With Acusense DVR）,OSD Menu(Up the Coax), IP67,2.8/3.6mm Lens,Built-in mic and speaker,Intelligent noise reduction,Up to 5 meters of two-way audio with echo cancellation , built-in bule & red light for Live Guard with visual and auditory warnings",722.26,1047.28,45,HIKVISION SA,4K Two-way Audio
DS-2CE17U0T-LTS(2.8mm)(O-STD),"4K BSI CMOS Sensor,EXIR, 40m IR+40m White Light, Outdoor Smart-hybrid-light Bullet, ICR, 0.01 Lux/F2.0, 12 VDC, Smart IR, DNR,Smart Lighting（With Acusense DVR）,OSD Menu(Up the Coax), IP67,2.8/3.6mm Lens,Built-in mic and speaker,Intelligent noise reduction,Up to 5 meters of two-way audio with echo cancellation , built-in bule & red light for Live Guard with visual and auditory warnings",903.13,1309.54,45,HIKVISION SA,4K Two-way Audio
DS-2CE17U0T-LTS(3.6mm)(O-STD),"4K BSI CMOS Sensor,EXIR, 40m IR+40m White Light, Outdoor Smart-hybrid-light Bullet, ICR, 0.01 Lux/F2.0, 12 VDC, Smart IR, DNR,Smart Lighting（With Acusense DVR）,OSD Menu(Up the Coax), IP67,2.8/3.6mm Lens,Built-in mic and speaker,Intelligent noise reduction,Up to 5 meters of two-way audio with echo cancellation , built-in bule & red light for Live Guard with visual and auditory warnings",889.32,1289.51,45,HIKVISION SA,4K Two-way Audio
DS-2CE19U0T-LTS(2.8mm)(O-STD),"4K BSI CMOS Sensor,EXIR, 80m IR+80m White Light, Outdoor Smart-hybrid-light Bullet, ICR, 0.01 Lux/F2.0, 12 VDC, Smart IR, DNR,Smart Lighting（With Acusense DVR）,OSD Menu(Up the Coax), IP67,2.8/3.6mm Lens,Built-in mic and speaker,Intelligent noise reduction,Up to 5 meters of two-way audio with echo cancellation , built-in bule & red light for Live Guard with visual and auditory warnings",1006.13,1458.89,45,HIKVISION SA,4K Two-way Audio
DS-2CE19U0T-LTS(3.6mm)(O-STD),"4K BSI CMOS Sensor,EXIR, 80m IR+80m White Light, Outdoor Smart-hybrid-light Bullet, ICR, 0.01 Lux/F2.0, 12 VDC, Smart IR, DNR,Smart Lighting（With Acusense DVR）,OSD Menu(Up the Coax), IP67,2.8/3.6mm Lens,Built-in mic and speaker,Intelligent noise reduction,Up to 5 meters of two-way audio with echo cancellation , built-in bule & red light for Live Guard with visual and auditory warnings",991.06,1437.04,45,HIKVISION SA,4K Two-way Audio
DS-2CE19U0T-LTS(6mm)(O-STD),"4K BSI CMOS Sensor,EXIR, 80m IR+80m White Light, Outdoor Smart-hybrid-light Bullet, ICR, 0.01 Lux/F2.0, 12 VDC, Smart IR, DNR,Smart Lighting（With Acusense DVR）,OSD Menu(Up the Coax), IP67,2.8/3.6mm Lens,Built-in mic and speaker,Intelligent noise reduction,Up to 5 meters of two-way audio with echo cancellation , built-in bule & red light for Live Guard with visual and auditory warnings",1043.82,1513.54,45,HIKVISION SA,4K Two-way Audio
DS-2CE78U0T-LPTS(2.8mm)(O-STD),"4K BSI CMOS Sensor,EXIR, 40m IR+40m White Light, Outdoor Smart-hybrid-light Turret, ICR, 0.01 Lux/F2.0, 12 VDC, Smart IR, DNR,Smart Lighting（With Acusense DVR）,OSD Menu(Up the Coax), IP67,2.8/3.6mm Lens,Built-in mic and speaker,Intelligent noise reduction,Up to 5 meters of two-way audio with echo cancellation",672.01,974.41,45,HIKVISION SA,4K Two-way Audio
DS-2CE78U0T-LPTS(3.6mm)(O-STD),"4K BSI CMOS Sensor,EXIR, 40m IR+40m White Light, Outdoor Smart-hybrid-light Turret, ICR, 0.01 Lux/F2.0, 12 VDC, Smart IR, DNR,Smart Lighting（With Acusense DVR）,OSD Menu(Up the Coax), IP67,2.8/3.6mm Lens,Built-in mic and speaker,Intelligent noise reduction,Up to 5 meters of two-way audio with echo cancellation",656.94,952.56,45,HIKVISION SA,4K Two-way Audio
DS-2CE78U0T-LTS(2.8mm)(O-STD),"4K BSI CMOS Sensor,EXIR, 40m IR+40m White Light, Outdoor Smart-hybrid-light Turret, ICR, 0.01 Lux/F2.0, 12 VDC, Smart IR, DNR,Smart Lighting（With Acusense DVR）,OSD Menu(Up the Coax), IP67,2.8/3.6mm Lens,Built-in mic and speaker,Intelligent noise reduction,Up to 5 meters of two-way audio with echo cancellation , built-in bule & red light for Live Guard with visual and auditory warnings",783.8,1136.51,45,HIKVISION SA,4K Two-way Audio
DS-2CE78U0T-LTS(3.6mm)(O-STD),"4K BSI CMOS Sensor,EXIR, 40m IR+40m White Light, Outdoor Smart-hybrid-light Turret, ICR, 0.01 Lux/F2.0, 12 VDC, Smart IR, DNR,Smart Lighting（With Acusense DVR）,OSD Menu(Up the Coax), IP67,2.8/3.6mm Lens,Built-in mic and speaker,Intelligent noise reduction,Up to 5 meters of two-way audio with echo cancellation , built-in bule & red light for Live Guard with visual and auditory warnings",768.73,1114.66,45,HIKVISION SA,4K Two-way Audio
DS-2CE16D0T-LPXTS(2.8mm)(O-STD),"2MP CMOS Sensor, 1080P@25fps(P)(Default)/30fps(N),EXIR, 30m IR+20m White Light, Outdoor Smart-hybrid-light Bullet, ICR, 0.01 Lux/F1.2, 12 VDC, Smart IR, DNR,Smart Lighting（With Acusense DVR）,OSD Menu(Up the Coax), IP67,2.8/3.6mm Lens,Built-in mic and speaker,Intelligent noise reduction,Up to 5 meters of two-way audio with echo cancellation ,built-in bule & red light for Live Guard with visual and auditory warnings,",502.44,728.54,45,HIKVISION SA,2MP Two-way Audio & Siren
DS-2CE16D0T-LPXTS(3.6mm)(O-STD),"2MP CMOS Sensor, 1080P@25fps(P)(Default)/30fps(N),EXIR, 30m IR+20m White Light, Outdoor Smart-hybrid-light Bullet, ICR, 0.01 Lux/F1.2, 12 VDC, Smart IR, DNR,Smart Lighting（With Acusense DVR）,OSD Menu(Up the Coax), IP67,2.8/3.6mm Lens,Built-in mic and speaker,Intelligent noise reduction,Up to 5 meters of two-way audio with echo cancellation ,built-in bule & red light for Live Guard with visual and auditory warnings,",487.37,706.69,45,HIKVISION SA,2MP Two-way Audio & Siren
DS-2CE16D0T-LXTS(2.8mm)(O-STD),"2MP CMOS Sensor, 1080P@25fps(P)(Default)/30fps(N),EXIR, 30m IR+20m White Light, Outdoor Smart-hybrid-light Bullet, ICR, 0.01 Lux/F1.2, 12 VDC, Smart IR, DNR,Smart Lighting（With Acusense DVR）,OSD Menu(Up the Coax), IP67,2.8/3.6mm Lens,Built-in mic and speaker,Intelligent noise reduction,Up to 5 meters of two-way audio with echo cancellation ,built-in bule & red light for Live Guard with visual and auditory warnings,",528.82,766.79,45,HIKVISION SA,2MP Two-way Audio & Siren
DS-2CE16D0T-LXTS(3.6mm)(O-STD),"2MP CMOS Sensor, 1080P@25fps(P)(Default)/30fps(N),EXIR, 30m IR+20m White Light, Outdoor Smart-hybrid-light Bullet, ICR, 0.01 Lux/F1.2, 12 VDC, Smart IR, DNR,Smart Lighting（With Acusense DVR）,OSD Menu(Up the Coax), IP67,2.8/3.6mm Lens,Built-in mic and speaker,Intelligent noise reduction,Up to 5 meters of two-way audio with echo cancellation ,built-in bule & red light for Live Guard with visual and auditory warnings,",513.74,744.92,45,HIKVISION SA,2MP Two-way Audio & Siren
DS-2CE17D0T-LXTS(2.8mm)(O-STD),"2MP CMOS Sensor, 1080P@25fps(P)(Default)/30fps(N),EXIR, 30m IR+20m White Light, Outdoor Smart-hybrid-light Bullet, ICR, 0.01 Lux/F1.2, 12 VDC, Smart IR, DNR,Smart Lighting（With Acusense DVR）,OSD Menu(Up the Coax), IP67,2.8/3.6mm Lens,Built-in mic and speaker,Intelligent noise reduction,Up to 5 meters of two-way audio with echo cancellation ,built-in bule & red light for Live Guard with visual and auditory warnings,",663.22,961.67,45,HIKVISION SA,2MP Two-way Audio & Siren
DS-2CE17D0T-LXTS(3.6mm)(O-STD),"2MP CMOS Sensor, 1080P@25fps(P)(Default)/30fps(N),EXIR, 30m IR+20m White Light, Outdoor Smart-hybrid-light Bullet, ICR, 0.01 Lux/F1.2, 12 VDC, Smart IR, DNR,Smart Lighting（With Acusense DVR）,OSD Menu(Up the Coax), IP67,2.8/3.6mm Lens,Built-in mic and speaker,Intelligent noise reduction,Up to 5 meters of two-way audio with echo cancellation ,built-in bule & red light for Live Guard with visual and auditory warnings,",651.91,945.27,45,HIKVISION SA,2MP Two-way Audio & Siren
DS-2CE19D0T-LXTS(2.8mm)(O-STD),"2MP CMOS Sensor, 1080P@25fps(P)(Default)/30fps(N),EXIR, 80m IR+80m White Light, Outdoor Smart-hybrid-light Bullet, ICR, 0.01 Lux/F1.2, 12 VDC, Smart IR, DNR,Smart Lighting（With Acusense DVR）,OSD Menu(Up the Coax), IP67,2.8/3.6mm Lens,Built-in mic and speaker,Intelligent noise reduction,Up to 5 meters of two-way audio with echo cancellation ,built-in bule & red light for Live Guard with visual and auditory warnings,",806.41,1169.29,45,HIKVISION SA,2MP Two-way Audio & Siren
DS-2CE19D0T-LXTS(3.6mm)(O-STD),"2MP CMOS Sensor, 1080P@25fps(P)(Default)/30fps(N),EXIR, 80m IR+80m White Light, Outdoor Smart-hybrid-light Bullet, ICR, 0.01 Lux/F1.2, 12 VDC, Smart IR, DNR,Smart Lighting（With Acusense DVR）,OSD Menu(Up the Coax), IP67,2.8/3.6mm Lens,Built-in mic and speaker,Intelligent noise reduction,Up to 5 meters of two-way audio with echo cancellation ,built-in bule & red light for Live Guard with visual and auditory warnings,",788.83,1143.8,45,HIKVISION SA,2MP Two-way Audio & Siren
DS-2CE19D0T-LXTS(6mm)(O-STD),"2MP CMOS Sensor, 1080P@25fps(P)(Default)/30fps(N),EXIR, 80m IR+80m White Light, Outdoor Smart-hybrid-light Bullet, ICR, 0.01 Lux/F1.2, 12 VDC, Smart IR, DNR,Smart Lighting（With Acusense DVR）,OSD Menu(Up the Coax), IP67,2.8/3.6mm Lens,Built-in mic and speaker,Intelligent noise reduction,Up to 5 meters of two-way audio with echo cancellation ,built-in bule & red light for Live Guard with visual and auditory warnings,",788.83,1143.8,45,HIKVISION SA,2MP Two-way Audio & Siren
DS-2CE78D0T-LPXTS(2.8mm)(O-STD),"2MP CMOS Sensor, 1080P@25fps(P)(Default)/30fps(N),EXIR, 30m IR+20m White Light, Outdoor Smart-hybrid-light Turret, ICR, 0.01 Lux/F1.6, 12 VDC, Smart IR, DNR,Smart Lighting（With Acusense DVR）,OSD Menu(Up the Coax), IP67,2.8/3.6mm Lens,Built-in mic and speaker,Intelligent noise reduction,Up to 5 meters of two-way audio with echo cancellation ,built-in bule & red light for Live Guard with visual and auditory warnings",502.44,728.54,45,HIKVISION SA,2MP Two-way Audio & Siren
DS-2CE78D0T-LPXTS(3.6mm)(O-STD),"2MP CMOS Sensor, 1080P@25fps(P)(Default)/30fps(N),EXIR, 30m IR+20m White Light, Outdoor Smart-hybrid-light Turret, ICR, 0.01 Lux/F1.6, 12 VDC, Smart IR, DNR,Smart Lighting（With Acusense DVR）,OSD Menu(Up the Coax), IP67,2.8/3.6mm Lens,Built-in mic and speaker,Intelligent noise reduction,Up to 5 meters of two-way audio with echo cancellation ,built-in bule & red light for Live Guard with visual and auditory warnings",487.37,706.69,45,HIKVISION SA,2MP Two-way Audio & Siren
DS-2CE78D0T-LXTS(2.8mm)(O-STD),"2MP CMOS Sensor, 1080P@25fps(P)(Default)/30fps(N),EXIR, 30m IR+20m White Light, Outdoor Smart-hybrid-light Turret, ICR, 0.01 Lux/F1.2, 12 VDC, Smart IR, DNR,Smart Lighting（With Acusense DVR）,OSD Menu(Up the Coax), IP67,2.8/3.6mm Lens,Built-in mic and speaker,Intelligent noise reduction,Up to 5 meters of two-way audio with echo cancellation ,built-in bule & red light for Live Guard with visual and auditory warnings,",643.12,932.52,45,HIKVISION SA,2MP Two-way Audio & Siren
DS-2CE78D0T-LXTS(3.6mm)(O-STD),"2MP CMOS Sensor, 1080P@25fps(P)(Default)/30fps(N),EXIR, 30m IR+20m White Light, Outdoor Smart-hybrid-light Turret, ICR, 0.01 Lux/F1.2, 12 VDC, Smart IR, DNR,Smart Lighting（With Acusense DVR）,OSD Menu(Up the Coax), IP67,2.8/3.6mm Lens,Built-in mic and speaker,Intelligent noise reduction,Up to 5 meters of two-way audio with echo cancellation ,built-in bule & red light for Live Guard with visual and auditory warnings,",628.05,910.67,45,HIKVISION SA,2MP Two-way Audio & Siren
DS-2CE70D0T-PTLXTS(2.8mm)(O-STD),"2MP CMOS Sensor, 1080P@25fps(P)(Default)/30fps(N),EXIR, 30m IR+20m White Light, Outdoor Smart-hybrid-light PT Turret, ICR, 0.01 Lux/F1.2, 12 VDC, Smart IR, DNR,Smart Lighting（With Acusense DVR）,OSD Menu(Up the Coax), IP67,2.8/3.6mm Lens,Built-in mic and speaker,Intelligent noise reduction,Up to 5 meters of two-way audio with echo cancellation ,built-in bule & red light for Live Guard with visual and auditory warnings,",704.67,1021.77,45,HIKVISION SA,2MP Two-way Audio & Siren
DS-2CE70D0T-PTLXTS(3.6mm)(O-STD),"2MP CMOS Sensor, 1080P@25fps(P)(Default)/30fps(N),EXIR, 30m IR+20m White Light, Outdoor Smart-hybrid-light PT Turret, ICR, 0.01 Lux/F1.2, 12 VDC, Smart IR, DNR,Smart Lighting（With Acusense DVR）,OSD Menu(Up the Coax), IP67,2.8/3.6mm Lens,Built-in mic and speaker,Intelligent noise reduction,Up to 5 meters of two-way audio with echo cancellation ,built-in bule & red light for Live Guard with visual and auditory warnings,",689.6,999.92,45,HIKVISION SA,2MP Two-way Audio & Siren
DS-2CE16K0T-LPXTS(2.8mm)(O-STD),"3K （5MP 16:9）CMOS Sensor,3K @ 20 fps(Default),EXIR, 25m IR+20m White Light, Outdoor Smart-hybrid-light Bullet, ICR, 0.01 Lux/F2.0, 12 VDC, Smart IR, DNR,Smart Lighting（With Acusense DVR）,OSD Menu(Up the Coax), IP67,2.8/3.6mm Lens,Built-in mic and speaker,Intelligent noise reduction,Up to 5 meters of two-way audio with echo cancellation, built-in bule & red light for Live Guard with visual and auditory warnings",563.99,817.79,45,HIKVISION SA,3K Two-way Audio & Siren
DS-2CE16K0T-LPXTS(3.6mm)(O-STD),"3K （5MP 16:9）CMOS Sensor,3K @ 20 fps(Default),EXIR, 25m IR+20m White Light, Outdoor Smart-hybrid-light Bullet, ICR, 0.01 Lux/F2.0, 12 VDC, Smart IR, DNR,Smart Lighting（With Acusense DVR）,OSD Menu(Up the Coax), IP67,2.8/3.6mm Lens,Built-in mic and speaker,Intelligent noise reduction,Up to 5 meters of two-way audio with echo cancellation, built-in bule & red light for Live Guard with visual and auditory warnings",563.99,817.79,45,HIKVISION SA,3K Two-way Audio & Siren
DS-2CE16K0T-LXTS(2.8mm)(O-STD),"3K （5MP 16:9）CMOS Sensor,3K @ 20 fps(Default),EXIR, 30m IR+20m White Light, Outdoor Smart-hybrid-light Bullet, ICR, 0.01 Lux/F2.0, 12 VDC, Smart IR, DNR,Smart Lighting（With Acusense DVR）,OSD Menu(Up the Coax), IP67,2.8/3.6mm Lens,Built-in mic and speaker,Intelligent noise reduction,Up to 5 meters of two-way audio with echo cancellation , built-in bule & red light for Live Guard with visual and auditory warnings",604.18,876.06,45,HIKVISION SA,3K Two-way Audio & Siren
DS-2CE16K0T-LXTS(3.6mm)(O-STD),"3K （5MP 16:9）CMOS Sensor,3K @ 20 fps(Default),EXIR, 30m IR+20m White Light, Outdoor Smart-hybrid-light Bullet, ICR, 0.01 Lux/F2.0, 12 VDC, Smart IR, DNR,Smart Lighting（With Acusense DVR）,OSD Menu(Up the Coax), IP67,2.8/3.6mm Lens,Built-in mic and speaker,Intelligent noise reduction,Up to 5 meters of two-way audio with echo cancellation , built-in bule & red light for Live Guard with visual and auditory warnings",607.95,881.53,45,HIKVISION SA,3K Two-way Audio & Siren
DS-2CE17K0T-LXTS(2.8mm)(O-STD),"3K （5MP 16:9）CMOS Sensor,3K @ 20 fps(Default),EXIR, 40m IR+40m White Light, Outdoor Smart-hybrid-light Bullet, ICR, 0.01 Lux/F2.0, 12 VDC, Smart IR, DNR,Smart Lighting（With Acusense DVR）,OSD Menu(Up the Coax), IP67,2.8/3.6mm Lens,Built-in mic and speaker,Intelligent noise reduction,Up to 5 meters of two-way audio with echo cancellation , built-in bule & red light for Live Guard with visual and auditory warnings",768.73,1114.66,45,HIKVISION SA,3K Two-way Audio & Siren
DS-2CE17K0T-LXTS(3.6mm)(O-STD),"3K （5MP 16:9）CMOS Sensor,3K @ 20 fps(Default),EXIR, 40m IR+40m White Light, Outdoor Smart-hybrid-light Bullet, ICR, 0.01 Lux/F2.0, 12 VDC, Smart IR, DNR,Smart Lighting（With Acusense DVR）,OSD Menu(Up the Coax), IP67,2.8/3.6mm Lens,Built-in mic and speaker,Intelligent noise reduction,Up to 5 meters of two-way audio with echo cancellation , built-in bule & red light for Live Guard with visual and auditory warnings",768.73,1114.66,45,HIKVISION SA,3K Two-way Audio & Siren
DS-2CE19K0T-LXTS(2.8mm)(O-STD),"3K （5MP 16:9）CMOS Sensor,3K @ 20 fps(Default),EXIR, 80m IR+80m White Light, Outdoor Smart-hybrid-light Bullet, ICR, 0.01 Lux/F2.0, 12 VDC, Smart IR, DNR,Smart Lighting（With Acusense DVR）,OSD Menu(Up the Coax), IP67,2.8/3.6mm Lens,Built-in mic and speaker,Intelligent noise reduction,Up to 5 meters of two-way audio with echo cancellation , built-in bule & red light for Live Guard with visual and auditory warnings",883.04,1280.41,45,HIKVISION SA,3K Two-way Audio & Siren
DS-2CE19K0T-LXTS(3.6mm)(O-STD),"3K （5MP 16:9）CMOS Sensor,3K @ 20 fps(Default),EXIR, 80m IR+80m White Light, Outdoor Smart-hybrid-light Bullet, ICR, 0.01 Lux/F2.0, 12 VDC, Smart IR, DNR,Smart Lighting（With Acusense DVR）,OSD Menu(Up the Coax), IP67,2.8/3.6mm Lens,Built-in mic and speaker,Intelligent noise reduction,Up to 5 meters of two-way audio with echo cancellation , built-in bule & red light for Live Guard with visual and auditory warnings",883.04,1280.41,45,HIKVISION SA,3K Two-way Audio & Siren
DS-2CE19K0T-LXTS(6mm)(O-STD),"3K （5MP 16:9）CMOS Sensor,3K @ 20 fps(Default),EXIR, 80m IR+80m White Light, Outdoor Smart-hybrid-light Bullet, ICR, 0.01 Lux/F2.0, 12 VDC, Smart IR, DNR,Smart Lighting（With Acusense DVR）,OSD Menu(Up the Coax), IP67,2.8/3.6mm Lens,Built-in mic and speaker,Intelligent noise reduction,Up to 5 meters of two-way audio with echo cancellation , built-in bule & red light for Live Guard with visual and auditory warnings",883.04,1280.41,45,HIKVISION SA,3K Two-way Audio & Siren
DS-2CE78K0T-LPXTS(2.8mm)(O-STD),"3K （5MP 16:9）CMOS Sensor,3K @ 20 fps(Default),,EXIR, 30m IR+20m White Light, Outdoor Smart-hybrid-light Turret, ICR, 0.01 Lux/F1.2, 12 VDC, Smart IR, DNR,Smart Lighting（With Acusense DVR）,OSD Menu(Up the Coax), IP67,2.8/3.6mm Lens,Built-in mic and speaker,Intelligent noise reduction,Up to 5 meters of two-way audio with echo cancellation ,built-in bule & red light for Live Guard with visual and auditory warnings,",577.8,837.81,45,HIKVISION SA,3K Two-way Audio & Siren
DS-2CE78K0T-LPXTS(3.6mm)(O-STD),"3K （5MP 16:9）CMOS Sensor,3K @ 20 fps(Default),,EXIR, 30m IR+20m White Light, Outdoor Smart-hybrid-light Turret, ICR, 0.01 Lux/F1.2, 12 VDC, Smart IR, DNR,Smart Lighting（With Acusense DVR）,OSD Menu(Up the Coax), IP67,2.8/3.6mm Lens,Built-in mic and speaker,Intelligent noise reduction,Up to 5 meters of two-way audio with echo cancellation ,built-in bule & red light for Live Guard with visual and auditory warnings,",560.22,812.32,45,HIKVISION SA,3K Two-way Audio & Siren
DS-2CE78K0T-LXTS(2.8mm)(O-STD),"3K （5MP 16:9）CMOS Sensor,3K @ 20 fps(Default),EXIR, 40m IR+40m White Light, Outdoor Smart-hybrid-light Turret, ICR, 0.01 Lux/F2.0, 12 VDC, Smart IR, DNR,Smart Lighting（With Acusense DVR）,OSD Menu(Up the Coax), IP67,2.8/3.6mm Lens,Built-in mic and speaker,Intelligent noise reduction,Up to 5 meters of two-way audio with echo cancellation , built-in bule & red light for Live Guard with visual and auditory warnings",742.35,1076.41,45,HIKVISION SA,3K Two-way Audio & Siren
DS-2CE78K0T-LXTS(3.6mm)(O-STD),"3K （5MP 16:9）CMOS Sensor,3K @ 20 fps(Default),EXIR, 40m IR+40m White Light, Outdoor Smart-hybrid-light Turret, ICR, 0.01 Lux/F2.0, 12 VDC, Smart IR, DNR,Smart Lighting（With Acusense DVR）,OSD Menu(Up the Coax), IP67,2.8/3.6mm Lens,Built-in mic and speaker,Intelligent noise reduction,Up to 5 meters of two-way audio with echo cancellation , built-in bule & red light for Live Guard with visual and auditory warnings",742.35,1076.41,45,HIKVISION SA,3K Two-way Audio & Siren
DS-2CE70K0T-PTLXTS(2.8mm)(O-STD),"3K （5MP 16:9）CMOS Sensor,3K @ 20 fps(Default),EXIR, 25m IR+20m White Light,Indoor Smart-hybrid-light PT Turret, ICR, 0.01 Lux/F2.0, 12 VDC, Smart IR, DNR,Smart Lighting（With Acusense DVR）,OSD Menu(Up the Coax), 2.8/3.6mm Lens,Built-in mic and speaker,Intelligent noise reduction,Up to 5 meters of two-way audio with echo cancellation, built-in bule & red light for Live Guard with visual and auditory warnings",806.41,1169.29,45,HIKVISION SA,3K Two-way Audio & Siren
DS-2CE70K0T-PTLXTS(3.6mm)(O-STD),"3K （5MP 16:9）CMOS Sensor,3K @ 20 fps(Default),EXIR, 25m IR+20m White Light,Indoor Smart-hybrid-light PT Turret, ICR, 0.01 Lux/F2.0, 12 VDC, Smart IR, DNR,Smart Lighting（With Acusense DVR）,OSD Menu(Up the Coax), 2.8/3.6mm Lens,Built-in mic and speaker,Intelligent noise reduction,Up to 5 meters of two-way audio with echo cancellation, built-in bule & red light for Live Guard with visual and auditory warnings",806.41,1169.29,45,HIKVISION SA,3K Two-way Audio & Siren
DS-2CE19K0T-LXTSZ(2.7-13.5mm)(O-STD),"3K （5MP 16:9）CMOS Sensor,3K @ 20 fps(Default),EXIR, 60m IR+60m White Light, Outdoor Smart-hybrid-light Bullet, ICR, 0.01 Lux/F1.6, 12 VDC, Smart IR, DNR,Smart Lighting（With Acusense DVR）,OSD Menu(Up the Coax), IP67,2.8-12mm Lens,Built-in mic and speaker,Intelligent noise reduction,Up to 5 meters of two-way audio with echo cancellation , built-in bule & red light for Live Guard with visual and auditory warnings",1440.74,2089.07,45,HIKVISION SA,3K Two-way Audio & Siren Vari-focus
DS-2CE79K0T-LXTSZ(2.7-13.5mm)(O-STD),"3K （5MP 16:9）CMOS Sensor,3K @ 20 fps(Default),EXIR, 60m IR+60m White Light, Outdoor Smart-hybrid-light Turret, ICR, 0.01 Lux/F1.6, 12 VDC, Smart IR, DNR,Smart Lighting（With Acusense DVR）,OSD Menu(Up the Coax), IP67,2.8-12mm Lens,Built-in mic and speaker,Intelligent noise reduction,Up to 5 meters of two-way audio with echo cancellation , built-in bule & red light for Live Guard with visual and auditory warnings",1296.29,1879.62,45,HIKVISION SA,3K Two-way Audio & Siren Vari-focus
DS-2CE16U0T-LPXTS(2.8mm)(O-STD),"4K BSI CMOS Sensor,EXIR, 25m IR+20m White Light, Outdoor Smart-hybrid-light Bullet, ICR, 0.01 Lux/F2.0, 12 VDC, Smart IR, DNR,Smart Lighting（With Acusense DVR）,OSD Menu(Up the Coax), IP67,2.8/3.6mm Lens,Built-in mic and speaker,Intelligent noise reduction,Up to 5 meters of two-way audio with echo cancellation, built-in bule & red light for Live Guard with visual and auditory warnings",739.84,1072.77,45,HIKVISION SA,4K Two-way Audio & Siren
DS-2CE16U0T-LPXTS(3.6mm)(O-STD),"4K BSI CMOS Sensor,EXIR, 25m IR+20m White Light, Outdoor Smart-hybrid-light Bullet, ICR, 0.01 Lux/F2.0, 12 VDC, Smart IR, DNR,Smart Lighting（With Acusense DVR）,OSD Menu(Up the Coax), IP67,2.8/3.6mm Lens,Built-in mic and speaker,Intelligent noise reduction,Up to 5 meters of two-way audio with echo cancellation, built-in bule & red light for Live Guard with visual and auditory warnings",724.77,1050.92,45,HIKVISION SA,4K Two-way Audio & Siren
DS-2CE16U0T-LXTS(2.8mm)(O-STD),"4K BSI CMOS Sensor,EXIR, 30m IR+20m White Light, Outdoor Smart-hybrid-light Bullet, ICR, 0.01 Lux/F2.0, 12 VDC, Smart IR, DNR,Smart Lighting（With Acusense DVR）,OSD Menu(Up the Coax), IP67,2.8/3.6mm Lens,Built-in mic and speaker,Intelligent noise reduction,Up to 5 meters of two-way audio with echo cancellation , built-in bule & red light for Live Guard with visual and auditory warnings",806.41,1169.29,45,HIKVISION SA,4K Two-way Audio & Siren
DS-2CE16U0T-LXTS(3.6mm)(O-STD),"4K BSI CMOS Sensor,EXIR, 30m IR+20m White Light, Outdoor Smart-hybrid-light Bullet, ICR, 0.01 Lux/F2.0, 12 VDC, Smart IR, DNR,Smart Lighting（With Acusense DVR）,OSD Menu(Up the Coax), IP67,2.8/3.6mm Lens,Built-in mic and speaker,Intelligent noise reduction,Up to 5 meters of two-way audio with echo cancellation , built-in bule & red light for Live Guard with visual and auditory warnings",788.83,1143.8,45,HIKVISION SA,4K Two-way Audio & Siren
DS-2CE17U0T-LXTS(2.8mm)(O-STD),"4K BSI CMOS Sensor,EXIR, 40m IR+40m White Light, Outdoor Smart-hybrid-light Bullet, ICR, 0.01 Lux/F2.0, 12 VDC, Smart IR, DNR,Smart Lighting（With Acusense DVR）,OSD Menu(Up the Coax), IP67,2.8/3.6mm Lens,Built-in mic and speaker,Intelligent noise reduction,Up to 5 meters of two-way audio with echo cancellation , built-in bule & red light for Live Guard with visual and auditory warnings",991.06,1437.04,45,HIKVISION SA,4K Two-way Audio & Siren
DS-2CE17U0T-LXTS(3.6mm)(O-STD),"4K BSI CMOS Sensor,EXIR, 40m IR+40m White Light, Outdoor Smart-hybrid-light Bullet, ICR, 0.01 Lux/F2.0, 12 VDC, Smart IR, DNR,Smart Lighting（With Acusense DVR）,OSD Menu(Up the Coax), IP67,2.8/3.6mm Lens,Built-in mic and speaker,Intelligent noise reduction,Up to 5 meters of two-way audio with echo cancellation , built-in bule & red light for Live Guard with visual and auditory warnings",977.24,1417.0,45,HIKVISION SA,4K Two-way Audio & Siren
DS-2CE19U0T-LXTS(2.8mm)(O-STD),"4K BSI CMOS Sensor,EXIR, 80m IR+80m White Light, Outdoor Smart-hybrid-light Bullet, ICR, 0.01 Lux/F2.0, 12 VDC, Smart IR, DNR,Smart Lighting（With Acusense DVR）,OSD Menu(Up the Coax), IP67,2.8/3.6mm Lens,Built-in mic and speaker,Intelligent noise reduction,Up to 5 meters of two-way audio with echo cancellation , built-in bule & red light for Live Guard with visual and auditory warnings",1105.37,1602.79,45,HIKVISION SA,4K Two-way Audio & Siren
DS-2CE19U0T-LXTS(3.6mm)(O-STD),"4K BSI CMOS Sensor,EXIR, 80m IR+80m White Light, Outdoor Smart-hybrid-light Bullet, ICR, 0.01 Lux/F2.0, 12 VDC, Smart IR, DNR,Smart Lighting（With Acusense DVR）,OSD Menu(Up the Coax), IP67,2.8/3.6mm Lens,Built-in mic and speaker,Intelligent noise reduction,Up to 5 meters of two-way audio with echo cancellation , built-in bule & red light for Live Guard with visual and auditory warnings",1091.55,1582.75,45,HIKVISION SA,4K Two-way Audio & Siren
DS-2CE19U0T-LXTS(6mm)(O-STD),"4K BSI CMOS Sensor,EXIR, 80m IR+80m White Light, Outdoor Smart-hybrid-light Bullet, ICR, 0.01 Lux/F2.0, 12 VDC, Smart IR, DNR,Smart Lighting（With Acusense DVR）,OSD Menu(Up the Coax), IP67,2.8/3.6mm Lens,Built-in mic and speaker,Intelligent noise reduction,Up to 5 meters of two-way audio with echo cancellation , built-in bule & red light for Live Guard with visual and auditory warnings",1091.55,1582.75,45,HIKVISION SA,4K Two-way Audio & Siren
DS-2CE78U0T-LPXTS(2.8mm)(O-STD),"4K BSI CMOS Sensor,EXIR, 40m IR+40m White Light, Outdoor Smart-hybrid-light Turret, ICR, 0.01 Lux/F2.0, 12 VDC, Smart IR, DNR,Smart Lighting（With Acusense DVR）,OSD Menu(Up the Coax), IP67,2.8/3.6mm Lens,Built-in mic and speaker,Intelligent noise reduction,Up to 5 meters of two-way audio with echo cancellation , built-in bule & red light for Live Guard with visual and auditory warnings",739.84,1072.77,45,HIKVISION SA,4K Two-way Audio & Siren
DS-2CE78U0T-LPXTS(3.6mm)(O-STD),"4K BSI CMOS Sensor,EXIR, 40m IR+40m White Light, Outdoor Smart-hybrid-light Turret, ICR, 0.01 Lux/F2.0, 12 VDC, Smart IR, DNR,Smart Lighting（With Acusense DVR）,OSD Menu(Up the Coax), IP67,2.8/3.6mm Lens,Built-in mic and speaker,Intelligent noise reduction,Up to 5 meters of two-way audio with echo cancellation , built-in bule & red light for Live Guard with visual and auditory warnings",724.77,1050.92,45,HIKVISION SA,4K Two-way Audio & Siren
DS-2CE78U0T-LXTS(2.8mm)(O-STD),"4K BSI CMOS Sensor,EXIR, 40m IR+40m White Light, Outdoor Smart-hybrid-light Turret, ICR, 0.01 Lux/F2.0, 12 VDC, Smart IR, DNR,Smart Lighting（With Acusense DVR）,OSD Menu(Up the Coax), IP67,2.8/3.6mm Lens,Built-in mic and speaker,Intelligent noise reduction,Up to 5 meters of two-way audio with echo cancellation , built-in bule & red light for Live Guard with visual and auditory warnings",859.17,1245.8,45,HIKVISION SA,4K Two-way Audio & Siren
DS-2CE78U0T-LXTS(3.6mm)(O-STD),"4K BSI CMOS Sensor,EXIR, 40m IR+40m White Light, Outdoor Smart-hybrid-light Turret, ICR, 0.01 Lux/F2.0, 12 VDC, Smart IR, DNR,Smart Lighting（With Acusense DVR）,OSD Menu(Up the Coax), IP67,2.8/3.6mm Lens,Built-in mic and speaker,Intelligent noise reduction,Up to 5 meters of two-way audio with echo cancellation , built-in bule & red light for Live Guard with visual and auditory warnings",845.35,1225.76,45,HIKVISION SA,4K Two-way Audio & Siren
DS-2CE18D0T-LFS(2.8mm)(O-STD),"2MP CMOS Sensor, Smart Hybrid Light (EXIR 60m, White Light 60m), Outdoor Bullet, ICR, 0.01 Lux/F1.2, 12 VDC, Smart IR, DNR, IP67, 2.8/3.6/6mm Lens, Support TVI/AHD/CVI/CVBS video signal output",463.5,672.07,45,HIKVISION SA,2MP Lamp camera (smart hybrid light)
DS-2CE18D0T-LFS(3.6mm)(O-STD),"2MP CMOS Sensor, Smart Hybrid Light (EXIR 60m, White Light 60m), Outdoor Bullet, ICR, 0.01 Lux/F1.2, 12 VDC, Smart IR, DNR, IP67, 2.8/3.6/6mm Lens, Support TVI/AHD/CVI/CVBS video signal output",458.48,664.8,45,HIKVISION SA,2MP Lamp camera (smart hybrid light)
DS-2CE18D0T-LFS(6mm)(O-STD),"2MP CMOS Sensor, Smart Hybrid Light (EXIR 60m, White Light 60m), Outdoor Bullet, ICR, 0.01 Lux/F1.2, 12 VDC, Smart IR, DNR, IP67, 2.8/3.6/6mm Lens, Support TVI/AHD/CVI/CVBS video signal output",458.48,664.8,45,HIKVISION SA,2MP Lamp camera (smart hybrid light)
DS-2CE18K0T-LFS(2.8mm)(O-STD),"3K （5MP 16:9）CMOS Sensor,3K @ 20 fps(Default), EXIR, Lamp looking,40m IR+60m White Light, Outdoor Lamp Cam, ICR, 0.01 Lux/F1.2, 12 VDC, Smart IR, DNR, Built-in Mic,Audio up Coaxial(Only TVI),Smart Lighting（With Acusense DVR）,OSD Menu(Up the Coax), IP67,2.8/3.6/6mm Lens，Support TVI/AHD/CVI/CVBS video signal output",651.91,945.27,45,HIKVISION SA,3K Lamp camera (smart hybrid light)
DS-2CE18K0T-LFS(3.6mm)(O-STD),"3K （5MP 16:9）CMOS Sensor,3K @ 20 fps(Default), EXIR, Lamp looking,40m IR+60m White Light, Outdoor Lamp Cam, ICR, 0.01 Lux/F1.2, 12 VDC, Smart IR, DNR, Built-in Mic,Audio up Coaxial(Only TVI),Smart Lighting（With Acusense DVR）,OSD Menu(Up the Coax), IP67,2.8/3.6/6mm Lens，Support TVI/AHD/CVI/CVBS video signal output",639.35,927.06,45,HIKVISION SA,3K Lamp camera (smart hybrid light)
DS-2CE18K0T-LFS(6mm)(O-STD),"3K （5MP 16:9）CMOS Sensor,3K @ 20 fps(Default), EXIR, Lamp looking,40m IR+60m White Light, Outdoor Lamp Cam, ICR, 0.01 Lux/F1.2, 12 VDC, Smart IR, DNR, Built-in Mic,Audio up Coaxial(Only TVI),Smart Lighting（With Acusense DVR）,OSD Menu(Up the Coax), IP67,2.8/3.6/6mm Lens，Support TVI/AHD/CVI/CVBS video signal output",639.35,927.06,45,HIKVISION SA,3K Lamp camera (smart hybrid light)
DS-2CE16D0T-LPFS(2.8mm)(O-STD),"2MP CMOS Sensor, 1080P@25fps(P)(Default)/30fps(N),EXIR, 25m IR+20m White Light, Outdoor Dual-light Bullet, ICR, 0.01 Lux/F1.2, 12 VDC, Smart IR, DNR, Built-in Mic,Audio up Coaxial(Only TVI),Smart Lighting（With Acusense DVR）,OSD Menu(Up the Coax), IP67,2.8/3.6mm Lens，Support TVI/AHD/CVI/CVBS video signal output",340.4,493.58,45,HIKVISION SA,2MP Smart Hybrid Light with Audio
DS-2CE16D0T-LPFS(3.6mm)(O-STD),"2MP CMOS Sensor, 1080P@25fps(P)(Default)/30fps(N),EXIR, 25m IR+20m White Light, Outdoor Dual-light Bullet, ICR, 0.01 Lux/F1.2, 12 VDC, Smart IR, DNR, Built-in Mic,Audio up Coaxial(Only TVI),Smart Lighting（With Acusense DVR）,OSD Menu(Up the Coax), IP67,2.8/3.6mm Lens，Support TVI/AHD/CVI/CVBS video signal output",331.61,480.83,45,HIKVISION SA,2MP Smart Hybrid Light with Audio
DS-2CE16D0T-LFS(2.8mm)(O-STD),"2MP CMOS Sensor, 1080P@25fps(P)(Default)/30fps(N), EXIR, 30m IR+20m White Light, Outdoor Dual-light Bullet, ICR, 0.01 Lux/F1.2, 12 VDC, Smart IR, DNR, Built-in Mic,Audio up Coaxial(Only TVI),Smart Lighting（With Acusense DVR）,OSD Menu(Up the Coax), IP67,2.8/3.6mm Lens，Support TVI/AHD/CVI/CVBS video signal output",364.27,528.19,45,HIKVISION SA,2MP Smart Hybrid Light with Audio
DS-2CE16D0T-LFS(3.6mm)(O-STD),"2MP CMOS Sensor, 1080P@25fps(P)(Default)/30fps(N), EXIR, 30m IR+20m White Light, Outdoor Dual-light Bullet, ICR, 0.01 Lux/F1.2, 12 VDC, Smart IR, DNR, Built-in Mic,Audio up Coaxial(Only TVI),Smart Lighting（With Acusense DVR）,OSD Menu(Up the Coax), IP67,2.8/3.6mm Lens，Support TVI/AHD/CVI/CVBS video signal output",355.48,515.45,45,HIKVISION SA,2MP Smart Hybrid Light with Audio
DS-2CE17D0T-LFS(2.8mm)(O-STD),"2MP CMOS Sensor, 1080P@25fps(P)(Default)/30fps(N), EXIR, 40m IR+40m White Light, Outdoor Dual-light Bullet, ICR, 0.01 Lux/F1.2, 12 VDC, Smart IR, DNR, Built-in Mic,Audio up Coaxial(Only TVI),Smart Lighting（With Acusense DVR）,OSD Menu(Up the Coax), IP67,2.8/3.6/6mm Lens，Support TVI/AHD/CVI/CVBS video signal output",460.99,668.44,45,HIKVISION SA,2MP Smart Hybrid Light with Audio
DS-2CE17D0T-LFS(3.6mm)(O-STD),"2MP CMOS Sensor, 1080P@25fps(P)(Default)/30fps(N), EXIR, 40m IR+40m White Light, Outdoor Dual-light Bullet, ICR, 0.01 Lux/F1.2, 12 VDC, Smart IR, DNR, Built-in Mic,Audio up Coaxial(Only TVI),Smart Lighting（With Acusense DVR）,OSD Menu(Up the Coax), IP67,2.8/3.6/6mm Lens，Support TVI/AHD/CVI/CVBS video signal output",452.2,655.69,45,HIKVISION SA,2MP Smart Hybrid Light with Audio
DS-2CE17D0T-LFS(6mm)(O-STD),"2MP CMOS Sensor, 1080P@25fps(P)(Default)/30fps(N), EXIR, 40m IR+40m White Light, Outdoor Dual-light Bullet, ICR, 0.01 Lux/F1.2, 12 VDC, Smart IR, DNR, Built-in Mic,Audio up Coaxial(Only TVI),Smart Lighting（With Acusense DVR）,OSD Menu(Up the Coax), IP67,2.8/3.6/6mm Lens，Support TVI/AHD/CVI/CVBS video signal output",452.2,655.69,45,HIKVISION SA,2MP Smart Hybrid Light with Audio
DS-2CE76D0T-LPFS(2.8mm)(O-STD),"2MP CMOS Sensor, 1080P@25fps(P)(Default)/30fps(N),EXIR, 20m IR+20m White Light, indoor Dual-light Turret, ICR, 0.01 Lux/F1.2, 12 VDC, Smart IR, DNR, Built-in Mic,Audio up Coaxial(Only TVI),Smart Lighting（With Acusense DVR）,OSD Menu(Up the Coax), 2.8/3.6mm Lens，Support TVI/AHD/CVI/CVBS video signal output",320.3,464.44,45,HIKVISION SA,2MP Smart Hybrid Light with Audio
DS-2CE76D0T-LPFS(3.6mm)(O-STD),"2MP CMOS Sensor, 1080P@25fps(P)(Default)/30fps(N),EXIR, 20m IR+20m White Light, indoor Dual-light Turret, ICR, 0.01 Lux/F1.2, 12 VDC, Smart IR, DNR, Built-in Mic,Audio up Coaxial(Only TVI),Smart Lighting（With Acusense DVR）,OSD Menu(Up the Coax), 2.8/3.6mm Lens，Support TVI/AHD/CVI/CVBS video signal output",309.0,448.05,45,HIKVISION SA,2MP Smart Hybrid Light with Audio
DS-2CE76D0T-LMFS(2.8mm)(O-STD),"2MP CMOS Sensor, 1080P@25fps(P)(Default)/30fps(N),EXIR, 30m IR+20m White Light, Outdoor Dual-light Turret, ICR, 0.01 Lux/F1.2, 12 VDC, Smart IR, DNR, Built-in Mic,Audio up Coaxial(Only TVI),Smart Lighting（With Acusense DVR）,OSD Menu(Up the Coax), IP67,2.8/3.6mm Lens，Support TVI/AHD/CVI/CVBS video signal output",364.27,528.19,45,HIKVISION SA,2MP Smart Hybrid Light with Audio
DS-2CE76D0T-LMFS(3.6mm)(O-STD),"2MP CMOS Sensor, 1080P@25fps(P)(Default)/30fps(N),EXIR, 30m IR+20m White Light, Outdoor Dual-light Turret, ICR, 0.01 Lux/F1.2, 12 VDC, Smart IR, DNR, Built-in Mic,Audio up Coaxial(Only TVI),Smart Lighting（With Acusense DVR）,OSD Menu(Up the Coax), IP67,2.8/3.6mm Lens，Support TVI/AHD/CVI/CVBS video signal output",355.48,515.45,45,HIKVISION SA,2MP Smart Hybrid Light with Audio
DS-2CE78D0T-LFS(2.8mm)(O-STD),"2MP CMOS Sensor, 1080P@25fps(P)(Default)/30fps(N), EXIR, 40m IR+20m White Light, Outdoor Dual-light Turret, ICR, 0.01 Lux/F1.2, 12 VDC, Smart IR, DNR, Built-in Mic,Audio up Coaxial(Only TVI),Smart Lighting（With Acusense DVR）,OSD Menu(Up the Coax), IP67,2.8/3.6mm Lens，Support TVI/AHD/CVI/CVBS video signal output",452.2,655.69,45,HIKVISION SA,2MP Smart Hybrid Light with Audio
DS-2CE78D0T-LFS(3.6mm)(O-STD),"2MP CMOS Sensor, 1080P@25fps(P)(Default)/30fps(N), EXIR, 40m IR+20m White Light, Outdoor Dual-light Turret, ICR, 0.01 Lux/F1.2, 12 VDC, Smart IR, DNR, Built-in Mic,Audio up Coaxial(Only TVI),Smart Lighting（With Acusense DVR）,OSD Menu(Up the Coax), IP67,2.8/3.6mm Lens，Support TVI/AHD/CVI/CVBS video signal output",419.54,608.33,45,HIKVISION SA,2MP Smart Hybrid Light with Audio
DS-2CE16K0T-LFS(2.8mm)(O-STD),"3K （5MP 16:9）CMOS Sensor,3K @ 20 fps(Default), EXIR, 30m IR+20m White Light, Outdoor Dual-light Bullet, ICR, 0.01 Lux/F1.2, 12 VDC, Smart IR, DNR, Built-in Mic,Audio up Coaxial(Only TVI),Smart Lighting（With Acusense DVR）,OSD Menu(Up the Coax), IP67,2.8/3.6mm Lens，Support TVI/AHD/CVI/CVBS video signal output",469.78,681.18,45,HIKVISION SA,3K Smart Hybrid Light with Audio
DS-2CE16K0T-LFS(3.6mm)(O-STD),"3K （5MP 16:9）CMOS Sensor,3K @ 20 fps(Default), EXIR, 30m IR+20m White Light, Outdoor Dual-light Bullet, ICR, 0.01 Lux/F1.2, 12 VDC, Smart IR, DNR, Built-in Mic,Audio up Coaxial(Only TVI),Smart Lighting（With Acusense DVR）,OSD Menu(Up the Coax), IP67,2.8/3.6mm Lens，Support TVI/AHD/CVI/CVBS video signal output",458.48,664.8,45,HIKVISION SA,3K Smart Hybrid Light with Audio
DS-2CE16K0T-LPFS(2.8mm)(O-STD),"3K （5MP 16:9）CMOS Sensor,3K @ 20 fps(Default),EXIR, 25m IR+20m White Light, Outdoor Dual-light Bullet, ICR, 0.01 Lux/F1.2, 12 VDC, Smart IR, DNR, Built-in Mic,Audio up Coaxial(Only TVI),Smart Lighting（With Acusense DVR）,OSD Menu(Up the Coax), IP67,2.8/3.6mm Lens，Support TVI/AHD/CVI/CVBS video signal output",437.12,633.82,45,HIKVISION SA,3K Smart Hybrid Light with Audio
DS-2CE16K0T-LPFS(3.6mm)(O-STD),"3K （5MP 16:9）CMOS Sensor,3K @ 20 fps(Default),EXIR, 25m IR+20m White Light, Outdoor Dual-light Bullet, ICR, 0.01 Lux/F1.2, 12 VDC, Smart IR, DNR, Built-in Mic,Audio up Coaxial(Only TVI),Smart Lighting（With Acusense DVR）,OSD Menu(Up the Coax), IP67,2.8/3.6mm Lens，Support TVI/AHD/CVI/CVBS video signal output",434.61,630.18,45,HIKVISION SA,3K Smart Hybrid Light with Audio
DS-2CE17K0T-LFS(2.8mm)(O-STD),"3K （5MP 16:9）CMOS Sensor,3K @ 20 fps(Default), EXIR, 40m IR+40m White Light, Outdoor Dual-light Bullet, ICR, 0.01 Lux/F1.2, 12 VDC, Smart IR, DNR, Built-in Mic,Audio up Coaxial(Only TVI),Smart Lighting（With Acusense DVR）,OSD Menu(Up the Coax), IP67,2.8/3.6/6mm Lens，Support TVI/AHD/CVI/CVBS video signal output",560.22,812.32,45,HIKVISION SA,3K Smart Hybrid Light with Audio
DS-2CE17K0T-LFS(3.6mm)(O-STD),"3K （5MP 16:9）CMOS Sensor,3K @ 20 fps(Default), EXIR, 40m IR+40m White Light, Outdoor Dual-light Bullet, ICR, 0.01 Lux/F1.2, 12 VDC, Smart IR, DNR, Built-in Mic,Audio up Coaxial(Only TVI),Smart Lighting（With Acusense DVR）,OSD Menu(Up the Coax), IP67,2.8/3.6/6mm Lens，Support TVI/AHD/CVI/CVBS video signal output",551.43,799.57,45,HIKVISION SA,3K Smart Hybrid Light with Audio
DS-2CE17K0T-LFS(6mm)(O-STD),"3K （5MP 16:9）CMOS Sensor,3K @ 20 fps(Default), EXIR, 40m IR+40m White Light, Outdoor Dual-light Bullet, ICR, 0.01 Lux/F1.2, 12 VDC, Smart IR, DNR, Built-in Mic,Audio up Coaxial(Only TVI),Smart Lighting（With Acusense DVR）,OSD Menu(Up the Coax), IP67,2.8/3.6/6mm Lens，Support TVI/AHD/CVI/CVBS video signal output",551.43,799.57,45,HIKVISION SA,3K Smart Hybrid Light with Audio
DS-2CE76K0T-LPFS(2.8mm)(O-STD),"3K （5MP 16:9）CMOS Sensor,3K @ 20 fps(Default),EXIR, 20m IR+20m White Light, indoor Dual-light Turret, ICR, 0.01 Lux/F1.2, 12 VDC, Smart IR, DNR, Built-in Mic,Audio up Coaxial(Only TVI),Smart Lighting（With Acusense DVR）,OSD Menu(Up the Coax), 2.8/3.6mm Lens，Support TVI/AHD/CVI/CVBS video signal output",410.74,595.57,45,HIKVISION SA,3K Smart Hybrid Light with Audio
DS-2CE76K0T-LPFS(3.6mm)(O-STD),"3K （5MP 16:9）CMOS Sensor,3K @ 20 fps(Default),EXIR, 20m IR+20m White Light, indoor Dual-light Turret, ICR, 0.01 Lux/F1.2, 12 VDC, Smart IR, DNR, Built-in Mic,Audio up Coaxial(Only TVI),Smart Lighting（With Acusense DVR）,OSD Menu(Up the Coax), 2.8/3.6mm Lens，Support TVI/AHD/CVI/CVBS video signal output",408.23,591.93,45,HIKVISION SA,3K Smart Hybrid Light with Audio
DS-2CE76K0T-LMFS(2.8mm)(O-STD),"3K （5MP 16:9）CMOS Sensor,3K @ 20 fps(Default),EXIR, 30m IR+20m White Light, Outdoor Dual-light Turret, ICR, 0.01 Lux/F1.2, 12 VDC, Smart IR, DNR, Built-in Mic,Audio up Coaxial(Only TVI),Smart Lighting（With Acusense DVR）,OSD Menu(Up the Coax), IP67,2.8/3.6mm Lens，Support TVI/AHD/CVI/CVBS video signal output",469.78,681.18,45,HIKVISION SA,3K Smart Hybrid Light with Audio
DS-2CE76K0T-LMFS(3.6mm)(O-STD),"3K （5MP 16:9）CMOS Sensor,3K @ 20 fps(Default),EXIR, 30m IR+20m White Light, Outdoor Dual-light Turret, ICR, 0.01 Lux/F1.2, 12 VDC, Smart IR, DNR, Built-in Mic,Audio up Coaxial(Only TVI),Smart Lighting（With Acusense DVR）,OSD Menu(Up the Coax), IP67,2.8/3.6mm Lens，Support TVI/AHD/CVI/CVBS video signal output",460.99,668.44,45,HIKVISION SA,3K Smart Hybrid Light with Audio
DS-2CE78K0T-LFS(2.8mm)(O-STD),"3K （5MP 16:9）CMOS Sensor,3K @ 20 fps(Default), EXIR, 40m IR+20m White Light, Outdoor Dual-light Turret, ICR, 0.01 Lux/F1.2, 12 VDC, Smart IR, DNR, Built-in Mic,Audio up Coaxial(Only TVI),Smart Lighting（With Acusense DVR）,OSD Menu(Up the Coax), IP67,2.8/3.6mm Lens，Support TVI/AHD/CVI/CVBS video signal output",507.46,735.82,45,HIKVISION SA,3K Smart Hybrid Light with Audio
DS-2CE78K0T-LFS(3.6mm)(O-STD),"3K （5MP 16:9）CMOS Sensor,3K @ 20 fps(Default), EXIR, 40m IR+20m White Light, Outdoor Dual-light Turret, ICR, 0.01 Lux/F1.2, 12 VDC, Smart IR, DNR, Built-in Mic,Audio up Coaxial(Only TVI),Smart Lighting（With Acusense DVR）,OSD Menu(Up the Coax), IP67,2.8/3.6mm Lens，Support TVI/AHD/CVI/CVBS video signal output",496.16,719.43,45,HIKVISION SA,3K Smart Hybrid Light with Audio
DS-2CE16U0T-LPF(2.8mm)(O-STD),"8 MP @12.5 fps, 8 MP @15 fps, 4 MP @25 fps, 4 MP @30fps, 2 MP @25 fps, 2 MP @30 fps,EXIR, 25m IR+20m White Light, Outdoor Dual-light Bullet, ICR, 0.01 Lux/F1.6, 12 VDC, Smart IR, DNR,Smart Lighting（With Acusense DVR）,OSD Menu(Up the Coax), IP67,2.8/3.6mm Lens，Support TVI/AHD/CVI/CVBS video signal output",612.98,888.82,45,HIKVISION SA,4K Smart Hybrid Light
DS-2CE16U0T-LPF(3.6mm)(O-STD),"8 MP @12.5 fps, 8 MP @15 fps, 4 MP @25 fps, 4 MP @30fps, 2 MP @25 fps, 2 MP @30 fps,EXIR, 25m IR+20m White Light, Outdoor Dual-light Bullet, ICR, 0.01 Lux/F1.6, 12 VDC, Smart IR, DNR,Smart Lighting（With Acusense DVR）,OSD Menu(Up the Coax), IP67,2.8/3.6mm Lens，Support TVI/AHD/CVI/CVBS video signal output",601.67,872.42,45,HIKVISION SA,4K Smart Hybrid Light
DS-2CE16U0T-LF(2.8mm)(O-STD),"8 MP @12.5 fps, 8 MP @15 fps, 4 MP @25 fps, 4 MP @30fps, 2 MP @25 fps, 2 MP @30 fps,EXIR, 30m IR+20m White Light, Outdoor Dual-light Bullet, ICR, 0.01 Lux/F1.6, 12 VDC, Smart IR, DNR,Smart Lighting（With Acusense DVR）,OSD Menu(Up the Coax), IP67,2.8/3.6mm Lens，Support TVI/AHD/CVI/CVBS video signal output",669.5,970.77,45,HIKVISION SA,4K Smart Hybrid Light
DS-2CE16U0T-LF(3.6mm)(O-STD),"8 MP @12.5 fps, 8 MP @15 fps, 4 MP @25 fps, 4 MP @30fps, 2 MP @25 fps, 2 MP @30 fps,EXIR, 30m IR+20m White Light, Outdoor Dual-light Bullet, ICR, 0.01 Lux/F1.6, 12 VDC, Smart IR, DNR,Smart Lighting（With Acusense DVR）,OSD Menu(Up the Coax), IP67,2.8/3.6mm Lens，Support TVI/AHD/CVI/CVBS video signal output",654.43,948.92,45,HIKVISION SA,4K Smart Hybrid Light
DS-2CE17U0T-LF(2.8mm)(O-STD),"8 MP @12.5 fps, 8 MP @15 fps, 4 MP @25 fps, 4 MP @30fps, 2 MP @25 fps, 2 MP @30 fps,EXIR, 40m IR+40m White Light, Outdoor Dual-light Bullet, ICR, 0.01 Lux/F1.6, 12 VDC, Smart IR, DNR,Smart Lighting（With Acusense DVR）,OSD Menu(Up the Coax), IP67,2.8/3.6mm Lens，Support TVI/AHD/CVI/CVBS video signal output",824.0,1194.8,45,HIKVISION SA,4K Smart Hybrid Light
DS-2CE17U0T-LF(3.6mm)(O-STD),"8 MP @12.5 fps, 8 MP @15 fps, 4 MP @25 fps, 4 MP @30fps, 2 MP @25 fps, 2 MP @30 fps,EXIR, 40m IR+40m White Light, Outdoor Dual-light Bullet, ICR, 0.01 Lux/F1.6, 12 VDC, Smart IR, DNR,Smart Lighting（With Acusense DVR）,OSD Menu(Up the Coax), IP67,2.8/3.6mm Lens，Support TVI/AHD/CVI/CVBS video signal output",810.18,1174.76,45,HIKVISION SA,4K Smart Hybrid Light
DS-2CE76U0T-LPF(2.8mm)(O-STD),"8 MP @12.5 fps, 8 MP @15 fps, 4 MP @25 fps, 4 MP @30fps, 2 MP @25 fps, 2 MP @30 fps,EXIR, 20m IR+20m White Light, Indoor Dual-light Turret, ICR, 0.01 Lux/F1.6, 12 VDC, Smart IR, DNR,Smart Lighting（With Acusense DVR）,OSD Menu(Up the Coax), IP67,2.8/3.6mm Lens，Support TVI/AHD/CVI/CVBS video signal output",586.6,850.57,45,HIKVISION SA,4K Smart Hybrid Light
DS-2CE76U0T-LPF(3.6mm)(O-STD),"8 MP @12.5 fps, 8 MP @15 fps, 4 MP @25 fps, 4 MP @30fps, 2 MP @25 fps, 2 MP @30 fps,EXIR, 20m IR+20m White Light, Indoor Dual-light Turret, ICR, 0.01 Lux/F1.6, 12 VDC, Smart IR, DNR,Smart Lighting（With Acusense DVR）,OSD Menu(Up the Coax), IP67,2.8/3.6mm Lens，Support TVI/AHD/CVI/CVBS video signal output",572.78,830.53,45,HIKVISION SA,4K Smart Hybrid Light
DS-2CE76U0T-LMF(2.8mm)(O-STD),"8 MP @12.5 fps, 8 MP @15 fps, 4 MP @25 fps, 4 MP @30fps, 2 MP @25 fps, 2 MP @30 fps,EXIR, 30m IR+20m White Light, Outdoor Dual-light Turret, ICR, 0.01 Lux/F1.6, 12 VDC, Smart IR, DNR,Smart Lighting（With Acusense DVR）,OSD Menu(Up the Coax), IP67,2.8/3.6mm Lens，Support TVI/AHD/CVI/CVBS video signal output",669.5,970.77,45,HIKVISION SA,4K Smart Hybrid Light
DS-2CE76U0T-LMF(3.6mm)(O-STD),"8 MP @12.5 fps, 8 MP @15 fps, 4 MP @25 fps, 4 MP @30fps, 2 MP @25 fps, 2 MP @30 fps,EXIR, 30m IR+20m White Light, Outdoor Dual-light Turret, ICR, 0.01 Lux/F1.6, 12 VDC, Smart IR, DNR,Smart Lighting（With Acusense DVR）,OSD Menu(Up the Coax), IP67,2.8/3.6mm Lens，Support TVI/AHD/CVI/CVBS video signal output",654.43,948.92,45,HIKVISION SA,4K Smart Hybrid Light
DS-2CE78U0T-LF(2.8mm)(O-STD),"8 MP @12.5 fps, 8 MP @15 fps, 4 MP @25 fps, 4 MP @30fps, 2 MP @25 fps, 2 MP @30 fps,EXIR, 40m IR+20m White Light, Outdoor Dual-light Turret, ICR, 0.01 Lux/F1.6, 12 VDC, Smart IR, DNR,Smart Lighting（With Acusense DVR）,OSD Menu(Up the Coax), IP67,2.8/3.6mm Lens，Support TVI/AHD/CVI/CVBS video signal output",713.46,1034.52,45,HIKVISION SA,4K Smart Hybrid Light
DS-2CE78U0T-LF(3.6mm)(O-STD),"8 MP @12.5 fps, 8 MP @15 fps, 4 MP @25 fps, 4 MP @30fps, 2 MP @25 fps, 2 MP @30 fps,EXIR, 40m IR+20m White Light, Outdoor Dual-light Turret, ICR, 0.01 Lux/F1.6, 12 VDC, Smart IR, DNR,Smart Lighting（With Acusense DVR）,OSD Menu(Up the Coax), IP67,2.8/3.6mm Lens，Support TVI/AHD/CVI/CVBS video signal output",700.9,1016.3,45,HIKVISION SA,4K Smart Hybrid Light
DS-2CE16D0T-EXIPF(2.8mm)(O-STD),"2MP CMOS Sensor, 2 pcs EXIR LEDs, 20m IR, Outdoor EXIR Bullet, ICR, 0.02 Lux/F1.2, 12 VDC, Smart IR, DNR, IP66, 2.8/3.6mm Lens, Support TVI/AHD/CVI/CVBS video signal output,Plastic",188.41,273.19,45,HIKVISION SA,"TVI Camera Bullet (Eco)
 (Back to back order)"
DS-2CE16D0T-EXIPF(3.6mm)(O-STD),"2MP CMOS Sensor, 2 pcs EXIR LEDs, 20m IR, Outdoor EXIR Bullet, ICR, 0.02 Lux/F1.2, 12 VDC, Smart IR, DNR, IP66, 2.8/3.6mm Lens, Support TVI/AHD/CVI/CVBS video signal output,Plastic",188.41,273.19,45,HIKVISION SA,"TVI Camera Bullet (Eco)
 (Back to back order)"
DS-2CE76D0T-EXIPF(2.8mm)(O-STD),"2MP CMOS Sensor, 2 pcs EXIR LEDs, 20m IR, Outdoor EXIR Turret, ICR, 0.02 Lux/F1.2, 12 VDC, Smart IR, DNR, IP66, 2.8/3.6mm Lens, Support TVI/AHD/CVI/CVBS video signal output,Plastic",179.62,260.45,45,HIKVISION SA,"TVI Camera Bullet (Eco)
 (Back to back order)"
DS-2CE76D0T-EXIPF(3.6mm)(O-STD),"2MP CMOS Sensor, 2 pcs EXIR LEDs, 20m IR, Outdoor EXIR Turret, ICR, 0.02 Lux/F1.2, 12 VDC, Smart IR, DNR, IP66, 2.8/3.6mm Lens, Support TVI/AHD/CVI/CVBS video signal output,Plastic",179.62,260.45,45,HIKVISION SA,"TVI Camera Bullet (Eco)
 (Back to back order)"
DS-2CE19D0T-VFIT3F 2.7-13.5MM,"2MP CMOS Sensor, 40m IR, Outdoor EXIR Bullet, ICR, 0.01 Lux/F1.2, 12 VDC, Smart IR, DNR, OSD Menu, IP67, 2.7-13.5mm Vari Focal Lens, Support HD-TVI/AHD/CVI/CVBS video output",739.84,1072.77,45,HIKVISION SA,2MP Vari-focus
DS-2CE79D0T-VFIT3F 2.7-13.5MM,"2MP CMOS Sensor, 40m IR, EXIR Eyeball, ICR, 0.01 Lux/F1.2, 12 VDC, Smart IR, DNR, OSD Menu, IP67, 2.7-13.5mm Vari Focal Lens，Support HD-TVI/AHD/CVI/CVBS video output",739.84,1072.77,45,HIKVISION SA,2MP Vari-focus
DS-2AE4225TI-D(O-STD)(E),"1/2.8"" CMOS, 1920x1080:30fps, TVI & CVBS output, 3D DNR, True WDR, Ultra-low light  Powerde By DarkFighter Color: 0.005lux/F1.6, B/W:0.001lux/F1.6, Optical Zoom:25x,  Digital Zoom:16X, Pan Speed: 0.1° ~ 80°/s, Tilt Speed: 0.1° ~ 80°/s, Up the Coax,100mIR,DC12V",4287.06,6216.24,45,HIKVISION SA,TVI PTZ 4'' IR
DS-2AE4215TI-D(O-STD)(E),"1/2.8"" CMOS, 1920x1080:30fps, TVI & CVBS output, 3D DNR, Ultra-low light  Powerde By DarkFighter Color: 0.005lux/F1.6, B/W:0.001lux/F1.6, Optical Zoom:15x,Pan Speed: 0.1° ~ 80°/s, Tilt Speed: 0.1° ~ 80°/s, Up the Coax,100m IR,DC12V",3475.62,5039.65,45,HIKVISION SA,TVI PTZ 4'' IR
DS-2AE4225T-D(O-STD)(E),"1/2.8"" CMOS, 1920x1080:30fps, TVI & CVBS output, 3D DNR, True WDR, Ultra-low light  Powerde By DarkFighter Color: 0.005lux/F1.6, B/W:0.001lux/F1.6, Optical Zoom:25x,  Digital Zoom:16X, Up the Coax,DC12V",3656.5,5301.93,45,HIKVISION SA,TVI PTZ 4''
DS-2AE4225T-D3(O-STD)(D),"1/2.8"" CMOS, 1920x1080:30fps, TVI & CVBS output, 3D DNR, True WDR, Ultra-low light  Powerde By DarkFighter Color: 0.005lux/F1.6, B/W:0.001lux/F1.6, Optical Zoom:25x,  Digital Zoom:16X, Up the Coax,DC13V",3656.5,5301.93,45,HIKVISION SA,TVI PTZ 4''
DS-2AE4215T-D3(O-STD)(D),"1/3"" CMOS, 1920x1280:30fps, 3D DNR, ICR, Color: 0.05lux/F1.4, B/W:0.005lux/F1.4, Optical Zoom:15x, Focus:4.0-60mm, Digital Zoom:16X, Pan range:360° endless; Tilt range: -5°~90°(Auto Flip), Pan Speed: 0.1° -160°/s, Tilt Speed: 0.1° -120°/s, Up the Coax, 24VAC",3375.13,4893.94,45,HIKVISION SA,TVI PTZ 4''
DS-2AE5225TI-A(O-STD)(E),"1/2.8"" CMOS, 1920x1080:30fps, TVI & CVBS output, 3D DNR, True WDR, Ultra-low light  Powerde By DarkFighter Color: 0.005lux/F1.6, B/W:0.001lux/F1.6, Optical Zoom:25x,  Digital Zoom:16X, Pan Speed: 0.1° ~ 120°/s, Tilt Speed: 0.1° ~ 80°/s, Up the Coax,150m IR,AC24V",4750.56,6888.31,45,HIKVISION SA,TVI PTZ 5'' IR
DS-2AE5232T-A(O-STD)(E),"1/2.8"" CMOS, 1920x1080:30fps, TVI & CVBS output, 3D DNR, True WDR, Ultra-low light  Powerde By DarkFighter Color: 0.005lux/F1.6, B/W:0.001lux/F1.6, Optical Zoom:32x,  Digital Zoom:16X, Pan Speed: 0.1° ~ 250°/s, Tilt Speed: 0.1° ~ 150°/s, Up the Coax, AC24V",6491.51,9412.69,45,HIKVISION SA,TVI PTZ 5''
DS-2AE5232T-A3(O-STD)(D),"1/2.8"" CMOS, 1920x1080:30fps, TVI & CVBS output, 3D DNR, True WDR, Ultra-low light  Powerde By DarkFighter Color: 0.005lux/F1.6, B/W:0.001lux/F1.6, Optical Zoom:32x,  Digital Zoom:16X, Pan Speed: 0.1° ~ 250°/s, Tilt Speed: 0.1° ~ 150°/s, Up the Coax, AC25V",6491.51,9412.69,45,HIKVISION SA,TVI PTZ 5''
DS-2AE5225T-A(O-STD)(E),"1/2.8"" CMOS, 1920x1080:30fps, TVI & CVBS output, 3D DNR, True WDR, Ultra-low light  Powerde By DarkFighter Color: 0.005lux/F1.6, B/W:0.001lux/F1.6, Optical Zoom:25x,  Digital Zoom:16X, Pan Speed: 0.1° ~ 250°/s, Tilt Speed: 0.1° ~ 150°/s, Up the Coax, AC24V",3941.63,5715.36,45,HIKVISION SA,TVI PTZ 5''
DS-2AE5225T-A3(O-STD)(D),"1/2.8"" CMOS, 1920x1080:30fps, TVI & CVBS output, 3D DNR, True WDR, Ultra-low light  Powerde By DarkFighter Color: 0.005lux/F1.6, B/W:0.001lux/F1.6, Optical Zoom:25x,  Digital Zoom:16X, Pan Speed: 0.1° ~ 250°/s, Tilt Speed: 0.1° ~ 150°/s, Up the Coax, AC24V",3941.63,5715.36,45,HIKVISION SA,TVI PTZ 5''
DS-2AE7232TI-A(O-STD)(D),"1/2.8"" CMOS, 1920x1080:30fps, TVI & CVBS output, 3D DNR, True WDR, Ultra-low light  Powerde By DarkFighter Color: 0.005lux/F1.6, B/W:0.001lux/F1.6, Optical Zoom:32x,  Digital Zoom:16X, Pan Speed: 0.1° ~ 160°/s, Tilt Speed: 0.1° ~ 120°/s, Up the Coax, 150m IR, AC24V",7908.39,11467.17,45,HIKVISION SA,TVI PTZ 7'' IR
DS-2AE7225TI-A(O-STD)(D),"1/2.8"" CMOS, 1920x1080:30fps, TVI & CVBS output, 3D DNR, True WDR, Ultra-low light  Powerde By DarkFighter Color: 0.005lux/F1.6, B/W:0.001lux/F1.6, Optical Zoom:25x,  Digital Zoom:16X, Pan Speed: 0.1° ~ 160°/s, Tilt Speed: 0.1° ~ 120°/s, Up the Coax, 150m IR, AC24V",5642.39,8181.47,45,HIKVISION SA,TVI PTZ 7'' IR
iDS-7104HQHI-M1/S(STD)(E),"2-ch false alarm filter, 4 Turbo HD/CVI / AHD / CVBS self-adaptive interfaces input, 4-ch video&1-ch audio input, H.265/H.265+ compression,2-ch IP video input(up to 6-ch IP), 1 SATA interface Live view: 3K Lite@20fps/ch,up to 3K Lite@12fps/ch encoding capability,  mini 1U case",835.3,1211.18,45,HIKVISION SA,TVI DVR 71 Value
iDS-7108HQHI-M1/S(STD)(E),"4-ch false alarm filter, 8 Turbo HD/CVI / AHD / CVBS self-adaptive interfaces input, 8-ch video&1-ch audio input, H.265/H.265+ compression, 4-ch IP video input(up to 12-ch IP),1 SATA interface Live view: 3K Lite@20fps/ch,up to 3K Lite@12fps/ch encoding capability,  mini 1U case",1229.72,1783.09,45,HIKVISION SA,TVI DVR 71 Value
iDS-7116HQHI-M1/S(STD)(F),"16-ch motion detection2.0 or 4-ch false alarm filter, 16 Turbo HD/CVI / AHD / CVBS self-adaptive interfaces input, 16-ch video&1-ch audio input, H.265/H.265+ compression, 1 SATA interface,:1920×1080P @15 fps, 4MP Lite@15fps/ch, 4K UHD output，Mini 1U case",2340.11,3393.16,45,HIKVISION SA,TVI DVR 71 Value
iDS-7332HQHI-M4/S(STD),"32 Turbo HD/CVI / AHD / CVBS interface input, 32-ch video&4-ch audio input, 16-ch IP video input(up to 48-ch IP), H.264/H.264+/H.265+/H.265 video compression, 4 SATA interface, CH01-32:1920×1080P @15 fps,4MP Lite @ 15fps/ch,Extended transmission distance over coax cable,  4K UHD output, 1.5U 19"" case",8771.33,12718.43,45,HIKVISION SA,TVI DVR 73 Turbo HD X
iDS-7104HQHI-M1/T(STD),"Deep learning based human and vehicle targets classification of Motion Detection 2.0
Deep learning-based perimeter protection
H.265 Pro+/H.265 Pro/H.265 video compression
HDTVI/AHD/CVI/CVBS/IP video inputs
Audio via coaxial cable
Up to 6-ch IP camera inputs (up to 6 MP)
Encoding ability up to 3K/5M Lite @ 12 fps",886.8,1285.86,45,HIKVISION SA,TVI DVR 71 Value Two-way Audio
iDS-7108HQHI-M1/T(STD),"Deep learning based human and vehicle targets classification of Motion Detection 2.0
Deep learning-based perimeter protection
H.265 Pro+/H.265 Pro/H.265 video compression
HDTVI/AHD/CVI/CVBS/IP video inputs
Audio via coaxial cable
Up to 12-ch IP camera inputs (up to 6 MP)
Encoding ability up to 3K/5M Lite @ 12 fps",1305.09,1892.38,45,HIKVISION SA,TVI DVR 71 Value Two-way Audio
iDS-7116HQHI-M1/T(STD),"Deep learning based human and vehicle targets classification of Motion Detection 2.0
Deep learning-based perimeter protection
H.265 Pro+/H.265 Pro/H.265 video compression
HDTVI/AHD/CVI/CVBS/IP video inputs
Audio via coaxial cable
Up to 24-ch IP camera inputs (up to 6 MP)
Encoding ability up to 3K/5M Lite @ 12 fps",2463.21,3571.65,45,HIKVISION SA,TVI DVR 71 Value Two-way Audio
iDS-7204HQHI-M1/XT(STD),"Support TVI Two-way Audio, 1-ch facial recognition or 2-ch advanced model false alarm filter, 4 Turbo HD/CVI / AHD / CVBS self-adaptive interfaces input, 4-ch video&1-ch audio input, H.265/H.265+ compression, 1 SATA interface, Live view: 3K Lite@20fps/ch,up to 3K Lite@12fps/ch encoding capability, support CVBS output, standalone 1U case",1297.55,1881.45,45,HIKVISION SA,TVI DVR 72 Power X Two-way Audio
iDS-7208HQHI-M1/XT(STD),"Support TVI Two-way Audio, 2-ch facial recognition or 4-ch advanced model false alarm filter,  8 Turbo HD/CVI / AHD / CVBS self-adaptive interfaces input, 8-ch video&1-ch audio input, H.265/H.265+ compression, 1 SATA interface,Live view: 3K Lite@20fps/ch,up to 3K Lite@12fps/ch encoding capability, support CVBS output, standalone 1U case",1951.98,2830.37,45,HIKVISION SA,TVI DVR 72 Power X Two-way Audio
iDS-7216HQHI-M2/XT(STD),"Support TVI Two-way Audio,4-ch facial recognition or 8-ch advanced model false alarm filter, 16 Turbo HD/CVI / AHD / CVBS self-adaptive interfaces input, 16-ch video&1-ch audio input, H.265/H.265+ compression, 1 SATA interface,Live view: 3K Lite@20fps/ch,up to 3K Lite@12fps/ch encoding capability, 4K UHD output, support CVBS output,  standalone 1U case",3853.71,5587.88,45,HIKVISION SA,TVI DVR 72 Power X Two-way Audio
iDS-7232HQHI-M2/XT(STD),"Support TVI Two-way Audio,4-ch facial recognition or 8-ch advanced model false alarm filter, 32 Turbo HD/CVI / AHD / CVBS self-adaptive interfaces input, 32-ch video&1-ch audio input, 8-ch IP video input(up to 40-ch IP), H.265/H.265+ compression, 2 SATA interfaces,Live view: 3K Lite@20fps/ch,up to 3K Lite@12fps/ch encoding capability, 4K UHD output, support CVBS output, 380 1U case",5918.73,8582.16,45,HIKVISION SA,TVI DVR 72 Power X Two-way Audio
iDS-7204HQHI-M1/XT(STD)/4Audio+4/1Alarm,"Support 4-ch Audio in , 4/1 Alarm interface
Support TVI Two-way Audio, 1-ch facial recognition or 2-ch advanced model false alarm filter, 4 Turbo HD/CVI / AHD / CVBS self-adaptive interfaces input, 4-ch video&1-ch audio input, H.265/H.265+ compression, 1 SATA interface, Live view: 3K Lite@20fps/ch,up to 3K Lite@12fps/ch encoding capability, support CVBS output, standalone 1U case",1418.13,2056.29,45,HIKVISION SA,TVI DVR 72 Power X Two-way Audio
iDS-7208HQHI-M1/XT(STD)/4Audio+8/4Alarm,"Support 4-ch Audio in , 8/4 Alarm interface
Support TVI Two-way Audio, 2-ch facial recognition or 4-ch advanced model false alarm filter,  8 Turbo HD/CVI / AHD / CVBS self-adaptive interfaces input, 8-ch video&1-ch audio input, H.265/H.265+ compression, 1 SATA interface,Live view: 3K Lite@20fps/ch,up to 3K Lite@12fps/ch encoding capability, support CVBS output, standalone 1U case",2100.2,3045.29,45,HIKVISION SA,TVI DVR 72 Power X Two-way Audio
iDS-7208HQHI-M2/XT(STD)/4Audio+8/4Alarm,"Support 4-ch Audio in , 8/4 Alarm interface
Support TVI Two-way Audio, 2-ch facial recognition or 4-ch advanced model false alarm filter,8 Turbo HD/CVI / AHD / CVBS self-adaptive interfaces input, 8-ch video&1-ch audio input, H.265/H.265+ compression, 2 SATA interfaces,Live view: 3K Lite@20fps/ch,up to 3K Lite@12fps/ch encoding capability, support CVBS output, 380 1U case",2465.72,3575.29,45,HIKVISION SA,TVI DVR 72 Power X Two-way Audio
iDS-7216HQHI-M1/XT(STD)/16Audio+4/1Alarm,"Support 16-ch Audio in , 4/1 Alarm interface
Support TVI Two-way Audio,4-ch facial recognition or 8-ch advanced model false alarm filter, 16 Turbo HD/CVI / AHD / CVBS self-adaptive interfaces input, 16-ch video&1-ch audio input, H.265/H.265+ compression, 1 SATA interface,Live view: 3K Lite@20fps/ch,up to 3K Lite@12fps/ch encoding capability, 4K UHD output, support CVBS output,  standalone 1U case",3775.83,5474.95,45,HIKVISION SA,TVI DVR 72 Power X Two-way Audio
iDS-7216HQHI-M2/XT(STD)/16Audio+16/4Alarm,"Support 16-ch Audio in , 16/4 Alarm interface
Support TVI Two-way Audio,4-ch facial recognition or 8-ch advanced model false alarm filter, 1-ch face recognition or 4-ch false alarm filter, 16 Turbo HD/CVI / AHD / CVBS self-adaptive interfaces input, 16-ch video&1-ch audio input, H.265/H.265+ compression, 2 SATA interfaces, Live view: 3K Lite@20fps/ch,up to 3K Lite@12fps/ch encoding capability, 4K UHD output, support CVBS output, 380 1U case",4378.76,6349.2,45,HIKVISION SA,TVI DVR 72 Power X Two-way Audio
iDS-7204HUHI-M1/XT(STD),"4 channels and 1 HDD 1U AcuSense DVR
Support 2-ch Facial Recognition or 4-ch advanced model Perimeter Protection based on Deep Learning algorithm
Support 4-ch AcuSearch Technology
Encoding ability up to 4K/8MP @ 8fps(1-ch); 3K/5MP @12fps
Up to 8 channels IP camera inputs, each channel up to 8MP
5 signals input adaptively (HDTVI/AHD/CVI/CVBS/IP)
Support All channels Motion Detection Technology
Support All channels HDTVI Two-Way Audio Technology",1913.04,2773.91,45,HIKVISION SA,TVI DVR 72 Power X Two-way Audio
iDS-7204HUHI-M2/XT(STD),"4 channels and 2 HDD 1U AcuSense DVR
Support 2-ch Facial Recognition or 4-ch advanced model Perimeter Protection based on Deep Learning algorithm
Support 4-ch AcuSearch Technology
Encoding ability up to 4K @ 8fps(1-ch); 3K/5MP @12fps
Up to 8 channels IP camera inputs, each channel up to 8MP
5 signals input adaptively (HDTVI/AHD/CVI/CVBS/IP)
Support All channels Motion Detection Technology
Support All channels HDTVI Two-Way Audio Technology",2235.85,3241.98,45,HIKVISION SA,TVI DVR 72 Power X Two-way Audio
iDS-7208HUHI-M1/XT(STD),"8 channels and 1 HDD 1U AcuSense DVR
Support 4-ch Facial Recognition or 8-ch advanced model Perimeter Protection based on Deep Learning algorithm
Support 8-ch AcuSearch Technology
Encoding ability up to 4K/8MP @ 8fps; 3K/5MP @12fps
Up to 16 channels IP camera inputs, each channel up to 8MP
Up to 24*1080P@30fps decoding ability
5 signals input adaptively (HDTVI/AHD/CVI/CVBS/IP)
Support All channels Motion Detection Technology
Support All channels HDTVI Two-Way Audio Technology",3278.41,4753.69,45,HIKVISION SA,TVI DVR 72 Power X Two-way Audio
iDS-7208HUHI-M2/XT(STD),"8 channels and 2 HDD 1U AcuSense DVR
Support 4-ch Facial Recognition or 8-ch advanced model Perimeter Protection based on Deep Learning algorithm
Support 8-ch AcuSearch Technology
Encoding ability up to 4K/8MP@ 8fps; 3K/5MP @12fps
Up to 16 channels IP camera inputs, each channel up to 8MP
Up to 24*1080P@30fps decoding ability
5 signals input adaptively (HDTVI/AHD/CVI/CVBS/IP)
Support All channels Motion Detection Technology
Support All channels HDTVI Two-Way Audio Technology",3728.1,5405.74,45,HIKVISION SA,TVI DVR 72 Power X Two-way Audio
iDS-7216HUHI-M2/XT(STD),"16 channels and 2 HDD 1U AcuSense DVR
Support 4-ch Facial Recognition or 8-ch advanced model Perimeter Protection based on Deep Learning algorithm
Support 8-ch AcuSearch Technology
Encoding ability up to 4K/8MP @ 8fps; 3K/5MP @12fps
Up to 32 channels IP camera inputs, each channel up to 8MP
Up to 24*1080P@30fps decoding ability
5 signals input adaptively (HDTVI/AHD/CVI/CVBS/IP)
Support All channels Motion Detection Technology
Support All channels HDTVI Two-Way Audio Technology",6500.3,9425.43,45,HIKVISION SA,TVI DVR 72 Power X Two-way Audio
iDS-7204HUHI-M1/XT(STD)/4A+4/1ALM,"4 channels and 1 HDD 1U AcuSense DVR
Support 2-ch Facial Recognition or 4-ch advanced model Perimeter Protection based on Deep Learning algorithm
Support 4-ch AcuSearch Technology
Encoding ability up to 4K/8MP @ 8fps(1-ch); 3K/5MP @12fps
Up to 8 channels IP camera inputs, each channel up to 8MP
5 signals input adaptively (HDTVI/AHD/CVI/CVBS/IP)
Support All channels Motion Detection Technology
Support All channels HDTVI Two-Way Audio Technology",2136.62,3098.1,45,HIKVISION SA,TVI DVR 72 Power X Two-way Audio
iDS-7204HUHI-M2/XT(STD)/4A+4/1ALM,"4 channels and 2 HDD 1U AcuSense DVR
Support 2-ch Facial Recognition or 4-ch advanced model Perimeter Protection based on Deep Learning algorithm
Support 4-ch AcuSearch Technology
Encoding ability up to 4K @ 8fps(1-ch); 3K/5MP @12fps
Up to 8 channels IP camera inputs, each channel up to 8MP
5 signals input adaptively (HDTVI/AHD/CVI/CVBS/IP)
Support All channels Motion Detection Technology
Support All channels HDTVI Two-Way Audio Technology",2502.15,3628.12,45,HIKVISION SA,TVI DVR 72 Power X Two-way Audio
iDS-7208HUHI-M1/XT(STD)/4A+8/4ALM,"8 channels and 1 HDD 1U AcuSense DVR
Support 4-ch Facial Recognition or 8-ch advanced model Perimeter Protection based on Deep Learning algorithm
Support 8-ch AcuSearch Technology
Encoding ability up to 4K/8MP @ 8fps; 3K/5MP @12fps
Up to 16 channels IP camera inputs, each channel up to 8MP
Up to 24*1080P@30fps decoding ability
5 signals input adaptively (HDTVI/AHD/CVI/CVBS/IP)
Support All channels Motion Detection Technology
Support All channels HDTVI Two-Way Audio Technology",3753.22,5442.17,45,HIKVISION SA,TVI DVR 72 Power X Two-way Audio
iDS-7208HUHI-M2/XT(STD)/4A+8/4ALM,"8 channels and 2 HDD 1U AcuSense DVR
Support 4-ch Facial Recognition or 8-ch advanced model Perimeter Protection based on Deep Learning algorithm
Support 8-ch AcuSearch Technology
Encoding ability up to 4K/8MP@ 8fps; 3K/5MP @12fps
Up to 16 channels IP camera inputs, each channel up to 8MP
Up to 24*1080P@30fps decoding ability
5 signals input adaptively (HDTVI/AHD/CVI/CVBS/IP)
Support All channels Motion Detection Technology
Support All channels HDTVI Two-Way Audio Technology",4274.5,6198.02,45,HIKVISION SA,TVI DVR 72 Power X Two-way Audio
iDS-7216HUHI-M2/XT(STD)/4A+16/4ALM,"16 channels and 2 HDD 1U AcuSense DVR
Support 4-ch Facial Recognition or 8-ch advanced model Perimeter Protection based on Deep Learning algorithm
Support 8-ch AcuSearch Technology
Encoding ability up to 4K/8MP @ 8fps; 3K/5MP @12fps
Up to 32 channels IP camera inputs, each channel up to 8MP
Up to 24*1080P@30fps decoding ability
5 signals input adaptively (HDTVI/AHD/CVI/CVBS/IP)
Support All channels Motion Detection Technology
Support All channels HDTVI Two-Way Audio Technology",7360.73,10673.06,45,HIKVISION SA,TVI DVR 72 Power X Two-way Audio
iDS-7332HUHI-M4/S(STD)(S),"32-ch Motion Detection 2.0 or  16-ch false alarm filter, 32Turbo HD/CVI / AHD / CVBS self-adaptive interfaces input, 32-ch video&4-ch audio input,32-ch IP video input(up to 64-ch IP),H.264/H.264+/H.265+/H.265 video compression,4 SATA interfaces, 8MP: 8fps/ch,  5MP: 12 fps/ch, 4MP: 15 fps/ch,Extended transmission distance over coax cable, 4K UHD output,alarm I/O: 16/4, 1.5U 19"" case",15271.63,22143.86,45,HIKVISION SA,TVI DVR 73 Ultra
iDS-7208HQHI-M2/S(STD)/REGAL/8A+8/4ALM,"4-ch false alarm filter, 8 Turbo HD/CVI / AHD / CVBS self-adaptive interfaces input, 8-ch video&1-ch audio input, H.265/H.265+ compression, 2 SATA interfaces, 1920×1080P @15 fps,3K/5MP Lite@12fps/ch, support CVBS output, 380 1U case",2120.29,3074.42,45,HIKVISION SA,"TVI DVR 72 Series
(Stock Clearance)"
DS-7104HGHI-M1(STD)(C),"full-channel motion detection 2.0 ,4 Turbo HD/AHD/Analog interface input, 4-ch HDTVI  coaxial video&audio input,1-ch IP video input (up to 5-ch), 1-ch RCA audio input, 1 SATA interface, HD1080P Lite: 25(P)/30(N) fps/ch, mini 1U case",587.85,852.38,45,HIKVISION SA,TVI DVR 71
DS-7108HGHI-M1(STD)(C),"full-channel motion detection 2.0 ,8 Turbo HD/AHD/Analog interface input, 8-ch HDTVI  coaxial video&audio input,2-ch IP video input (up to 10-ch), 1-ch RCA audio input, HDMI & VGA Output, 1 SATA interface, HD1080P Lite: 15fps/ch, mini 1U case",733.56,1063.66,45,HIKVISION SA,TVI DVR 71
DS-7116HGHI-M1(STD)(F),"full-channel motion detection 2.0 ,16 Turbo HD/AHD/Analog interface input, 16-ch HDTVI  coaxial video&audio input,2-ch IP video input (up to 18-ch), 1-ch RCA audio input, HDMI & VGA Output, 1 SATA interface, HD1080P Lite: 15fps/ch, mini 1U case",1366.63,1981.61,45,HIKVISION SA,TVI DVR 71
DS-7104HGHI-M1/T(STD),"Support HDTVI Two-way Audio technology.full-channel motion detection 2.0 ,4 Turbo HD/AHD/Analog interface input, 4-ch HDTVI  coaxial video&audio input,1-ch IP video input (up to 5-ch), 1-ch RCA audio input, 1 SATA interface, Live view: 1080P Lite: 25(P)/30(N) fps/ch, Up to 1080p Lite@15fps/ch encoding capability, mini 1U case",628.05,910.67,45,HIKVISION SA,TVI DVR 71 Two-way Audio
DS-7108HGHI-M1/T(STD),"Support HDTVI Two-way Audio technology,full-channel motion detection 2.0 ,8 Turbo HD/AHD/Analog interface input, 8-ch HDTVI  coaxial video&audio input,2-ch IP video input (up to 10-ch), 1-ch RCA audio input, HDMI & VGA Output, 1 SATA interface, Live view: 1080P Lite: 25(P)/30(N) fps/ch, Up to 1080p Lite@15fps/ch encoding capability, mini 1U case",776.27,1125.59,45,HIKVISION SA,TVI DVR 71 Two-way Audio
DS-7116HGHI-M1/T(STD),"Support HDTVI Two-way Audio technology,full-channel motion detection 2.0 ,16 Turbo HD/AHD/Analog interface input, 16-ch HDTVI  coaxial video&audio input,2-ch IP video input (up to 18-ch), 1-ch RCA audio input, HDMI & VGA Output, 1 SATA interface, Live view: 1080P Lite: 25(P)/30(N) fps/ch, Up to 1080p Lite@15fps/ch encoding capability, mini 1U case",1440.74,2089.07,45,HIKVISION SA,TVI DVR 71 Two-way Audio
DS-7204HGHI-M1(STD)(C),"full-channel motion detection 2.0 ,4 Turbo HD/AHD/Analog interface input, 4-ch HDTVI  coaxial video&audio input, 1-ch RCA audio input, 1-ch IP video input (up to 5-ch), 1 SATA interface, HD1080P Lite: 25(P)/30(N) fps/ch, 260 1U case",628.05,910.67,45,HIKVISION SA,TVI DVR 72 Turbo 4.0
DS-7208HGHI-M1(STD)(C),"full-channel motion detection 2.0 ,8 Turbo HD/AHD/Analog interface input,8-ch HDTVI  coaxial video&audio input, 1-ch RCA audio input, 2-ch IP video input (up to 10-ch), HDMI & VGA Output, 1 SATA interface, HD1080P Lite: 12fps/ch, 260 1U case",767.48,1112.85,45,HIKVISION SA,TVI DVR 72 Turbo 4.0
DS-7216HGHI-M1(STD)(F),"full-channel motion detection 2.0 ,16 Turbo HD/AHD/Analog interface input,16-ch HDTVI  coaxial video&audio input, 1-ch RCA audio input, 2-ch IP video input (up to 18-ch), HDMI & VGA Output, 1 SATA interface, HD1080P Lite: 15fps/ch, 260 1U case",1398.04,2027.16,45,HIKVISION SA,TVI DVR 72 Turbo 4.0
DS-7204HGHI-M1/T(STD),"Support HDTVI Two-way Audio technology, full-channel motion detection 2.0 ,4 Turbo HD/AHD/Analog interface input, 4-ch HDTVI  coaxial video&audio input, 1-ch RCA audio input, 1-ch IP video input (up to 5-ch), 1 SATA interface, Live view: 1080P Lite: 25(P)/30(N) fps/ch, Up to 1080p Lite@15fps/ch encoding capability, 260 1U case",659.45,956.2,45,HIKVISION SA,TVI DVR 72 Two-way Audio
DS-7208HGHI-M1/T(STD),"Support HDTVI Two-way Audio technology,full-channel motion detection 2.0 ,8 Turbo HD/AHD/Analog interface input,8-ch HDTVI  coaxial video&audio input, 1-ch RCA audio input, 2-ch IP video input (up to 10-ch), HDMI & VGA Output, 1 SATA interface, Live view: 1080P Lite: 25(P)/30(N) fps/ch, Up to 1080p Lite@15fps/ch encoding capability, 260 1U case",816.46,1183.87,45,HIKVISION SA,TVI DVR 72 Two-way Audio
DS-7216HGHI-M1/T(STD),"Support HDTVI Two-way Audio technology,full-channel motion detection 2.0 ,16 Turbo HD/AHD/Analog interface input,16-ch HDTVI  coaxial video&audio input, 1-ch RCA audio input, 2-ch IP video input (up to 18-ch), HDMI & VGA Output, 1 SATA interface, Live view: 1080P Lite: 25(P)/30(N) fps/ch, Up to 1080p Lite@15fps/ch encoding capability, 260 1U case",1478.43,2143.72,45,HIKVISION SA,TVI DVR 72 Two-way Audio
DS-E04HGHI-XD(STD),"full-channel motion detection 2.0 ,4 Turbo HD/AHD/Analog interface input, 4-ch HDTVI  coaxial video&audio input,1-ch IP video input,Build-in eSSD 512GB, (480 GB available), Live view: 1080P Lite: 25(P)/30(N) fps/ch, Up to 1080p Lite@15fps/ch encoding capability, metal mini case",1410.6,2045.37,45,HIKVISION SA,eDVR
DS-E04HGHI-XE(STD),"full-channel motion detection 2.0 ,4 Turbo HD/AHD/Analog interface input, 4-ch HDTVI  coaxial video&audio input,1-ch IP video input,Build-in  eSSD 1T, (960 GB available), Live view: 1080P Lite: 25(P)/30(N) fps/ch, Up to 1080p Lite@15fps/ch encoding capability, metal mini case",2087.63,3027.06,45,HIKVISION SA,eDVR
DS-E08HGHI-XB(STD),"full-channel motion detection 2.0 ,8 Turbo HD/AHD/Analog interface input,8-ch HDTVI  coaxial video&audio input,2-ch IP video input,Build-in eSSD 512GB, (480 GB available), Live view: 1080P Lite: 25(P)/30(N) fps/ch, Up to 1080p Lite@15fps/ch encoding capability,metal mini case",1571.38,2278.5,45,HIKVISION SA,eDVR
DS-E08HGHI-XD(STD),"full-channel motion detection 2.0 ,8 Turbo HD/AHD/Analog interface input,8-ch HDTVI  coaxial video&audio input,2-ch IP video input,Build-in eSSD 1T, (960 GB available), Live view: 1080P Lite: 25(P)/30(N) fps/ch, Up to 1080p Lite@15fps/ch encoding capability, metal mini case",2161.74,3134.52,45,HIKVISION SA,eDVR
DS-E16HGHI-XB(STD),"full-channel motion detection 2.0 ,16 Turbo HD/AHD/Analog interface input,16-ch HDTVI  coaxial video&audio input,2-ch IP video input,Build-in eSSD 1T, (960 GB available), Live view: 1080P Lite: 25(P)/30(N) fps/ch, Up to 1080p Lite@15fps/ch encoding capability, metal mini case",2773.46,4021.52,45,HIKVISION SA,eDVR
iDS-E04HQHI-XB(STD),"full-channel motion detection 2.0 OR  2-ch false alarm filter ,4 Turbo HD/AHD/Analog interface input, 4-ch HDTVI  coaxial video&audio input,1-ch IP video input,Build-in eSSD 512GB, (480 GB available), Live view: 3K Lite@20fps/ch,up to 3K Lite@12fps/ch encoding capability, metal mini case",1740.95,2524.38,45,HIKVISION SA,eDVR
iDS-E04HQHI-XD(STD),"full-channel motion detection 2.0 OR  2-ch false alarm filter ,4 Turbo HD/AHD/Analog interface input, 4-ch HDTVI  coaxial video&audio input,1-ch IP video input,Build-in eSSD 1T, (960 GB available),  Live view: 3K Lite@20fps/ch,up to 3K Lite@12fps/ch encoding capability,metal mini case",2327.55,3374.95,45,HIKVISION SA,eDVR
iDS-E08HQHI-XB(STD),"full-channel motion detection 2.0 OR  4-ch false alarm filter ,8 Turbo HD/AHD/Analog interface input, 8-ch HDTVI  coaxial video&audio input,2-ch IP video input,Build-in eSSD 1T, (960 GB available),  Live view: 3K Lite@20fps/ch,up to 3K Lite@12fps/ch encoding capability,metal mini case",2878.98,4174.52,45,HIKVISION SA,eDVR
iDS-E04HUHI-XB(STD),"full-channel motion detection 2.0 OR  4-ch false alarm filter ,8 Turbo HD/AHD/Analog interface input, 8-ch HDTVI  coaxial video&audio input,2-ch IP video input,Build-in eSSD 1T, (960 GB available), Live view: 3K @20fps/ch,up to 3K @12fps/ch encoding capability,metal mini case",2878.98,4174.52,45,HIKVISION SA,eDVR
DS-J142I(STD)/7108HQHI-K1(STD)+8CAM,"1*DS-7108HQHI-K1
8 * DS-2CE16D0T-IRP(3.6mm) 
Power:1pcs Power cable
/1pcs Power adaptor/
1pcs Power transfer cable
Cable: 8 * 18.3m(60ft) Video and power cable",4015.74,5822.82,45,HIKVISION SA,"1080P KIT without HDD
（Stock Clearance）"
DS-J142I(STD)/7104HQHI-K1+4CAM/REGAL (1TB),"1*DS-7104HQHI-K1
4 * DS-2CE16D0T-IRP(3.6mm) 
Power:1pcs Power cable
/1pcs Power adaptor/
1pcs Power transfer cable
Cable: 4 * 18.3m(60ft) Video and power cable
Pre-install 1TB",3280.93,4757.35,45,HIKVISION SA,"1080P KIT with 1TB HDD
（Stock Clearance）"
DS-J142I(STD)/7108HQHI-K1+8CAM/REGAL (1TB),"1*DS-7108HQHI-K1
8 * DS-2CE16D0T-IRP(3.6mm) 
Power:1pcs Power cable
/1pcs Power adaptor/
1pcs Power transfer cable
Cable: 8 * 18.3m(60ft) Video and power cable
Pre-install 1TB",4918.88,7132.38,45,HIKVISION SA,"1080P KIT with 1TB HDD
（Stock Clearance）"
DS-2FA1225-C4,"12V/1A/ch,4ch,30W,European standard",145.71,211.28,45,HIKVISION SA,Multi-channel SMPS
DS-2FA1205-C8,"12V/1A/ch,8ch,60W,European standard",193.44,280.49,45,HIKVISION SA,Multi-channel SMPS
DS-2FA1208-C16(EUR)(Africa),"12V/1A/ch,16ch,120W,European standard",232.38,336.95,45,HIKVISION SA,Multi-channel SMPS
DS-2CD2047G3-LIY(2.8mm)(O-STD),"1/2.8"" Progressive Scan CMOS
Color: 0.004 Lux @ (F1.4, AGC ON),B/W: 0 Lux with IR
Fixed focal lens, 2.8, 4, and 8 mm optional
Up to 30 m
50Hz: 25fps (1920 × 1080, 1280 × 960, 1280 × 720)
60Hz: 30fps (1920 × 1080, 1280 × 960, 1280 × 720)
3 streams; 
H.265+/H.265/H.264+/H.264/MJPEG;
BLC,HLC,3D DNR,Defog
WDR 120DB
12 VDC
1 RS-485
Built-in memory card slot, support microSD/microSDHC/microSDXC card, up to 256 GB
IP67",2517.22,3649.97,45,HIKVISION SA,EasyIP4.0+
DS-2CD2047G3-LIY(4mm)(O-STD),"1/2.8"" Progressive Scan CMOS
Color: 0.004 Lux @ (F1.4, AGC ON),B/W: 0 Lux with IR
Fixed focal lens, 2.8, 4, and 8 mm optional
Up to 30 m
50Hz: 25fps (1920 × 1080, 1280 × 960, 1280 × 720)
60Hz: 30fps (1920 × 1080, 1280 × 960, 1280 × 720)
3 streams; 
H.265+/H.265/H.264+/H.264/MJPEG;
BLC,HLC,3D DNR,Defog
WDR 120DB
12 VDC
1 RS-485
Built-in memory card slot, support microSD/microSDHC/microSDXC card, up to 256 GB
IP67",2517.22,3649.97,45,HIKVISION SA,EasyIP4.0+
DS-2CD2047G3-LI2UY(2.8mm)(O-STD),"1/2.8"" Progressive Scan CMOS
Color: 0.004 Lux @ (F1.4, AGC ON),B/W: 0 Lux with IR
Fixed focal lens, 2.8, 4, and 8 mm optional
Up to 30 m
50Hz: 25fps (1920 × 1080, 1280 × 960, 1280 × 720)
60Hz: 30fps (1920 × 1080, 1280 × 960, 1280 × 720)
3 streams; 
H.265+/H.265/H.264+/H.264/MJPEG;
BLC,HLC,3D DNR,Defog
WDR 120DB
12 VDC
1 RS-485
Built-in memory card slot, support microSD/microSDHC/microSDXC card, up to 256 GB
IP67",2592.59,3759.26,45,HIKVISION SA,EasyIP4.0+ with Two way Audio
DS-2CD2047G3-LI2UY(4mm)(O-STD),"1/2.8"" Progressive Scan CMOS
Color: 0.004 Lux @ (F1.4, AGC ON),B/W: 0 Lux with IR
Fixed focal lens, 2.8, 4, and 8 mm optional
Up to 30 m
50Hz: 25fps (1920 × 1080, 1280 × 960, 1280 × 720)
60Hz: 30fps (1920 × 1080, 1280 × 960, 1280 × 720)
3 streams; 
H.265+/H.265/H.264+/H.264/MJPEG;
BLC,HLC,3D DNR,Defog
WDR 120DB
12 VDC
1 RS-485
Built-in memory card slot, support microSD/microSDHC/microSDXC card, up to 256 GB
IP67",2592.59,3759.26,45,HIKVISION SA,EasyIP4.0+ with Two way Audio
DS-2CD2047G3-LI2UY(2.8mm)(O-STD)(BLACK),"1/2.8"" Progressive Scan CMOS
Color: 0.004 Lux @ (F1.4, AGC ON),B/W: 0 Lux with IR
Fixed focal lens, 2.8, 4, and 8 mm optional
Up to 30 m
50Hz: 25fps (1920 × 1080, 1280 × 960, 1280 × 720)
60Hz: 30fps (1920 × 1080, 1280 × 960, 1280 × 720)
3 streams; 
H.265+/H.265/H.264+/H.264/MJPEG;
BLC,HLC,3D DNR,Defog
WDR 120DB
12 VDC
1 RS-485
Built-in memory card slot, support microSD/microSDHC/microSDXC card, up to 256 GB
IP67",2650.37,3843.04,45,HIKVISION SA,EasyIP4.0+ with Two way Audio
DS-2CD2087G3-LIY(2.8mm)(O-STD),"1/2.8"" Progressive Scan CMOS
Color: 0.004 Lux @ (F1.4, AGC ON),B/W: 0 Lux with IR
Fixed focal lens, 2.8, 4, and 8 mm optional
Up to 30 m
50Hz: 25fps (1920 × 1080, 1280 × 960, 1280 × 720)
60Hz: 30fps (1920 × 1080, 1280 × 960, 1280 × 720)
3 streams; 
H.265+/H.265/H.264+/H.264/MJPEG;
BLC,HLC,3D DNR,Defog
WDR 120DB
12 VDC
1 RS-485
Built-in memory card slot, support microSD/microSDHC/microSDXC card, up to 256 GB
IP67",3524.61,5110.68,45,HIKVISION SA,EasyIP4.0+
DS-2CD2087G3-LIY(4mm)(O-STD),"1/2.8"" Progressive Scan CMOS
Color: 0.004 Lux @ (F1.4, AGC ON),B/W: 0 Lux with IR
Fixed focal lens, 2.8, 4, and 8 mm optional
Up to 30 m
50Hz: 25fps (1920 × 1080, 1280 × 960, 1280 × 720)
60Hz: 30fps (1920 × 1080, 1280 × 960, 1280 × 720)
3 streams; 
H.265+/H.265/H.264+/H.264/MJPEG;
BLC,HLC,3D DNR,Defog
WDR 120DB
12 VDC
1 RS-485
Built-in memory card slot, support microSD/microSDHC/microSDXC card, up to 256 GB
IP67",3524.61,5110.68,45,HIKVISION SA,EasyIP4.0+
DS-2CD2087G3-LI2UY(2.8mm)(O-STD),"1/2.8"" Progressive Scan CMOS
Color: 0.004 Lux @ (F1.4, AGC ON),B/W: 0 Lux with IR
Fixed focal lens, 2.8, 4, and 8 mm optional
Up to 30 m
50Hz: 25fps (1920 × 1080, 1280 × 960, 1280 × 720)
60Hz: 30fps (1920 × 1080, 1280 × 960, 1280 × 720)
3 streams; 
H.265+/H.265/H.264+/H.264/MJPEG;
BLC,HLC,3D DNR,Defog
WDR 120DB
12 VDC
1 RS-485
Built-in memory card slot, support microSD/microSDHC/microSDXC card, up to 256 GB
IP67",3592.44,5209.04,45,HIKVISION SA,EasyIP4.0+ with Two way Audio
DS-2CD2087G3-LI2UY(4mm)(O-STD),"1/2.8"" Progressive Scan CMOS
Color: 0.004 Lux @ (F1.4, AGC ON),B/W: 0 Lux with IR
Fixed focal lens, 2.8, 4, and 8 mm optional
Up to 30 m
50Hz: 25fps (1920 × 1080, 1280 × 960, 1280 × 720)
60Hz: 30fps (1920 × 1080, 1280 × 960, 1280 × 720)
3 streams; 
H.265+/H.265/H.264+/H.264/MJPEG;
BLC,HLC,3D DNR,Defog
WDR 120DB
12 VDC
1 RS-485
Built-in memory card slot, support microSD/microSDHC/microSDXC card, up to 256 GB
IP67",3592.44,5209.04,45,HIKVISION SA,EasyIP4.0+ with Two way Audio
DS-2CD2087G3-LI2UY(2.8mm)(O-STD)(BLACK),"1/2.8"" Progressive Scan CMOS
Color: 0.004 Lux @ (F1.4, AGC ON),B/W: 0 Lux with IR
Fixed focal lens, 2.8, 4, and 8 mm optional
Up to 30 m
50Hz: 25fps (1920 × 1080, 1280 × 960, 1280 × 720)
60Hz: 30fps (1920 × 1080, 1280 × 960, 1280 × 720)
3 streams; 
H.265+/H.265/H.264+/H.264/MJPEG;
BLC,HLC,3D DNR,Defog
WDR 120DB
12 VDC
1 RS-485
Built-in memory card slot, support microSD/microSDHC/microSDXC card, up to 256 GB
IP67",3656.5,5301.93,45,HIKVISION SA,EasyIP4.0+ with Two way Audio
DS-2CD2147G3-LIY(2.8mm)(O-STD),"1/2.8"" Progressive Scan CMOS
Color: 0.004 Lux @ (F1.4, AGC ON),B/W: 0 Lux with IR
Fixed focal lens, 2.8, 4, and 8 mm optional
Up to 30 m
50Hz: 25fps (1920 × 1080, 1280 × 960, 1280 × 720)
60Hz: 30fps (1920 × 1080, 1280 × 960, 1280 × 720)
3 streams; 
H.265+/H.265/H.264+/H.264/MJPEG;
BLC,HLC,3D DNR,Defog
WDR 120DB
12 VDC
1 RS-485
Built-in memory card slot, support microSD/microSDHC/microSDXC card, up to 256 GB
IP67",2724.48,3950.5,45,HIKVISION SA,EasyIP4.0+
DS-2CD2147G3-LIY(4mm)(O-STD),"1/2.8"" Progressive Scan CMOS
Color: 0.004 Lux @ (F1.4, AGC ON),B/W: 0 Lux with IR
Fixed focal lens, 2.8, 4, and 8 mm optional
Up to 30 m
50Hz: 25fps (1920 × 1080, 1280 × 960, 1280 × 720)
60Hz: 30fps (1920 × 1080, 1280 × 960, 1280 × 720)
3 streams; 
H.265+/H.265/H.264+/H.264/MJPEG;
BLC,HLC,3D DNR,Defog
WDR 120DB
12 VDC
1 RS-485
Built-in memory card slot, support microSD/microSDHC/microSDXC card, up to 256 GB
IP67",2724.48,3950.5,45,HIKVISION SA,EasyIP4.0+
DS-2CD2147G3-LIS2UY(2.8mm)(O-STD),"1/2.8"" Progressive Scan CMOS
Color: 0.004 Lux @ (F1.4, AGC ON),B/W: 0 Lux with IR
Fixed focal lens, 2.8, 4, and 8 mm optional
Up to 30 m
50Hz: 25fps (1920 × 1080, 1280 × 960, 1280 × 720)
60Hz: 30fps (1920 × 1080, 1280 × 960, 1280 × 720)
3 streams; 
H.265+/H.265/H.264+/H.264/MJPEG;
BLC,HLC,3D DNR,Defog
WDR 120DB
12 VDC
1 RS-485
Built-in memory card slot, support microSD/microSDHC/microSDXC card, up to 256 GB
IP67",2867.67,4158.12,45,HIKVISION SA,EasyIP4.0+ with Two way Audio
DS-2CD2147G3-LIS2UY(4mm)(O-STD),"1/2.8"" Progressive Scan CMOS
Color: 0.004 Lux @ (F1.4, AGC ON),B/W: 0 Lux with IR
Fixed focal lens, 2.8, 4, and 8 mm optional
Up to 30 m
50Hz: 25fps (1920 × 1080, 1280 × 960, 1280 × 720)
60Hz: 30fps (1920 × 1080, 1280 × 960, 1280 × 720)
3 streams; 
H.265+/H.265/H.264+/H.264/MJPEG;
BLC,HLC,3D DNR,Defog
WDR 120DB
12 VDC
1 RS-485
Built-in memory card slot, support microSD/microSDHC/microSDXC card, up to 256 GB
IP67",2867.67,4158.12,45,HIKVISION SA,EasyIP4.0+ with Two way Audio
DS-2CD2147G3-LIS2UY(2.8mm)(O-STD)(BLACK),"1/2.8"" Progressive Scan CMOS
Color: 0.004 Lux @ (F1.4, AGC ON),B/W: 0 Lux with IR
Fixed focal lens, 2.8, 4, and 8 mm optional
Up to 30 m
50Hz: 25fps (1920 × 1080, 1280 × 960, 1280 × 720)
60Hz: 30fps (1920 × 1080, 1280 × 960, 1280 × 720)
3 streams; 
H.265+/H.265/H.264+/H.264/MJPEG;
BLC,HLC,3D DNR,Defog
WDR 120DB
12 VDC
1 RS-485
Built-in memory card slot, support microSD/microSDHC/microSDXC card, up to 256 GB
IP67",2921.68,4236.44,45,HIKVISION SA,EasyIP4.0+ with Two way Audio
DS-2CD2187G3-LIY(2.8mm)(O-STD),"1/2.8"" Progressive Scan CMOS
Color: 0.004 Lux @ (F1.4, AGC ON),B/W: 0 Lux with IR
Fixed focal lens, 2.8, 4, and 8 mm optional
Up to 30 m
50Hz: 25fps (1920 × 1080, 1280 × 960, 1280 × 720)
60Hz: 30fps (1920 × 1080, 1280 × 960, 1280 × 720)
3 streams; 
H.265+/H.265/H.264+/H.264/MJPEG;
BLC,HLC,3D DNR,Defog
WDR 120DB
12 VDC
1 RS-485
Built-in memory card slot, support microSD/microSDHC/microSDXC card, up to 256 GB
IP67",3410.3,4944.94,45,HIKVISION SA,EasyIP4.0+
DS-2CD2187G3-LIY(4mm)(O-STD),"1/2.8"" Progressive Scan CMOS
Color: 0.004 Lux @ (F1.4, AGC ON),B/W: 0 Lux with IR
Fixed focal lens, 2.8, 4, and 8 mm optional
Up to 30 m
50Hz: 25fps (1920 × 1080, 1280 × 960, 1280 × 720)
60Hz: 30fps (1920 × 1080, 1280 × 960, 1280 × 720)
3 streams; 
H.265+/H.265/H.264+/H.264/MJPEG;
BLC,HLC,3D DNR,Defog
WDR 120DB
12 VDC
1 RS-485
Built-in memory card slot, support microSD/microSDHC/microSDXC card, up to 256 GB
IP67",3410.3,4944.94,45,HIKVISION SA,EasyIP4.0+
DS-2CD2187G3-LIS2UY(2.8mm)(O-STD),"1/2.8"" Progressive Scan CMOS
Color: 0.004 Lux @ (F1.4, AGC ON),B/W: 0 Lux with IR
Fixed focal lens, 2.8, 4, and 8 mm optional
Up to 30 m
50Hz: 25fps (1920 × 1080, 1280 × 960, 1280 × 720)
60Hz: 30fps (1920 × 1080, 1280 × 960, 1280 × 720)
3 streams; 
H.265+/H.265/H.264+/H.264/MJPEG;
BLC,HLC,3D DNR,Defog
WDR 120DB
12 VDC
1 RS-485
Built-in memory card slot, support microSD/microSDHC/microSDXC card, up to 256 GB
IP67",3588.67,5203.57,45,HIKVISION SA,EasyIP4.0+ with Two way Audio
DS-2CD2187G3-LIS2UY(4mm)(O-STD),"1/2.8"" Progressive Scan CMOS
Color: 0.004 Lux @ (F1.4, AGC ON),B/W: 0 Lux with IR
Fixed focal lens, 2.8, 4, and 8 mm optional
Up to 30 m
50Hz: 25fps (1920 × 1080, 1280 × 960, 1280 × 720)
60Hz: 30fps (1920 × 1080, 1280 × 960, 1280 × 720)
3 streams; 
H.265+/H.265/H.264+/H.264/MJPEG;
BLC,HLC,3D DNR,Defog
WDR 120DB
12 VDC
1 RS-485
Built-in memory card slot, support microSD/microSDHC/microSDXC card, up to 256 GB
IP67",3588.67,5203.57,45,HIKVISION SA,EasyIP4.0+ with Two way Audio
DS-2CD2187G3-LIS2UY(2.8mm)(O-STD)(BLACK),"1/2.8"" Progressive Scan CMOS
Color: 0.004 Lux @ (F1.4, AGC ON),B/W: 0 Lux with IR
Fixed focal lens, 2.8, 4, and 8 mm optional
Up to 30 m
50Hz: 25fps (1920 × 1080, 1280 × 960, 1280 × 720)
60Hz: 30fps (1920 × 1080, 1280 × 960, 1280 × 720)
3 streams; 
H.265+/H.265/H.264+/H.264/MJPEG;
BLC,HLC,3D DNR,Defog
WDR 120DB
12 VDC
1 RS-485
Built-in memory card slot, support microSD/microSDHC/microSDXC card, up to 256 GB
IP67",3646.45,5287.35,45,HIKVISION SA,EasyIP4.0+ with Two way Audio
DS-2CD2347G3-LIY(2.8mm)(O-STD),"1/2.8"" Progressive Scan CMOS
Color: 0.004 Lux @ (F1.4, AGC ON),B/W: 0 Lux with IR
Fixed focal lens, 2.8, 4, and 8 mm optional
Up to 30 m
50Hz: 25fps (1920 × 1080, 1280 × 960, 1280 × 720)
60Hz: 30fps (1920 × 1080, 1280 × 960, 1280 × 720)
3 streams; 
H.265+/H.265/H.264+/H.264/MJPEG;
BLC,HLC,3D DNR,Defog
WDR 120DB
12 VDC
1 RS-485
Built-in memory card slot, support microSD/microSDHC/microSDXC card, up to 256 GB
IP67",2841.29,4119.87,45,HIKVISION SA,EasyIP4.0+
DS-2CD2347G3-LIY(4mm)(O-STD),"1/2.8"" Progressive Scan CMOS
Color: 0.004 Lux @ (F1.4, AGC ON),B/W: 0 Lux with IR
Fixed focal lens, 2.8, 4, and 8 mm optional
Up to 30 m
50Hz: 25fps (1920 × 1080, 1280 × 960, 1280 × 720)
60Hz: 30fps (1920 × 1080, 1280 × 960, 1280 × 720)
3 streams; 
H.265+/H.265/H.264+/H.264/MJPEG;
BLC,HLC,3D DNR,Defog
WDR 120DB
12 VDC
1 RS-485
Built-in memory card slot, support microSD/microSDHC/microSDXC card, up to 256 GB
IP67",2841.29,4119.87,45,HIKVISION SA,EasyIP4.0+
DS-2CD2347G3-LI2UY(2.8mm)(O-STD),"1/2.8"" Progressive Scan CMOS
Color: 0.004 Lux @ (F1.4, AGC ON),B/W: 0 Lux with IR
Fixed focal lens, 2.8, 4, and 8 mm optional
Up to 30 m
50Hz: 25fps (1920 × 1080, 1280 × 960, 1280 × 720)
60Hz: 30fps (1920 × 1080, 1280 × 960, 1280 × 720)
3 streams; 
H.265+/H.265/H.264+/H.264/MJPEG;
BLC,HLC,3D DNR,Defog
WDR 120DB
12 VDC
1 RS-485
Built-in memory card slot, support microSD/microSDHC/microSDXC card, up to 256 GB
IP67",2948.06,4274.69,45,HIKVISION SA,EasyIP4.0+ with Two way Audio
DS-2CD2347G3-LI2UY(4mm)(O-STD),"1/2.8"" Progressive Scan CMOS
Color: 0.004 Lux @ (F1.4, AGC ON),B/W: 0 Lux with IR
Fixed focal lens, 2.8, 4, and 8 mm optional
Up to 30 m
50Hz: 25fps (1920 × 1080, 1280 × 960, 1280 × 720)
60Hz: 30fps (1920 × 1080, 1280 × 960, 1280 × 720)
3 streams; 
H.265+/H.265/H.264+/H.264/MJPEG;
BLC,HLC,3D DNR,Defog
WDR 120DB
12 VDC
1 RS-485
Built-in memory card slot, support microSD/microSDHC/microSDXC card, up to 256 GB
IP67",2948.06,4274.69,45,HIKVISION SA,EasyIP4.0+ with Two way Audio
DS-2CD2347G3-LI2UY(2.8mm)(O-STD)(BLACK),"1/2.8"" Progressive Scan CMOS
Color: 0.004 Lux @ (F1.4, AGC ON),B/W: 0 Lux with IR
Fixed focal lens, 2.8, 4, and 8 mm optional
Up to 30 m
50Hz: 25fps (1920 × 1080, 1280 × 960, 1280 × 720)
60Hz: 30fps (1920 × 1080, 1280 × 960, 1280 × 720)
3 streams; 
H.265+/H.265/H.264+/H.264/MJPEG;
BLC,HLC,3D DNR,Defog
WDR 120DB
12 VDC
1 RS-485
Built-in memory card slot, support microSD/microSDHC/microSDXC card, up to 256 GB
IP67",3009.61,4363.93,45,HIKVISION SA,EasyIP4.0+ with Two way Audio
DS-2CD2387G3-LIY(2.8mm)(O-STD),"1/2.8"" Progressive Scan CMOS
Color: 0.004 Lux @ (F1.4, AGC ON),B/W: 0 Lux with IR
Fixed focal lens, 2.8, 4, and 8 mm optional
Up to 30 m
50Hz: 25fps (1920 × 1080, 1280 × 960, 1280 × 720)
60Hz: 30fps (1920 × 1080, 1280 × 960, 1280 × 720)
3 streams; 
H.265+/H.265/H.264+/H.264/MJPEG;
BLC,HLC,3D DNR,Defog
WDR 120DB
12 VDC
1 RS-485
Built-in memory card slot, support microSD/microSDHC/microSDXC card, up to 256 GB
IP67",3728.1,5405.74,45,HIKVISION SA,EasyIP4.0+
DS-2CD2387G3-LIY(4mm)(O-STD),"1/2.8"" Progressive Scan CMOS
Color: 0.004 Lux @ (F1.4, AGC ON),B/W: 0 Lux with IR
Fixed focal lens, 2.8, 4, and 8 mm optional
Up to 30 m
50Hz: 25fps (1920 × 1080, 1280 × 960, 1280 × 720)
60Hz: 30fps (1920 × 1080, 1280 × 960, 1280 × 720)
3 streams; 
H.265+/H.265/H.264+/H.264/MJPEG;
BLC,HLC,3D DNR,Defog
WDR 120DB
12 VDC
1 RS-485
Built-in memory card slot, support microSD/microSDHC/microSDXC card, up to 256 GB
IP67",3728.1,5405.74,45,HIKVISION SA,EasyIP4.0+
DS-2CD2387G3-LI2UY(2.8mm)(O-STD),"1/2.8"" Progressive Scan CMOS
Color: 0.004 Lux @ (F1.4, AGC ON),B/W: 0 Lux with IR
Fixed focal lens, 2.8, 4, and 8 mm optional
Up to 30 m
50Hz: 25fps (1920 × 1080, 1280 × 960, 1280 × 720)
60Hz: 30fps (1920 × 1080, 1280 × 960, 1280 × 720)
3 streams; 
H.265+/H.265/H.264+/H.264/MJPEG;
BLC,HLC,3D DNR,Defog
WDR 120DB
12 VDC
1 RS-485
Built-in memory card slot, support microSD/microSDHC/microSDXC card, up to 256 GB
IP67",3834.87,5560.56,45,HIKVISION SA,EasyIP4.0+ with Two way Audio
DS-2CD2387G3-LI2UY(4mm)(O-STD),"1/2.8"" Progressive Scan CMOS
Color: 0.004 Lux @ (F1.4, AGC ON),B/W: 0 Lux with IR
Fixed focal lens, 2.8, 4, and 8 mm optional
Up to 30 m
50Hz: 25fps (1920 × 1080, 1280 × 960, 1280 × 720)
60Hz: 30fps (1920 × 1080, 1280 × 960, 1280 × 720)
3 streams; 
H.265+/H.265/H.264+/H.264/MJPEG;
BLC,HLC,3D DNR,Defog
WDR 120DB
12 VDC
1 RS-485
Built-in memory card slot, support microSD/microSDHC/microSDXC card, up to 256 GB
IP67",3834.87,5560.56,45,HIKVISION SA,EasyIP4.0+ with Two way Audio
DS-2CD2387G3-LI2UY(2.8mm)(O-STD)(BLACK),"1/2.8"" Progressive Scan CMOS
Color: 0.004 Lux @ (F1.4, AGC ON),B/W: 0 Lux with IR
Fixed focal lens, 2.8, 4, and 8 mm optional
Up to 30 m
50Hz: 25fps (1920 × 1080, 1280 × 960, 1280 × 720)
60Hz: 30fps (1920 × 1080, 1280 × 960, 1280 × 720)
3 streams; 
H.265+/H.265/H.264+/H.264/MJPEG;
BLC,HLC,3D DNR,Defog
WDR 120DB
12 VDC
1 RS-485
Built-in memory card slot, support microSD/microSDHC/microSDXC card, up to 256 GB
IP67",3902.7,5658.91,45,HIKVISION SA,EasyIP4.0+ with Two way Audio
DS-2CD2T47G3-LIY(2.8mm)(O-STD),"1/2.8"" Progressive Scan CMOS
Color: 0.004 Lux @ (F1.4, AGC ON),B/W: 0 Lux with IR
Fixed focal lens, 2.8, 4, and 8 mm optional
Up to 30 m
50Hz: 25fps (1920 × 1080, 1280 × 960, 1280 × 720)
60Hz: 30fps (1920 × 1080, 1280 × 960, 1280 × 720)
3 streams; 
H.265+/H.265/H.264+/H.264/MJPEG;
BLC,HLC,3D DNR,Defog
WDR 120DB
12 VDC
1 RS-485
Built-in memory card slot, support microSD/microSDHC/microSDXC card, up to 256 GB
IP67",3187.98,4622.57,45,HIKVISION SA,EasyIP4.0+
DS-2CD2T47G3-LIY(4mm)(O-STD),"1/2.8"" Progressive Scan CMOS
Color: 0.004 Lux @ (F1.4, AGC ON),B/W: 0 Lux with IR
Fixed focal lens, 2.8, 4, and 8 mm optional
Up to 30 m
50Hz: 25fps (1920 × 1080, 1280 × 960, 1280 × 720)
60Hz: 30fps (1920 × 1080, 1280 × 960, 1280 × 720)
3 streams; 
H.265+/H.265/H.264+/H.264/MJPEG;
BLC,HLC,3D DNR,Defog
WDR 120DB
12 VDC
1 RS-485
Built-in memory card slot, support microSD/microSDHC/microSDXC card, up to 256 GB
IP67",3187.98,4622.57,45,HIKVISION SA,EasyIP4.0+
DS-2CD2T47G3-LIY(2.8mm)(O-STD)(BLACK),"1/2.8"" Progressive Scan CMOS
Color: 0.004 Lux @ (F1.4, AGC ON),B/W: 0 Lux with IR
Fixed focal lens, 2.8, 4, and 8 mm optional
Up to 30 m
50Hz: 25fps (1920 × 1080, 1280 × 960, 1280 × 720)
60Hz: 30fps (1920 × 1080, 1280 × 960, 1280 × 720)
3 streams; 
H.265+/H.265/H.264+/H.264/MJPEG;
BLC,HLC,3D DNR,Defog
WDR 120DB
12 VDC
1 RS-485
Built-in memory card slot, support microSD/microSDHC/microSDXC card, up to 256 GB
IP67",3249.52,4711.8,45,HIKVISION SA,EasyIP4.0+
DS-2CD2T87G3-LIY(2.8mm)(O-STD),"1/2.8"" Progressive Scan CMOS
Color: 0.004 Lux @ (F1.4, AGC ON),B/W: 0 Lux with IR
Fixed focal lens, 2.8, 4, and 8 mm optional
Up to 30 m
50Hz: 25fps (1920 × 1080, 1280 × 960, 1280 × 720)
60Hz: 30fps (1920 × 1080, 1280 × 960, 1280 × 720)
3 streams; 
H.265+/H.265/H.264+/H.264/MJPEG;
BLC,HLC,3D DNR,Defog
WDR 120DB
12 VDC
1 RS-485
Built-in memory card slot, support microSD/microSDHC/microSDXC card, up to 256 GB
IP67",4106.18,5953.96,45,HIKVISION SA,EasyIP4.0+
DS-2CD2T87G3-LIY(4mm)(O-STD),"1/2.8"" Progressive Scan CMOS
Color: 0.004 Lux @ (F1.4, AGC ON),B/W: 0 Lux with IR
Fixed focal lens, 2.8, 4, and 8 mm optional
Up to 30 m
50Hz: 25fps (1920 × 1080, 1280 × 960, 1280 × 720)
60Hz: 30fps (1920 × 1080, 1280 × 960, 1280 × 720)
3 streams; 
H.265+/H.265/H.264+/H.264/MJPEG;
BLC,HLC,3D DNR,Defog
WDR 120DB
12 VDC
1 RS-485
Built-in memory card slot, support microSD/microSDHC/microSDXC card, up to 256 GB
IP67",4106.18,5953.96,45,HIKVISION SA,EasyIP4.0+
DS-2CD2T87G3-LIY(2.8mm)(O-STD)(BLACK),"1/2.8"" Progressive Scan CMOS
Color: 0.004 Lux @ (F1.4, AGC ON),B/W: 0 Lux with IR
Fixed focal lens, 2.8, 4, and 8 mm optional
Up to 30 m
50Hz: 25fps (1920 × 1080, 1280 × 960, 1280 × 720)
60Hz: 30fps (1920 × 1080, 1280 × 960, 1280 × 720)
3 streams; 
H.265+/H.265/H.264+/H.264/MJPEG;
BLC,HLC,3D DNR,Defog
WDR 120DB
12 VDC
1 RS-485
Built-in memory card slot, support microSD/microSDHC/microSDXC card, up to 256 GB
IP67",4167.73,6043.21,45,HIKVISION SA,EasyIP4.0+
DS-2CD2647G3-LIZSY(2.8-12mm)(O-STD),"1/2.8"" Progressive Scan CMOS
Color: 0.004 Lux @ (F1.4, AGC ON),B/W: 0 Lux with IR
Fixed focal lens, 2.8, 4, and 8 mm optional
Up to 30 m
50Hz: 25fps (1920 × 1080, 1280 × 960, 1280 × 720)
60Hz: 30fps (1920 × 1080, 1280 × 960, 1280 × 720)
3 streams; 
H.265+/H.265/H.264+/H.264/MJPEG;
BLC,HLC,3D DNR,Defog
WDR 120DB
12 VDC
1 RS-485
Built-in memory card slot, support microSD/microSDHC/microSDXC card, up to 256 GB
IP67",5229.13,7582.24,45,HIKVISION SA,EasyIP4.0+
DS-2CD2647G3-LIZSY(2.8-12mm)/O-STD/BLACK,"1/2.8"" Progressive Scan CMOS
Color: 0.004 Lux @ (F1.4, AGC ON),B/W: 0 Lux with IR
Fixed focal lens, 2.8, 4, and 8 mm optional
Up to 30 m
50Hz: 25fps (1920 × 1080, 1280 × 960, 1280 × 720)
60Hz: 30fps (1920 × 1080, 1280 × 960, 1280 × 720)
3 streams; 
H.265+/H.265/H.264+/H.264/MJPEG;
BLC,HLC,3D DNR,Defog
WDR 120DB
12 VDC
1 RS-485
Built-in memory card slot, support microSD/microSDHC/microSDXC card, up to 256 GB
IP67",5284.4,7662.38,45,HIKVISION SA,EasyIP4.0+
DS-2CD2647G3T-LIZSY(2.8-12mm)(O-STD),"1/2.8"" Progressive Scan CMOS
Color: 0.004 Lux @ (F1.4, AGC ON),B/W: 0 Lux with IR
Fixed focal lens, 2.8, 4, and 8 mm optional
Up to 30 m
50Hz: 25fps (1920 × 1080, 1280 × 960, 1280 × 720)
60Hz: 30fps (1920 × 1080, 1280 × 960, 1280 × 720)
3 streams; 
H.265+/H.265/H.264+/H.264/MJPEG;
BLC,HLC,3D DNR,Defog
WDR 120DB
12 VDC
1 RS-485
Built-in memory card slot, support microSD/microSDHC/microSDXC card, up to 256 GB
IP67",5229.13,7582.24,45,HIKVISION SA,EasyIP4.0+
DS-2CD2647G3T-LIZSY(2.8-12mm)O-STD/BLACK,"1/2.8"" Progressive Scan CMOS
Color: 0.004 Lux @ (F1.4, AGC ON),B/W: 0 Lux with IR
Fixed focal lens, 2.8, 4, and 8 mm optional
Up to 30 m
50Hz: 25fps (1920 × 1080, 1280 × 960, 1280 × 720)
60Hz: 30fps (1920 × 1080, 1280 × 960, 1280 × 720)
3 streams; 
H.265+/H.265/H.264+/H.264/MJPEG;
BLC,HLC,3D DNR,Defog
WDR 120DB
12 VDC
1 RS-485
Built-in memory card slot, support microSD/microSDHC/microSDXC card, up to 256 GB
IP67",5284.4,7662.38,45,HIKVISION SA,EasyIP4.0+
DS-2CD2687G3-LIZSY(2.8-12mm)(O-STD),"1/2.8"" Progressive Scan CMOS
Color: 0.004 Lux @ (F1.4, AGC ON),B/W: 0 Lux with IR
Fixed focal lens, 2.8, 4, and 8 mm optional
Up to 30 m
50Hz: 25fps (1920 × 1080, 1280 × 960, 1280 × 720)
60Hz: 30fps (1920 × 1080, 1280 × 960, 1280 × 720)
3 streams; 
H.265+/H.265/H.264+/H.264/MJPEG;
BLC,HLC,3D DNR,Defog
WDR 120DB
12 VDC
1 RS-485
Built-in memory card slot, support microSD/microSDHC/microSDXC card, up to 256 GB
IP67",6093.33,8835.33,45,HIKVISION SA,EasyIP4.0+
DS-2CD2687G3-LIZSY(2.8-12mm)/O-STD/BLACK,"1/2.8"" Progressive Scan CMOS
Color: 0.004 Lux @ (F1.4, AGC ON),B/W: 0 Lux with IR
Fixed focal lens, 2.8, 4, and 8 mm optional
Up to 30 m
50Hz: 25fps (1920 × 1080, 1280 × 960, 1280 × 720)
60Hz: 30fps (1920 × 1080, 1280 × 960, 1280 × 720)
3 streams; 
H.265+/H.265/H.264+/H.264/MJPEG;
BLC,HLC,3D DNR,Defog
WDR 120DB
12 VDC
1 RS-485
Built-in memory card slot, support microSD/microSDHC/microSDXC card, up to 256 GB
IP67",6151.11,8919.11,45,HIKVISION SA,EasyIP4.0+
DS-2CD2687G3T-LIZSY(2.8-12mm)(O-STD),"1/2.8"" Progressive Scan CMOS
Color: 0.004 Lux @ (F1.4, AGC ON),B/W: 0 Lux with IR
Fixed focal lens, 2.8, 4, and 8 mm optional
Up to 30 m
50Hz: 25fps (1920 × 1080, 1280 × 960, 1280 × 720)
60Hz: 30fps (1920 × 1080, 1280 × 960, 1280 × 720)
3 streams; 
H.265+/H.265/H.264+/H.264/MJPEG;
BLC,HLC,3D DNR,Defog
WDR 120DB
12 VDC
1 RS-485
Built-in memory card slot, support microSD/microSDHC/microSDXC card, up to 256 GB
IP67",6093.33,8835.33,45,HIKVISION SA,EasyIP4.0+
DS-2CD2687G3T-LIZSY(2.8-12mm)O-STD/BLACK,"1/2.8"" Progressive Scan CMOS
Color: 0.004 Lux @ (F1.4, AGC ON),B/W: 0 Lux with IR
Fixed focal lens, 2.8, 4, and 8 mm optional
Up to 30 m
50Hz: 25fps (1920 × 1080, 1280 × 960, 1280 × 720)
60Hz: 30fps (1920 × 1080, 1280 × 960, 1280 × 720)
3 streams; 
H.265+/H.265/H.264+/H.264/MJPEG;
BLC,HLC,3D DNR,Defog
WDR 120DB
12 VDC
1 RS-485
Built-in memory card slot, support microSD/microSDHC/microSDXC card, up to 256 GB
IP67",6151.11,8919.11,45,HIKVISION SA,EasyIP4.0+
DS-2CD2747G3T-LIZSY(2.8-12mm)(O-STD),"1/2.8"" Progressive Scan CMOS
Color: 0.004 Lux @ (F1.4, AGC ON),B/W: 0 Lux with IR
Fixed focal lens, 2.8, 4, and 8 mm optional
Up to 30 m
50Hz: 25fps (1920 × 1080, 1280 × 960, 1280 × 720)
60Hz: 30fps (1920 × 1080, 1280 × 960, 1280 × 720)
3 streams; 
H.265+/H.265/H.264+/H.264/MJPEG;
BLC,HLC,3D DNR,Defog
WDR 120DB
12 VDC
1 RS-485
Built-in memory card slot, support microSD/microSDHC/microSDXC card, up to 256 GB
IP67",5313.29,7704.27,45,HIKVISION SA,EasyIP4.0+
DS-2CD2747G3T-LIZSY(2.8-12mm)/O-STDBLACK,"1/2.8"" Progressive Scan CMOS
Color: 0.004 Lux @ (F1.4, AGC ON),B/W: 0 Lux with IR
Fixed focal lens, 2.8, 4, and 8 mm optional
Up to 30 m
50Hz: 25fps (1920 × 1080, 1280 × 960, 1280 × 720)
60Hz: 30fps (1920 × 1080, 1280 × 960, 1280 × 720)
3 streams; 
H.265+/H.265/H.264+/H.264/MJPEG;
BLC,HLC,3D DNR,Defog
WDR 120DB
12 VDC
1 RS-485
Built-in memory card slot, support microSD/microSDHC/microSDXC card, up to 256 GB
IP67",5371.07,7788.05,45,HIKVISION SA,EasyIP4.0+
DS-2CD2787G3T-LIZSY(2.8-12mm)(O-STD),"1/2.8"" Progressive Scan CMOS
Color: 0.004 Lux @ (F1.4, AGC ON),B/W: 0 Lux with IR
Fixed focal lens, 2.8, 4, and 8 mm optional
Up to 30 m
50Hz: 25fps (1920 × 1080, 1280 × 960, 1280 × 720)
60Hz: 30fps (1920 × 1080, 1280 × 960, 1280 × 720)
3 streams; 
H.265+/H.265/H.264+/H.264/MJPEG;
BLC,HLC,3D DNR,Defog
WDR 120DB
12 VDC
1 RS-485
Built-in memory card slot, support microSD/microSDHC/microSDXC card, up to 256 GB
IP67",6368.41,9234.19,45,HIKVISION SA,EasyIP4.0+
DS-2CD2787G3T-LIZSY(2.8-12mm)/O-STDBLACK,"1/2.8"" Progressive Scan CMOS
Color: 0.004 Lux @ (F1.4, AGC ON),B/W: 0 Lux with IR
Fixed focal lens, 2.8, 4, and 8 mm optional
Up to 30 m
50Hz: 25fps (1920 × 1080, 1280 × 960, 1280 × 720)
60Hz: 30fps (1920 × 1080, 1280 × 960, 1280 × 720)
3 streams; 
H.265+/H.265/H.264+/H.264/MJPEG;
BLC,HLC,3D DNR,Defog
WDR 120DB
12 VDC
1 RS-485
Built-in memory card slot, support microSD/microSDHC/microSDXC card, up to 256 GB
IP67",6429.96,9323.44,45,HIKVISION SA,EasyIP4.0+
DS-2CD2047G3-LI2UY/SL(2.8mm)(O-STD),"1/2.8"" Progressive Scan CMOS
Color: 0.004 Lux @ (F1.4, AGC ON),B/W: 0 Lux with IR
Fixed focal lens, 2.8, 4, and 8 mm optional
Up to 30 m
50Hz: 25fps (1920 × 1080, 1280 × 960, 1280 × 720)
60Hz: 30fps (1920 × 1080, 1280 × 960, 1280 × 720)
3 streams; 
H.265+/H.265/H.264+/H.264/MJPEG;
BLC,HLC,3D DNR,Defog
WDR 120DB
12 VDC
1 RS-485
Built-in memory card slot, support microSD/microSDHC/microSDXC card, up to 256 GB
IP67",2789.79,4045.2,45,HIKVISION SA,EasyIP4.0+ with Live Guard
DS-2CD2047G3-LI2UY/SL(4mm)(O-STD),"1/2.8"" Progressive Scan CMOS
Color: 0.004 Lux @ (F1.4, AGC ON),B/W: 0 Lux with IR
Fixed focal lens, 2.8, 4, and 8 mm optional
Up to 30 m
50Hz: 25fps (1920 × 1080, 1280 × 960, 1280 × 720)
60Hz: 30fps (1920 × 1080, 1280 × 960, 1280 × 720)
3 streams; 
H.265+/H.265/H.264+/H.264/MJPEG;
BLC,HLC,3D DNR,Defog
WDR 120DB
12 VDC
1 RS-485
Built-in memory card slot, support microSD/microSDHC/microSDXC card, up to 256 GB
IP67",2789.79,4045.2,45,HIKVISION SA,EasyIP4.0+ with Live Guard
DS-2CD2047G3-LI2UY/SL(2.8mm)O-STD/BLACK,"1/2.8"" Progressive Scan CMOS
Color: 0.004 Lux @ (F1.4, AGC ON),B/W: 0 Lux with IR
Fixed focal lens, 2.8, 4, and 8 mm optional
Up to 30 m
50Hz: 25fps (1920 × 1080, 1280 × 960, 1280 × 720)
60Hz: 30fps (1920 × 1080, 1280 × 960, 1280 × 720)
3 streams; 
H.265+/H.265/H.264+/H.264/MJPEG;
BLC,HLC,3D DNR,Defog
WDR 120DB
12 VDC
1 RS-485
Built-in memory card slot, support microSD/microSDHC/microSDXC card, up to 256 GB
IP67",2847.57,4128.98,45,HIKVISION SA,EasyIP4.0+ with Live Guard
DS-2CD2087G3-LI2UY/SL(2.8mm)(O-STD),"1/2.8"" Progressive Scan CMOS
Color: 0.004 Lux @ (F1.4, AGC ON),B/W: 0 Lux with IR
Fixed focal lens, 2.8, 4, and 8 mm optional
Up to 30 m
50Hz: 25fps (1920 × 1080, 1280 × 960, 1280 × 720)
60Hz: 30fps (1920 × 1080, 1280 × 960, 1280 × 720)
3 streams; 
H.265+/H.265/H.264+/H.264/MJPEG;
BLC,HLC,3D DNR,Defog
WDR 120DB
12 VDC
1 RS-485
Built-in memory card slot, support microSD/microSDHC/microSDXC card, up to 256 GB
IP67",3662.78,5311.03,45,HIKVISION SA,EasyIP4.0+ with Live Guard
DS-2CD2087G3-LI2UY/SL(4mm)(O-STD),"1/2.8"" Progressive Scan CMOS
Color: 0.004 Lux @ (F1.4, AGC ON),B/W: 0 Lux with IR
Fixed focal lens, 2.8, 4, and 8 mm optional
Up to 30 m
50Hz: 25fps (1920 × 1080, 1280 × 960, 1280 × 720)
60Hz: 30fps (1920 × 1080, 1280 × 960, 1280 × 720)
3 streams; 
H.265+/H.265/H.264+/H.264/MJPEG;
BLC,HLC,3D DNR,Defog
WDR 120DB
12 VDC
1 RS-485
Built-in memory card slot, support microSD/microSDHC/microSDXC card, up to 256 GB
IP67",3662.78,5311.03,45,HIKVISION SA,EasyIP4.0+ with Live Guard
DS-2CD2087G3-LI2UY/SL(2.8mm)O-STD/BLACK,"1/2.8"" Progressive Scan CMOS
Color: 0.004 Lux @ (F1.4, AGC ON),B/W: 0 Lux with IR
Fixed focal lens, 2.8, 4, and 8 mm optional
Up to 30 m
50Hz: 25fps (1920 × 1080, 1280 × 960, 1280 × 720)
60Hz: 30fps (1920 × 1080, 1280 × 960, 1280 × 720)
3 streams; 
H.265+/H.265/H.264+/H.264/MJPEG;
BLC,HLC,3D DNR,Defog
WDR 120DB
12 VDC
1 RS-485
Built-in memory card slot, support microSD/microSDHC/microSDXC card, up to 256 GB
IP67",3724.33,5400.28,45,HIKVISION SA,EasyIP4.0+ with Live Guard
DS-2CD2347G3-LIS2UY/SL(2.8mm)(O-STD),"1/2.8"" Progressive Scan CMOS
Color: 0.004 Lux @ (F1.4, AGC ON),B/W: 0 Lux with IR
Fixed focal lens, 2.8, 4, and 8 mm optional
Up to 30 m
50Hz: 25fps (1920 × 1080, 1280 × 960, 1280 × 720)
60Hz: 30fps (1920 × 1080, 1280 × 960, 1280 × 720)
3 streams; 
H.265+/H.265/H.264+/H.264/MJPEG;
BLC,HLC,3D DNR,Defog
WDR 120DB
12 VDC
1 RS-485
Built-in memory card slot, support microSD/microSDHC/microSDXC card, up to 256 GB
IP67",3157.83,4578.85,45,HIKVISION SA,EasyIP4.0+ with Live Guard
DS-2CD2347G3-LIS2UY/SL(4mm)(O-STD),"1/2.8"" Progressive Scan CMOS
Color: 0.004 Lux @ (F1.4, AGC ON),B/W: 0 Lux with IR
Fixed focal lens, 2.8, 4, and 8 mm optional
Up to 30 m
50Hz: 25fps (1920 × 1080, 1280 × 960, 1280 × 720)
60Hz: 30fps (1920 × 1080, 1280 × 960, 1280 × 720)
3 streams; 
H.265+/H.265/H.264+/H.264/MJPEG;
BLC,HLC,3D DNR,Defog
WDR 120DB
12 VDC
1 RS-485
Built-in memory card slot, support microSD/microSDHC/microSDXC card, up to 256 GB
IP67",3157.83,4578.85,45,HIKVISION SA,EasyIP4.0+ with Live Guard
DS-2CD2347G3-LIS2UY/SL(2.8mm)O-STD/BLACK,"1/2.8"" Progressive Scan CMOS
Color: 0.004 Lux @ (F1.4, AGC ON),B/W: 0 Lux with IR
Fixed focal lens, 2.8, 4, and 8 mm optional
Up to 30 m
50Hz: 25fps (1920 × 1080, 1280 × 960, 1280 × 720)
60Hz: 30fps (1920 × 1080, 1280 × 960, 1280 × 720)
3 streams; 
H.265+/H.265/H.264+/H.264/MJPEG;
BLC,HLC,3D DNR,Defog
WDR 120DB
12 VDC
1 RS-485
Built-in memory card slot, support microSD/microSDHC/microSDXC card, up to 256 GB
IP67",3223.15,4673.57,45,HIKVISION SA,EasyIP4.0+ with Live Guard
DS-2CD2387G3-LIS2UY/SL(2.8mm)(O-STD),"1/2.8"" Progressive Scan CMOS
Color: 0.004 Lux @ (F1.4, AGC ON),B/W: 0 Lux with IR
Fixed focal lens, 2.8, 4, and 8 mm optional
Up to 30 m
50Hz: 25fps (1920 × 1080, 1280 × 960, 1280 × 720)
60Hz: 30fps (1920 × 1080, 1280 × 960, 1280 × 720)
3 streams; 
H.265+/H.265/H.264+/H.264/MJPEG;
BLC,HLC,3D DNR,Defog
WDR 120DB
12 VDC
1 RS-485
Built-in memory card slot, support microSD/microSDHC/microSDXC card, up to 256 GB
IP67",3905.21,5662.55,45,HIKVISION SA,EasyIP4.0+ with Live Guard
DS-2CD2387G3-LIS2UY/SL(4mm)(O-STD),"1/2.8"" Progressive Scan CMOS
Color: 0.004 Lux @ (F1.4, AGC ON),B/W: 0 Lux with IR
Fixed focal lens, 2.8, 4, and 8 mm optional
Up to 30 m
50Hz: 25fps (1920 × 1080, 1280 × 960, 1280 × 720)
60Hz: 30fps (1920 × 1080, 1280 × 960, 1280 × 720)
3 streams; 
H.265+/H.265/H.264+/H.264/MJPEG;
BLC,HLC,3D DNR,Defog
WDR 120DB
12 VDC
1 RS-485
Built-in memory card slot, support microSD/microSDHC/microSDXC card, up to 256 GB
IP67",3905.21,5662.55,45,HIKVISION SA,EasyIP4.0+ with Live Guard
DS-2CD2387G3-LIS2UY/SL(2.8mm)O-STD/BLACK,"1/2.8"" Progressive Scan CMOS
Color: 0.004 Lux @ (F1.4, AGC ON),B/W: 0 Lux with IR
Fixed focal lens, 2.8, 4, and 8 mm optional
Up to 30 m
50Hz: 25fps (1920 × 1080, 1280 × 960, 1280 × 720)
60Hz: 30fps (1920 × 1080, 1280 × 960, 1280 × 720)
3 streams; 
H.265+/H.265/H.264+/H.264/MJPEG;
BLC,HLC,3D DNR,Defog
WDR 120DB
12 VDC
1 RS-485
Built-in memory card slot, support microSD/microSDHC/microSDXC card, up to 256 GB
IP67",3966.76,5751.8,45,HIKVISION SA,EasyIP4.0+ with Live Guard
DS-2CD2T47G3-LIS2UY/SL(2.8mm)(O-STD),"1/2.8"" Progressive Scan CMOS
Color: 0.004 Lux @ (F1.4, AGC ON),B/W: 0 Lux with IR
Fixed focal lens, 2.8, 4, and 8 mm optional
Up to 30 m
50Hz: 25fps (1920 × 1080, 1280 × 960, 1280 × 720)
60Hz: 30fps (1920 × 1080, 1280 × 960, 1280 × 720)
3 streams; 
H.265+/H.265/H.264+/H.264/MJPEG;
BLC,HLC,3D DNR,Defog
WDR 120DB
12 VDC
1 RS-485
Built-in memory card slot, support microSD/microSDHC/microSDXC card, up to 256 GB
IP67",3449.24,5001.4,45,HIKVISION SA,EasyIP4.0+ with Live Guard
DS-2CD2T47G3-LIS2UY/SL(4mm)(O-STD),"1/2.8"" Progressive Scan CMOS
Color: 0.004 Lux @ (F1.4, AGC ON),B/W: 0 Lux with IR
Fixed focal lens, 2.8, 4, and 8 mm optional
Up to 30 m
50Hz: 25fps (1920 × 1080, 1280 × 960, 1280 × 720)
60Hz: 30fps (1920 × 1080, 1280 × 960, 1280 × 720)
3 streams; 
H.265+/H.265/H.264+/H.264/MJPEG;
BLC,HLC,3D DNR,Defog
WDR 120DB
12 VDC
1 RS-485
Built-in memory card slot, support microSD/microSDHC/microSDXC card, up to 256 GB
IP67",3449.24,5001.4,45,HIKVISION SA,EasyIP4.0+ with Live Guard
DS-2CD2T47G3-LIS2UY/SL(2.8mm)O-STD/BLACK,"1/2.8"" Progressive Scan CMOS
Color: 0.004 Lux @ (F1.4, AGC ON),B/W: 0 Lux with IR
Fixed focal lens, 2.8, 4, and 8 mm optional
Up to 30 m
50Hz: 25fps (1920 × 1080, 1280 × 960, 1280 × 720)
60Hz: 30fps (1920 × 1080, 1280 × 960, 1280 × 720)
3 streams; 
H.265+/H.265/H.264+/H.264/MJPEG;
BLC,HLC,3D DNR,Defog
WDR 120DB
12 VDC
1 RS-485
Built-in memory card slot, support microSD/microSDHC/microSDXC card, up to 256 GB
IP67",3510.79,5090.65,45,HIKVISION SA,EasyIP4.0+ with Live Guard
DS-2CD2T87G3-LIS2UY/SL(2.8mm)(O-STD),"1/2.8"" Progressive Scan CMOS
Color: 0.004 Lux @ (F1.4, AGC ON),B/W: 0 Lux with IR
Fixed focal lens, 2.8, 4, and 8 mm optional
Up to 30 m
50Hz: 25fps (1920 × 1080, 1280 × 960, 1280 × 720)
60Hz: 30fps (1920 × 1080, 1280 × 960, 1280 × 720)
3 streams; 
H.265+/H.265/H.264+/H.264/MJPEG;
BLC,HLC,3D DNR,Defog
WDR 120DB
12 VDC
1 RS-485
Built-in memory card slot, support microSD/microSDHC/microSDXC card, up to 256 GB
IP67",4393.83,6371.05,45,HIKVISION SA,EasyIP4.0+ with Live Guard
DS-2CD2T87G3-LIS2UY/SL(4mm)(O-STD),"1/2.8"" Progressive Scan CMOS
Color: 0.004 Lux @ (F1.4, AGC ON),B/W: 0 Lux with IR
Fixed focal lens, 2.8, 4, and 8 mm optional
Up to 30 m
50Hz: 25fps (1920 × 1080, 1280 × 960, 1280 × 720)
60Hz: 30fps (1920 × 1080, 1280 × 960, 1280 × 720)
3 streams; 
H.265+/H.265/H.264+/H.264/MJPEG;
BLC,HLC,3D DNR,Defog
WDR 120DB
12 VDC
1 RS-485
Built-in memory card slot, support microSD/microSDHC/microSDXC card, up to 256 GB
IP67",4393.83,6371.05,45,HIKVISION SA,EasyIP4.0+ with Live Guard
DS-2CD2T87G3-LIS2UY/SL(2.8mm)O-STD/BLACK,"1/2.8"" Progressive Scan CMOS
Color: 0.004 Lux @ (F1.4, AGC ON),B/W: 0 Lux with IR
Fixed focal lens, 2.8, 4, and 8 mm optional
Up to 30 m
50Hz: 25fps (1920 × 1080, 1280 × 960, 1280 × 720)
60Hz: 30fps (1920 × 1080, 1280 × 960, 1280 × 720)
3 streams; 
H.265+/H.265/H.264+/H.264/MJPEG;
BLC,HLC,3D DNR,Defog
WDR 120DB
12 VDC
1 RS-485
Built-in memory card slot, support microSD/microSDHC/microSDXC card, up to 256 GB
IP67",4268.22,6188.92,45,HIKVISION SA,EasyIP4.0+ with Live Guard
DS-2CD2647G3-LIZS2UY/SL(2.8-12mm)(O-STD),"1/2.8"" Progressive Scan CMOS
Color: 0.004 Lux @ (F1.4, AGC ON),B/W: 0 Lux with IR
Fixed focal lens, 2.8, 4, and 8 mm optional
Up to 30 m
50Hz: 25fps (1920 × 1080, 1280 × 960, 1280 × 720)
60Hz: 30fps (1920 × 1080, 1280 × 960, 1280 × 720)
3 streams; 
H.265+/H.265/H.264+/H.264/MJPEG;
BLC,HLC,3D DNR,Defog
WDR 120DB
12 VDC
1 RS-485
Built-in memory card slot, support microSD/microSDHC/microSDXC card, up to 256 GB
IP67",5364.79,7778.95,45,HIKVISION SA,EasyIP4.0+ with Live Guard
DS-2CD2647G3-LIZS2UY/SL(2.8-12mm)OSTDBLK,"1/2.8"" Progressive Scan CMOS
Color: 0.004 Lux @ (F1.4, AGC ON),B/W: 0 Lux with IR
Fixed focal lens, 2.8, 4, and 8 mm optional
Up to 30 m
50Hz: 25fps (1920 × 1080, 1280 × 960, 1280 × 720)
60Hz: 30fps (1920 × 1080, 1280 × 960, 1280 × 720)
3 streams; 
H.265+/H.265/H.264+/H.264/MJPEG;
BLC,HLC,3D DNR,Defog
WDR 120DB
12 VDC
1 RS-485
Built-in memory card slot, support microSD/microSDHC/microSDXC card, up to 256 GB
IP67",5423.83,7864.55,45,HIKVISION SA,EasyIP4.0+ with Live Guard
DS-2CD2687G3-LIZS2UY/SL(2.8-12mm)(O-STD),"1/2.8"" Progressive Scan CMOS
Color: 0.004 Lux @ (F1.4, AGC ON),B/W: 0 Lux with IR
Fixed focal lens, 2.8, 4, and 8 mm optional
Up to 30 m
50Hz: 25fps (1920 × 1080, 1280 × 960, 1280 × 720)
60Hz: 30fps (1920 × 1080, 1280 × 960, 1280 × 720)
3 streams; 
H.265+/H.265/H.264+/H.264/MJPEG;
BLC,HLC,3D DNR,Defog
WDR 120DB
12 VDC
1 RS-485
Built-in memory card slot, support microSD/microSDHC/microSDXC card, up to 256 GB
IP67",6391.02,9266.98,45,HIKVISION SA,EasyIP4.0+ with Live Guard
DS-2CD2687G3-LIZS2UY/SL(2.8-12mm)OSTDBLK,"1/2.8"" Progressive Scan CMOS
Color: 0.004 Lux @ (F1.4, AGC ON),B/W: 0 Lux with IR
Fixed focal lens, 2.8, 4, and 8 mm optional
Up to 30 m
50Hz: 25fps (1920 × 1080, 1280 × 960, 1280 × 720)
60Hz: 30fps (1920 × 1080, 1280 × 960, 1280 × 720)
3 streams; 
H.265+/H.265/H.264+/H.264/MJPEG;
BLC,HLC,3D DNR,Defog
WDR 120DB
12 VDC
1 RS-485
Built-in memory card slot, support microSD/microSDHC/microSDXC card, up to 256 GB
IP67",6448.8,9350.76,45,HIKVISION SA,EasyIP4.0+ with Live Guard
DS-2CD2H47G3-LIZS2UY/SL(2.8-12mm)(O-STD),"1/1.8"""" Progressive Scan CMOS; H.265+/H.265/H.264+/H.264/MJPEG; 
Color: 0.0005 Lux @ (F1.2, AGC ON),0 Lux with light
25fps/30fps(2688 × 1520, 1920 × 1080, 1280 × 720); VCA functions; 3 streams; 3D DNR; BLC; ICR; 3000K Warm LED;IR, up to 40m DC12V&PoE; Built-in micro SD/SDHC/SDXC slot; HIK-Connect cloud service; 
Two-way audio; Built-in Dual-Array Microphone and enhanced speaker; Strobe light & Audio alarm;
Anti-Corrossion;
New Water-proof Socket Design",5258.02,7624.13,45,HIKVISION SA,EasyIP4.0+ with Live Guard
DS-2CD2H87G3-LIZS2UY/SL(2.8-12mm)(O-STD),"1/1.8"""" Progressive Scan CMOS; H.265+/H.265/H.264+/H.264/MJPEG; 
Color: 0.001 Lux @ (F1.2, AGC ON),0 Lux with light
25fps/24fps(3840 × 2160, 3200 × 1800, 2688 × 1520, 1920 × 1080, 1280 × 720); VCA functions; 3 streams; 3D DNR; BLC; ICR; 3000K Warm LED;IR, up to 40m DC12V&PoE; Built-in micro SD/SDHC/SDXC slot; HIK-Connect cloud service; 
Two-way audio; Built-in Dual-Array Microphone and enhanced speaker; Strobe light & Audio alarm;
Anti-Corrossion;
New Water-proof Socket Design",6368.41,9234.19,45,HIKVISION SA,EasyIP4.0+ with Live Guard
DS-2CD2047G2H-LIU/SL(2.8mm)(eF)(O-STD),"1/1.8"" Progressive Scan CMOS; H.265+/H.265/H.264+/H.264/MJPEG;
Color: 0.0005 lux @(F1.0, AGC ON), 0 lux with LED on;
25fps/30fps(2688×1520, 2304×1296, 1920×1080); VCA functions; 3 streams; 3D DNR; BLC; ICR; IR LED and 3000K Warm LED; DC12V&PoE; Built-in Microphone & Speaker, Support two way audio, siren & audio alarm, Built-in micro SD/SDHC/SDXC slot; HIK-Connect service;",2533.55,3673.65,45,HIKVISION SA,ColorVu with Hybrid Light+LiveGuard
DS-2CD2047G2H-LIU/SL(4mm)(eF)(O-STD),"1/1.8"" Progressive Scan CMOS; H.265+/H.265/H.264+/H.264/MJPEG;
Color: 0.0005 lux @(F1.0, AGC ON), 0 lux with LED on;
25fps/30fps(2688×1520, 2304×1296, 1920×1080); VCA functions; 3 streams; 3D DNR; BLC; ICR; IR LED and 3000K Warm LED; DC12V&PoE; Built-in Microphone & Speaker, Support two way audio, siren & audio alarm, Built-in micro SD/SDHC/SDXC slot; HIK-Connect service;",2533.55,3673.65,45,HIKVISION SA,ColorVu with Hybrid Light+LiveGuard
DS-2CD2047G2H-LIU/SL(2.8)/eF/O-STD/BLACK,"1/1.8"" Progressive Scan CMOS; H.265+/H.265/H.264+/H.264/MJPEG;
Color: 0.0005 lux @(F1.0, AGC ON), 0 lux with LED on;
25fps/30fps(2688×1520, 2304×1296, 1920×1080); VCA functions; 3 streams; 3D DNR; BLC; ICR; IR LED and 3000K Warm LED; DC12V&PoE; Built-in Microphone & Speaker, Support two way audio, siren & audio alarm, Built-in micro SD/SDHC/SDXC slot; HIK-Connect service;",2601.38,3772.0,45,HIKVISION SA,ColorVu with Hybrid Light+LiveGuard
DS-2CD2087G2H-LIU/SL(2.8mm)(eF)(O-STD),"1/1.8"" Progressive Scan CMOS; H.265+/H.265/H.264+/H.264/MJPEG;
Color: 0.0008 lux @(F1.0, AGC ON), 0 lux with LED on;
24/25fps(3840×2160), 25fps/30fps(3200x1800, 2688×1520, 1920×1080); VCA functions; 3 streams; 3D DNR; BLC; ICR; IR LED and 3000K Warm LED; DC12V&PoE; Built-in Microphone & Speaker, Support two way audio, siren & audio alarm, Built-in micro SD/SDHC/SDXC slot; HIK-Connect service;",3290.98,4771.92,45,HIKVISION SA,ColorVu with Hybrid Light+LiveGuard
DS-2CD2087G2H-LIU/SL(4mm)(eF)(O-STD),"1/1.8"" Progressive Scan CMOS; H.265+/H.265/H.264+/H.264/MJPEG;
Color: 0.0008 lux @(F1.0, AGC ON), 0 lux with LED on;
24/25fps(3840×2160), 25fps/30fps(3200x1800, 2688×1520, 1920×1080); VCA functions; 3 streams; 3D DNR; BLC; ICR; IR LED and 3000K Warm LED; DC12V&PoE; Built-in Microphone & Speaker, Support two way audio, siren & audio alarm, Built-in micro SD/SDHC/SDXC slot; HIK-Connect service;",3290.98,4771.92,45,HIKVISION SA,ColorVu with Hybrid Light+LiveGuard
DS-2CD2087G2H-LIU/SL(2.8)eF/O-STD/BLACK,"1/1.8"" Progressive Scan CMOS; H.265+/H.265/H.264+/H.264/MJPEG;
Color: 0.0008 lux @(F1.0, AGC ON), 0 lux with LED on;
24/25fps(3840×2160), 25fps/30fps(3200x1800, 2688×1520, 1920×1080); VCA functions; 3 streams; 3D DNR; BLC; ICR; IR LED and 3000K Warm LED; DC12V&PoE; Built-in Microphone & Speaker, Support two way audio, siren & audio alarm, Built-in micro SD/SDHC/SDXC slot; HIK-Connect service;",3358.8,4870.26,45,HIKVISION SA,ColorVu with Hybrid Light+LiveGuard
DS-2CD2347G2H-LISU/SL(2.8mm)(eF)(O-STD),"1/1.8"" Progressive Scan CMOS; H.265+/H.265/H.264+/H.264/MJPEG;
Color: 0.0005 lux @(F1.0, AGC ON), 0 lux with LED on;
25fps/30fps(2688×1520, 2304×1296, 1920×1080); VCA functions; 3 streams; 3D DNR; BLC; ICR; IR LED and 3000K Warm LED; DC12V&PoE; Built-in Microphone & Speaker, Support two way audio, siren & audio alarm, Built-in micro SD/SDHC/SDXC slot; HIK-Connect service;",2870.18,4161.76,45,HIKVISION SA,ColorVu with Hybrid Light+LiveGuard
DS-2CD2347G2H-LISU/SL(4mm)(eF)(O-STD),"1/1.8"" Progressive Scan CMOS; H.265+/H.265/H.264+/H.264/MJPEG;
Color: 0.0005 lux @(F1.0, AGC ON), 0 lux with LED on;
25fps/30fps(2688×1520, 2304×1296, 1920×1080); VCA functions; 3 streams; 3D DNR; BLC; ICR; IR LED and 3000K Warm LED; DC12V&PoE; Built-in Microphone & Speaker, Support two way audio, siren & audio alarm, Built-in micro SD/SDHC/SDXC slot; HIK-Connect service;",2870.18,4161.76,45,HIKVISION SA,ColorVu with Hybrid Light+LiveGuard
DS-2CD2347G2H-LISU/SL(2.8)/eF/O-STD/BLK,"1/1.8"" Progressive Scan CMOS; H.265+/H.265/H.264+/H.264/MJPEG;
Color: 0.0005 lux @(F1.0, AGC ON), 0 lux with LED on;
25fps/30fps(2688×1520, 2304×1296, 1920×1080); VCA functions; 3 streams; 3D DNR; BLC; ICR; IR LED and 3000K Warm LED; DC12V&PoE; Built-in Microphone & Speaker, Support two way audio, siren & audio alarm, Built-in micro SD/SDHC/SDXC slot; HIK-Connect service;",2935.5,4256.47,45,HIKVISION SA,ColorVu with Hybrid Light+LiveGuard
DS-2CD2387G2H-LISU/SL(2.8mm)(eF)(O-STD),"1/1.8"" Progressive Scan CMOS; H.265+/H.265/H.264+/H.264/MJPEG;
Color: 0.0008 lux @(F1.0, AGC ON), 0 lux with LED on;
24/25fps(3840×2160), 25fps/30fps(3200x1800, 2688×1520, 1920×1080); VCA functions; 3 streams; 3D DNR; BLC; ICR; IR LED and 3000K Warm LED; DC12V&PoE; Built-in Microphone & Speaker, Support two way audio, siren & audio alarm, Built-in micro SD/SDHC/SDXC slot; HIK-Connect service;",3323.63,4819.26,45,HIKVISION SA,ColorVu with Hybrid Light+LiveGuard
DS-2CD2387G2H-LISU/SL(4mm)(eF)(O-STD),"1/1.8"" Progressive Scan CMOS; H.265+/H.265/H.264+/H.264/MJPEG;
Color: 0.0008 lux @(F1.0, AGC ON), 0 lux with LED on;
24/25fps(3840×2160), 25fps/30fps(3200x1800, 2688×1520, 1920×1080); VCA functions; 3 streams; 3D DNR; BLC; ICR; IR LED and 3000K Warm LED; DC12V&PoE; Built-in Microphone & Speaker, Support two way audio, siren & audio alarm, Built-in micro SD/SDHC/SDXC slot; HIK-Connect service;",3323.63,4819.26,45,HIKVISION SA,ColorVu with Hybrid Light+LiveGuard
DS-2CD2387G2H-LISU/SL(2.8)/eF/O-STD/BLK,"1/1.8"" Progressive Scan CMOS; H.265+/H.265/H.264+/H.264/MJPEG;
Color: 0.0008 lux @(F1.0, AGC ON), 0 lux with LED on;
24/25fps(3840×2160), 25fps/30fps(3200x1800, 2688×1520, 1920×1080); VCA functions; 3 streams; 3D DNR; BLC; ICR; IR LED and 3000K Warm LED; DC12V&PoE; Built-in Microphone & Speaker, Support two way audio, siren & audio alarm, Built-in micro SD/SDHC/SDXC slot; HIK-Connect service;",3381.41,4903.04,45,HIKVISION SA,ColorVu with Hybrid Light+LiveGuard
DS-2CD2T47G2H-LISU/SL(2.8mm)(eF)(O-STD),"1/1.8"" Progressive Scan CMOS; H.265+/H.265/H.264+/H.264/MJPEG;
Color: 0.0005 lux @(F1.0, AGC ON), 0 lux with LED on;
25fps/30fps(2688×1520, 2304×1296, 1920×1080); VCA functions; 3 streams; 3D DNR; BLC; ICR; IR LED and 3000K Warm LED; DC12V&PoE; Built-in Microphone & Speaker, Support two way audio, siren & audio alarm, Built-in micro SD/SDHC/SDXC slot; HIK-Connect service;",3122.66,4527.86,45,HIKVISION SA,ColorVu with Hybrid Light+LiveGuard
DS-2CD2T47G2H-LISU/SL(4mm)(eF)(O-STD),"1/1.8"" Progressive Scan CMOS; H.265+/H.265/H.264+/H.264/MJPEG;
Color: 0.0005 lux @(F1.0, AGC ON), 0 lux with LED on;
25fps/30fps(2688×1520, 2304×1296, 1920×1080); VCA functions; 3 streams; 3D DNR; BLC; ICR; IR LED and 3000K Warm LED; DC12V&PoE; Built-in Microphone & Speaker, Support two way audio, siren & audio alarm, Built-in micro SD/SDHC/SDXC slot; HIK-Connect service;",3122.66,4527.86,45,HIKVISION SA,ColorVu with Hybrid Light+LiveGuard
DS-2CD2T87G2H-LISU/SL(2.8mm)(eF)(O-STD),"1/1.8"" Progressive Scan CMOS; H.265+/H.265/H.264+/H.264/MJPEG;
Color: 0.0008 lux @(F1.0, AGC ON), 0 lux with LED on;
24/25fps(3840×2160), 25fps/30fps(3200x1800, 2688×1520, 1920×1080); VCA functions; 3 streams; 3D DNR; BLC; ICR; IR LED and 3000K Warm LED; DC12V&PoE; Built-in Microphone & Speaker, Support two way audio, siren & audio alarm, Built-in micro SD/SDHC/SDXC slot; HIK-Connect service;",3744.43,5429.42,45,HIKVISION SA,ColorVu with Hybrid Light+LiveGuard
DS-2CD2T87G2H-LISU/SL(4mm)(eF)(O-STD),"1/1.8"" Progressive Scan CMOS; H.265+/H.265/H.264+/H.264/MJPEG;
Color: 0.0008 lux @(F1.0, AGC ON), 0 lux with LED on;
24/25fps(3840×2160), 25fps/30fps(3200x1800, 2688×1520, 1920×1080); VCA functions; 3 streams; 3D DNR; BLC; ICR; IR LED and 3000K Warm LED; DC12V&PoE; Built-in Microphone & Speaker, Support two way audio, siren & audio alarm, Built-in micro SD/SDHC/SDXC slot; HIK-Connect service;",3744.43,5429.42,45,HIKVISION SA,ColorVu with Hybrid Light+LiveGuard
DS-2CD2747G2H-LIPTRZS2U/SL(2.8-12mm)OSTD,"1/1.8"" Progressive Scan CMOS; H.265+/H.265/H.264+/H.264/MJPEG; 
Color: 0.0008 Lux @ (F1.2, AGC ON),0 Lux with light
25fps/30fps(2688 × 1520, 1920 × 1080, 1280 × 720); VCA functions; 3 streams; 3D DNR; BLC; ICR; 3000K Warm LED;IR, up to 40m DC12V&PoE; Built-in micro SD/SDHC/SDXC slot; HIK-Connect cloud service;",4915.11,7126.91,45,HIKVISION SA,PTRZ+ColorVu with Hybrid Light+LiveGuard
DS-2CD2747G2H-LIPTRZS2U/SL(2812)OSTDBLK,"1/1.8"" Progressive Scan CMOS; H.265+/H.265/H.264+/H.264/MJPEG; 
Color: 0.0008 Lux @ (F1.2, AGC ON),0 Lux with light
25fps/30fps(2688 × 1520, 1920 × 1080, 1280 × 720); VCA functions; 3 streams; 3D DNR; BLC; ICR; 3000K Warm LED;IR, up to 40m DC12V&PoE; Built-in micro SD/SDHC/SDXC slot; HIK-Connect cloud service;",4980.43,7221.62,45,HIKVISION SA,PTRZ+ColorVu with Hybrid Light+LiveGuard
DS-2CD2787G2H-LIPTRZS2U/SL(2.8-12mm)OSTD,"1/1.8"" Progressive Scan CMOS; H.265+/H.265/H.264+/H.264/MJPEG; 
Color: 0.0008 Lux @ (F1.2, AGC ON),0 Lux with light
25fps/24fps(3840 × 2160, 3200 × 1800, 2688 × 1520, 1920 × 1080, 1280 × 720); VCA functions; 3 streams; 3D DNR; BLC; ICR; 3000K Warm LED;IR, up to 40m DC12V&PoE; Built-in micro SD/SDHC/SDXC slot; HIK-Connect cloud service;",6167.44,8942.79,45,HIKVISION SA,PTRZ+ColorVu with Hybrid Light+LiveGuard
DS-2CD2787G2H-LIPTRZS2U/SL(2812)OSTDBLK,"1/1.8"" Progressive Scan CMOS; H.265+/H.265/H.264+/H.264/MJPEG; 
Color: 0.0008 Lux @ (F1.2, AGC ON),0 Lux with light
25fps/24fps(3840 × 2160, 3200 × 1800, 2688 × 1520, 1920 × 1080, 1280 × 720); VCA functions; 3 streams; 3D DNR; BLC; ICR; 3000K Warm LED;IR, up to 40m DC12V&PoE; Built-in micro SD/SDHC/SDXC slot; HIK-Connect cloud service;",6228.99,9032.04,45,HIKVISION SA,PTRZ+ColorVu with Hybrid Light+LiveGuard
DS-2CD2047G2H-LI(2.8mm)(eF)(O-STD),"1/1.8"" Progressive Scan CMOS; H.265+/H.265/H.264+/H.264/MJPEG;
Color: 0.0005 lux @(F1.0, AGC ON), 0 lux with LED on;
25fps/30fps(2688×1520, 2304×1296, 1920×1080); VCA functions; 3 streams; 3D DNR; BLC; ICR; IR LED and 3000K Warm LED; DC12V&PoE; Built-in micro SD/SDHC/SDXC slot; HIK-Connect service;
-U:Built-in micphone",2266.0,3285.7,45,HIKVISION SA,ColorVu with Hybrid Light
DS-2CD2047G2H-LI(4mm)(eF)(O-STD),"1/1.8"" Progressive Scan CMOS; H.265+/H.265/H.264+/H.264/MJPEG;
Color: 0.0005 lux @(F1.0, AGC ON), 0 lux with LED on;
25fps/30fps(2688×1520, 2304×1296, 1920×1080); VCA functions; 3 streams; 3D DNR; BLC; ICR; IR LED and 3000K Warm LED; DC12V&PoE; Built-in micro SD/SDHC/SDXC slot; HIK-Connect service;
-U:Built-in micphone",2266.0,3285.7,45,HIKVISION SA,ColorVu with Hybrid Light
DS-2CD2047G2H-LIU(2.8mm)(eF)(O-STD),"1/1.8"" Progressive Scan CMOS; H.265+/H.265/H.264+/H.264/MJPEG;
Color: 0.0005 lux @(F1.0, AGC ON), 0 lux with LED on;
25fps/30fps(2688×1520, 2304×1296, 1920×1080); VCA functions; 3 streams; 3D DNR; BLC; ICR; IR LED and 3000K Warm LED; DC12V&PoE; Built-in micro SD/SDHC/SDXC slot; HIK-Connect service;
-U:Built-in micphone",2333.83,3384.05,45,HIKVISION SA,ColorVu with Hybrid Light
DS-2CD2047G2H-LIU(4mm)(eF)(O-STD),"1/1.8"" Progressive Scan CMOS; H.265+/H.265/H.264+/H.264/MJPEG;
Color: 0.0005 lux @(F1.0, AGC ON), 0 lux with LED on;
25fps/30fps(2688×1520, 2304×1296, 1920×1080); VCA functions; 3 streams; 3D DNR; BLC; ICR; IR LED and 3000K Warm LED; DC12V&PoE; Built-in micro SD/SDHC/SDXC slot; HIK-Connect service;
-U:Built-in micphone",2333.83,3384.05,45,HIKVISION SA,ColorVu with Hybrid Light
DS-2CD2047G2H-LIU(2.8mm)(eF)/O-STD/BLACK,"1/1.8"" Progressive Scan CMOS; H.265+/H.265/H.264+/H.264/MJPEG;
Color: 0.0005 lux @(F1.0, AGC ON), 0 lux with LED on;
25fps/30fps(2688×1520, 2304×1296, 1920×1080); VCA functions; 3 streams; 3D DNR; BLC; ICR; IR LED and 3000K Warm LED; DC12V&PoE; Built-in micro SD/SDHC/SDXC slot; HIK-Connect service;
-U:Built-in micphone",2391.61,3467.83,45,HIKVISION SA,ColorVu with Hybrid Light
DS-2CD2087G2H-LI(2.8mm)(eF)(O-STD),"1/1.8"" Progressive Scan CMOS; H.265+/H.265/H.264+/H.264/MJPEG;
Color: 0.0008 lux @(F1.0, AGC ON), 0 lux with LED on;
24/25fps(3840×2160), 25fps/30fps(3200x1800, 2688×1520, 1920×1080); VCA functions; 3 streams; 3D DNR; BLC; ICR; IR LED and 3000K Warm LED; DC12V&PoE; Built-in micro SD/SDHC/SDXC slot; HIK-Connect service;
-U:Built-in micphone",3204.3,4646.23,45,HIKVISION SA,ColorVu with Hybrid Light
DS-2CD2087G2H-LI(4mm)(eF)(O-STD),"1/1.8"" Progressive Scan CMOS; H.265+/H.265/H.264+/H.264/MJPEG;
Color: 0.0008 lux @(F1.0, AGC ON), 0 lux with LED on;
24/25fps(3840×2160), 25fps/30fps(3200x1800, 2688×1520, 1920×1080); VCA functions; 3 streams; 3D DNR; BLC; ICR; IR LED and 3000K Warm LED; DC12V&PoE; Built-in micro SD/SDHC/SDXC slot; HIK-Connect service;
-U:Built-in micphone",3204.3,4646.23,45,HIKVISION SA,ColorVu with Hybrid Light
DS-2CD2087G2H-LIU(2.8mm)(eF)(O-STD),"1/1.8"" Progressive Scan CMOS; H.265+/H.265/H.264+/H.264/MJPEG;
Color: 0.0008 lux @(F1.0, AGC ON), 0 lux with LED on;
24/25fps(3840×2160), 25fps/30fps(3200x1800, 2688×1520, 1920×1080); VCA functions; 3 streams; 3D DNR; BLC; ICR; IR LED and 3000K Warm LED; DC12V&PoE; Built-in micro SD/SDHC/SDXC slot; HIK-Connect service;
-U:Built-in micphone",3264.6,4733.67,45,HIKVISION SA,ColorVu with Hybrid Light
DS-2CD2087G2H-LIU(4mm)(eF)(O-STD),"1/1.8"" Progressive Scan CMOS; H.265+/H.265/H.264+/H.264/MJPEG;
Color: 0.0008 lux @(F1.0, AGC ON), 0 lux with LED on;
24/25fps(3840×2160), 25fps/30fps(3200x1800, 2688×1520, 1920×1080); VCA functions; 3 streams; 3D DNR; BLC; ICR; IR LED and 3000K Warm LED; DC12V&PoE; Built-in micro SD/SDHC/SDXC slot; HIK-Connect service;
-U:Built-in micphone",3264.6,4733.67,45,HIKVISION SA,ColorVu with Hybrid Light
DS-2CD2087G2H-LIU(2.8mm)(eF)/O-STD/BLACK,"1/1.8"" Progressive Scan CMOS; H.265+/H.265/H.264+/H.264/MJPEG;
Color: 0.0008 lux @(F1.0, AGC ON), 0 lux with LED on;
24/25fps(3840×2160), 25fps/30fps(3200x1800, 2688×1520, 1920×1080); VCA functions; 3 streams; 3D DNR; BLC; ICR; IR LED and 3000K Warm LED; DC12V&PoE; Built-in micro SD/SDHC/SDXC slot; HIK-Connect service;
-U:Built-in micphone",3333.68,4833.84,45,HIKVISION SA,ColorVu with Hybrid Light
DS-2CD2147G2H-LI(2.8mm)(eF)(O-STD),"1/1.8"" Progressive Scan CMOS; H.265+/H.265/H.264+/H.264/MJPEG; 
Color: 0.0005 Lux @ (F1.0, AGC ON),0 Lux with light
25fps/30fps(2688 × 1520, 1920 × 1080, 1280 × 720); VCA functions; 3 streams; 3D DNR; BLC; ICR; 3000K Warm LED;IR, up to 30m DC12V&PoE; Built-in micro SD/SDHC/SDXC slot; HIK-Connect cloud service; 
-U:Built-in micphone",2456.93,3562.55,45,HIKVISION SA,ColorVu with Hybrid Light
DS-2CD2147G2H-LI(4mm)(eF)(O-STD),"1/1.8"" Progressive Scan CMOS; H.265+/H.265/H.264+/H.264/MJPEG; 
Color: 0.0005 Lux @ (F1.0, AGC ON),0 Lux with light
25fps/30fps(2688 × 1520, 1920 × 1080, 1280 × 720); VCA functions; 3 streams; 3D DNR; BLC; ICR; 3000K Warm LED;IR, up to 30m DC12V&PoE; Built-in micro SD/SDHC/SDXC slot; HIK-Connect cloud service; 
-U:Built-in micphone",2456.93,3562.55,45,HIKVISION SA,ColorVu with Hybrid Light
DS-2CD2147G2H-LISU(2.8mm)(eF)(O-STD),"1/1.8"" Progressive Scan CMOS; H.265+/H.265/H.264+/H.264/MJPEG; 
Color: 0.0005 Lux @ (F1.0, AGC ON),0 Lux with light
25fps/30fps(2688 × 1520, 1920 × 1080, 1280 × 720); VCA functions; 3 streams; 3D DNR; BLC; ICR; 3000K Warm LED;IR, up to 30m DC12V&PoE; Built-in micro SD/SDHC/SDXC slot; HIK-Connect cloud service; 
-U:Built-in micphone",2582.54,3744.68,45,HIKVISION SA,ColorVu with Hybrid Light
DS-2CD2147G2H-LISU(4mm)(eF)(O-STD),"1/1.8"" Progressive Scan CMOS; H.265+/H.265/H.264+/H.264/MJPEG; 
Color: 0.0005 Lux @ (F1.0, AGC ON),0 Lux with light
25fps/30fps(2688 × 1520, 1920 × 1080, 1280 × 720); VCA functions; 3 streams; 3D DNR; BLC; ICR; 3000K Warm LED;IR, up to 30m DC12V&PoE; Built-in micro SD/SDHC/SDXC slot; HIK-Connect cloud service; 
-U:Built-in micphone",2582.54,3744.68,45,HIKVISION SA,ColorVu with Hybrid Light
DS-2CD2147G2H-LISU(2.8mm)/eF/O-STD/BLACK,"1/1.8"" Progressive Scan CMOS; H.265+/H.265/H.264+/H.264/MJPEG; 
Color: 0.0005 Lux @ (F1.0, AGC ON),0 Lux with light
25fps/30fps(2688 × 1520, 1920 × 1080, 1280 × 720); VCA functions; 3 streams; 3D DNR; BLC; ICR; 3000K Warm LED;IR, up to 30m DC12V&PoE; Built-in micro SD/SDHC/SDXC slot; HIK-Connect cloud service; 
-U:Built-in micphone",2640.32,3828.46,45,HIKVISION SA,ColorVu with Hybrid Light
DS-2CD2187G2H-LI(2.8mm)(eF)(O-STD),"1/1.8"" Progressive Scan CMOS; H.265+/H.265/H.264+/H.264/MJPEG; 
Color: 0.0008 Lux @ (F1.0, AGC ON),0 Lux with light
25fps/24fps(3840 × 2160, 3200 × 1800, 2688 × 1520, 1920 × 1080, 1280 × 720); VCA functions; 3 streams; 3D DNR; BLC; ICR; 3000K Warm LED;IR, up to 30m DC12V&PoE; Built-in micro SD/SDHC/SDXC slot; HIK-Connect cloud service; 
-U:Built-in micphone",3067.39,4447.72,45,HIKVISION SA,ColorVu with Hybrid Light
DS-2CD2187G2H-LI(4mm)(eF)(O-STD),"1/1.8"" Progressive Scan CMOS; H.265+/H.265/H.264+/H.264/MJPEG; 
Color: 0.0008 Lux @ (F1.0, AGC ON),0 Lux with light
25fps/24fps(3840 × 2160, 3200 × 1800, 2688 × 1520, 1920 × 1080, 1280 × 720); VCA functions; 3 streams; 3D DNR; BLC; ICR; 3000K Warm LED;IR, up to 30m DC12V&PoE; Built-in micro SD/SDHC/SDXC slot; HIK-Connect cloud service; 
-U:Built-in micphone",3067.39,4447.72,45,HIKVISION SA,ColorVu with Hybrid Light
DS-2CD2187G2H-LISU(2.8mm)(eF)(O-STD),"1/1.8"" Progressive Scan CMOS; H.265+/H.265/H.264+/H.264/MJPEG; 
Color: 0.0008 Lux @ (F1.0, AGC ON),0 Lux with light
25fps/24fps(3840 × 2160, 3200 × 1800, 2688 × 1520, 1920 × 1080, 1280 × 720); VCA functions; 3 streams; 3D DNR; BLC; ICR; 3000K Warm LED;IR, up to 30m DC12V&PoE; Built-in micro SD/SDHC/SDXC slot; HIK-Connect cloud service; 
-U:Built-in micphone",3190.49,4626.21,45,HIKVISION SA,ColorVu with Hybrid Light
DS-2CD2187G2H-LISU(4mm)(eF)(O-STD),"1/1.8"" Progressive Scan CMOS; H.265+/H.265/H.264+/H.264/MJPEG; 
Color: 0.0008 Lux @ (F1.0, AGC ON),0 Lux with light
25fps/24fps(3840 × 2160, 3200 × 1800, 2688 × 1520, 1920 × 1080, 1280 × 720); VCA functions; 3 streams; 3D DNR; BLC; ICR; 3000K Warm LED;IR, up to 30m DC12V&PoE; Built-in micro SD/SDHC/SDXC slot; HIK-Connect cloud service; 
-U:Built-in micphone",3190.49,4626.21,45,HIKVISION SA,ColorVu with Hybrid Light
DS-2CD2187G2H-LISU(2.8mm)/eF/O-STD/BLACK,"1/1.8"" Progressive Scan CMOS; H.265+/H.265/H.264+/H.264/MJPEG; 
Color: 0.0008 Lux @ (F1.0, AGC ON),0 Lux with light
25fps/24fps(3840 × 2160, 3200 × 1800, 2688 × 1520, 1920 × 1080, 1280 × 720); VCA functions; 3 streams; 3D DNR; BLC; ICR; 3000K Warm LED;IR, up to 30m DC12V&PoE; Built-in micro SD/SDHC/SDXC slot; HIK-Connect cloud service; 
-U:Built-in micphone",3249.52,4711.8,45,HIKVISION SA,ColorVu with Hybrid Light
DS-2CD2347G2H-LI(2.8mm)(eF)(O-STD),"1/1.8"" Progressive Scan CMOS; H.265+/H.265/H.264+/H.264/MJPEG;
Color: 0.0005 lux @(F1.0, AGC ON), 0 lux with LED on;
25fps/30fps(2688×1520, 2304×1296, 1920×1080); VCA functions; 3 streams; 3D DNR; BLC; ICR; IR LED and 3000K Warm LED; DC12V&PoE; Built-in micro SD/SDHC/SDXC slot; HIK-Connect service;
-U:Built-in micphone",2586.3,3750.14,45,HIKVISION SA,ColorVu with Hybrid Light
DS-2CD2347G2H-LI(4mm)(eF)(O-STD),"1/1.8"" Progressive Scan CMOS; H.265+/H.265/H.264+/H.264/MJPEG;
Color: 0.0005 lux @(F1.0, AGC ON), 0 lux with LED on;
25fps/30fps(2688×1520, 2304×1296, 1920×1080); VCA functions; 3 streams; 3D DNR; BLC; ICR; IR LED and 3000K Warm LED; DC12V&PoE; Built-in micro SD/SDHC/SDXC slot; HIK-Connect service;
-U:Built-in micphone",2586.3,3750.14,45,HIKVISION SA,ColorVu with Hybrid Light
DS-2CD2347G2H-LIU(2.8mm)(eF)(O-STD),"1/1.8"" Progressive Scan CMOS; H.265+/H.265/H.264+/H.264/MJPEG;
Color: 0.0005 lux @(F1.0, AGC ON), 0 lux with LED on;
25fps/30fps(2688×1520, 2304×1296, 1920×1080); VCA functions; 3 streams; 3D DNR; BLC; ICR; IR LED and 3000K Warm LED; DC12V&PoE; Built-in micro SD/SDHC/SDXC slot; HIK-Connect service;
-U:Built-in micphone",2650.37,3843.04,45,HIKVISION SA,ColorVu with Hybrid Light
DS-2CD2347G2H-LIU(4mm)(eF)(O-STD),"1/1.8"" Progressive Scan CMOS; H.265+/H.265/H.264+/H.264/MJPEG;
Color: 0.0005 lux @(F1.0, AGC ON), 0 lux with LED on;
25fps/30fps(2688×1520, 2304×1296, 1920×1080); VCA functions; 3 streams; 3D DNR; BLC; ICR; IR LED and 3000K Warm LED; DC12V&PoE; Built-in micro SD/SDHC/SDXC slot; HIK-Connect service;
-U:Built-in micphone",2650.37,3843.04,45,HIKVISION SA,ColorVu with Hybrid Light
DS-2CD2347G2H-LIU(2.8mm)(eF)/O-STD/BLACK,"1/1.8"" Progressive Scan CMOS; H.265+/H.265/H.264+/H.264/MJPEG;
Color: 0.0005 lux @(F1.0, AGC ON), 0 lux with LED on;
25fps/30fps(2688×1520, 2304×1296, 1920×1080); VCA functions; 3 streams; 3D DNR; BLC; ICR; IR LED and 3000K Warm LED; DC12V&PoE; Built-in micro SD/SDHC/SDXC slot; HIK-Connect service;
-U:Built-in micphone",2715.68,3937.74,45,HIKVISION SA,ColorVu with Hybrid Light
DS-2CD2387G2H-LI(2.8mm)(eF)(O-STD),"1/1.8"" Progressive Scan CMOS; H.265+/H.265/H.264+/H.264/MJPEG;
Color: 0.0008 lux @(F1.0, AGC ON), 0 lux with LED on;
24/25fps(3840×2160), 25fps/30fps(3200x1800, 2688×1520, 1920×1080); VCA functions; 3 streams; 3D DNR; BLC; ICR; IR LED and 3000K Warm LED; DC12V&PoE; Built-in micro SD/SDHC/SDXC slot; HIK-Connect service;
-U:Built-in micphone",3391.46,4917.62,45,HIKVISION SA,ColorVu with Hybrid Light
DS-2CD2387G2H-LI(4mm)(eF)(O-STD),"1/1.8"" Progressive Scan CMOS; H.265+/H.265/H.264+/H.264/MJPEG;
Color: 0.0008 lux @(F1.0, AGC ON), 0 lux with LED on;
24/25fps(3840×2160), 25fps/30fps(3200x1800, 2688×1520, 1920×1080); VCA functions; 3 streams; 3D DNR; BLC; ICR; IR LED and 3000K Warm LED; DC12V&PoE; Built-in micro SD/SDHC/SDXC slot; HIK-Connect service;
-U:Built-in micphone",3391.46,4917.62,45,HIKVISION SA,ColorVu with Hybrid Light
DS-2CD2387G2H-LIU(2.8mm)(eF)(O-STD),"1/1.8"" Progressive Scan CMOS; H.265+/H.265/H.264+/H.264/MJPEG;
Color: 0.0008 lux @(F1.0, AGC ON), 0 lux with LED on;
24/25fps(3840×2160), 25fps/30fps(3200x1800, 2688×1520, 1920×1080); VCA functions; 3 streams; 3D DNR; BLC; ICR; IR LED and 3000K Warm LED; DC12V&PoE; Built-in micro SD/SDHC/SDXC slot; HIK-Connect service;
-U:Built-in micphone",3455.52,5010.5,45,HIKVISION SA,ColorVu with Hybrid Light
DS-2CD2387G2H-LIU(4mm)(eF)(O-STD),"1/1.8"" Progressive Scan CMOS; H.265+/H.265/H.264+/H.264/MJPEG;
Color: 0.0008 lux @(F1.0, AGC ON), 0 lux with LED on;
24/25fps(3840×2160), 25fps/30fps(3200x1800, 2688×1520, 1920×1080); VCA functions; 3 streams; 3D DNR; BLC; ICR; IR LED and 3000K Warm LED; DC12V&PoE; Built-in micro SD/SDHC/SDXC slot; HIK-Connect service;
-U:Built-in micphone",3455.52,5010.5,45,HIKVISION SA,ColorVu with Hybrid Light
DS-2CD2387G2H-LIU(2.8mm)(eF)/O-STD/BLACK,"1/1.8"" Progressive Scan CMOS; H.265+/H.265/H.264+/H.264/MJPEG;
Color: 0.0008 lux @(F1.0, AGC ON), 0 lux with LED on;
24/25fps(3840×2160), 25fps/30fps(3200x1800, 2688×1520, 1920×1080); VCA functions; 3 streams; 3D DNR; BLC; ICR; IR LED and 3000K Warm LED; DC12V&PoE; Built-in micro SD/SDHC/SDXC slot; HIK-Connect service;
-U:Built-in micphone",3527.12,5114.32,45,HIKVISION SA,ColorVu with Hybrid Light
DS-2CD2T47G2H-LI(2.8mm)(eF)(O-STD),"1/1.8"" Progressive Scan CMOS; H.265+/H.265/H.264+/H.264/MJPEG;
Color: 0.0005 lux @(F1.0, AGC ON), 0 lux with LED on;
25fps/30fps(2688×1520, 2304×1296, 1920×1080); VCA functions; 3 streams; 3D DNR; BLC; ICR; IR LED and 3000K Warm LED; DC12V&PoE; Built-in micro SD/SDHC/SDXC slot; HIK-Connect service;",2899.07,4203.65,45,HIKVISION SA,ColorVu with Hybrid Light
DS-2CD2T47G2H-LI(4mm)(eF)(O-STD),"1/1.8"" Progressive Scan CMOS; H.265+/H.265/H.264+/H.264/MJPEG;
Color: 0.0005 lux @(F1.0, AGC ON), 0 lux with LED on;
25fps/30fps(2688×1520, 2304×1296, 1920×1080); VCA functions; 3 streams; 3D DNR; BLC; ICR; IR LED and 3000K Warm LED; DC12V&PoE; Built-in micro SD/SDHC/SDXC slot; HIK-Connect service;",2899.07,4203.65,45,HIKVISION SA,ColorVu with Hybrid Light
DS-2CD2T47G2H-LI(2.8mm)(eF)(O-STD)/BLACK,"1/1.8"" Progressive Scan CMOS; H.265+/H.265/H.264+/H.264/MJPEG;
Color: 0.0005 lux @(F1.0, AGC ON), 0 lux with LED on;
25fps/30fps(2688×1520, 2304×1296, 1920×1080); VCA functions; 3 streams; 3D DNR; BLC; ICR; IR LED and 3000K Warm LED; DC12V&PoE; Built-in micro SD/SDHC/SDXC slot; HIK-Connect service;",2954.34,4283.79,45,HIKVISION SA,ColorVu with Hybrid Light
DS-2CD2T87G2H-LI(2.8mm)(eF)(O-STD),"1/1.8"" Progressive Scan CMOS; H.265+/H.265/H.264+/H.264/MJPEG;
Color: 0.0008 lux @(F1.0, AGC ON), 0 lux with LED on;
24/25fps(3840×2160), 25fps/30fps(3200x1800, 2688×1520, 1920×1080); VCA functions; 3 streams; 3D DNR; BLC; ICR; IR LED and 3000K Warm LED; DC12V&PoE; Built-in micro SD/SDHC/SDXC slot; HIK-Connect service;",3818.54,5536.88,45,HIKVISION SA,ColorVu with Hybrid Light
DS-2CD2T87G2H-LI(4mm)(eF)(O-STD),"1/1.8"" Progressive Scan CMOS; H.265+/H.265/H.264+/H.264/MJPEG;
Color: 0.0008 lux @(F1.0, AGC ON), 0 lux with LED on;
24/25fps(3840×2160), 25fps/30fps(3200x1800, 2688×1520, 1920×1080); VCA functions; 3 streams; 3D DNR; BLC; ICR; IR LED and 3000K Warm LED; DC12V&PoE; Built-in micro SD/SDHC/SDXC slot; HIK-Connect service;",3818.54,5536.88,45,HIKVISION SA,ColorVu with Hybrid Light
DS-2CD2T87G2H-LI(2.8mm)(eF)(O-STD)/BLACK,"1/1.8"" Progressive Scan CMOS; H.265+/H.265/H.264+/H.264/MJPEG;
Color: 0.0008 lux @(F1.0, AGC ON), 0 lux with LED on;
24/25fps(3840×2160), 25fps/30fps(3200x1800, 2688×1520, 1920×1080); VCA functions; 3 streams; 3D DNR; BLC; ICR; IR LED and 3000K Warm LED; DC12V&PoE; Built-in micro SD/SDHC/SDXC slot; HIK-Connect service;",3876.32,5620.66,45,HIKVISION SA,ColorVu with Hybrid Light
DS-2CD2647G2HT-LIZS(2.8-12mm)(eF)(O-STD),"1/1.8"" Progressive Scan CMOS; H.265+/H.265/H.264+/H.264/MJPEG;
Color: 0.0008 lux @(F1.2, AGC ON), 0 lux with LED on;
25fps/30fps(2688×1520, 1920×1080); VCA functions; 3 streams; 3D DNR; BLC; ICR; IR LED and 3000K Warm LED; DC12V&PoE; Built-in micro SD/SDHC/SDXC slot; HIK-Connect cloud service; 2.8-12mm
Audio/Alarm I/O, pigtail",4584.76,6647.9,45,HIKVISION SA,ColorVu with Hybrid Light Vari-fous
DS-2CD2647G2HT-LIZS(2.8-12)/eF/O-STD/BLK,"1/1.8"" Progressive Scan CMOS; H.265+/H.265/H.264+/H.264/MJPEG;
Color: 0.0008 lux @(F1.2, AGC ON), 0 lux with LED on;
25fps/30fps(2688×1520, 1920×1080); VCA functions; 3 streams; 3D DNR; BLC; ICR; IR LED and 3000K Warm LED; DC12V&PoE; Built-in micro SD/SDHC/SDXC slot; HIK-Connect cloud service; 2.8-12mm
Audio/Alarm I/O, pigtail",4650.07,6742.6,45,HIKVISION SA,ColorVu with Hybrid Light Vari-fous
DS-2CD2687G2HT-LIZS(2.8-12mm)(eF)(O-STD),"1/1.8"" Progressive Scan CMOS; H.265+/H.265/H.264+/H.264/MJPEG;
Color: 0.0008 lux @(F1.2, AGC ON), 0 lux with LED on;
25/24fps(3840×2160), 25fps/30fps(3200x1800, 2688×1520, 1920×1080); VCA functions; 3 streams; 3D DNR; BLC; ICR; IR LED and 3000K Warm LED; DC12V&PoE; Built-in micro SD/SDHC/SDXC slot; HIK-Connect cloud service; 2.8-12mm
Audio/Alarm I/O, pigtail",5481.61,7948.33,45,HIKVISION SA,ColorVu with Hybrid Light Vari-fous
DS-2CD2687G2HT-LIZS(2.8-12)/eF/O-STD/BLK,"1/1.8"" Progressive Scan CMOS; H.265+/H.265/H.264+/H.264/MJPEG;
Color: 0.0008 lux @(F1.2, AGC ON), 0 lux with LED on;
25/24fps(3840×2160), 25fps/30fps(3200x1800, 2688×1520, 1920×1080); VCA functions; 3 streams; 3D DNR; BLC; ICR; IR LED and 3000K Warm LED; DC12V&PoE; Built-in micro SD/SDHC/SDXC slot; HIK-Connect cloud service; 2.8-12mm
Audio/Alarm I/O, pigtail",5539.39,8032.12,45,HIKVISION SA,ColorVu with Hybrid Light Vari-fous
DS-2CD2747G2H-LIPTRZS(2.8-12mm)(O-STD),"1/1.8"" Progressive Scan CMOS; H.265+/H.265/H.264+/H.264/MJPEG; 
Color: 0.0008 Lux @ (F1.2, AGC ON),0 Lux with light
25fps/30fps(2688 × 1520, 1920 × 1080, 1280 × 720); VCA functions; 3 streams; 3D DNR; BLC; ICR; 3000K Warm LED;IR, up to 40m DC12V&PoE; Built-in micro SD/SDHC/SDXC slot; HIK-Connect cloud service;",4607.37,6680.69,45,HIKVISION SA,PTRZ+ColorVu with Hybrid Light Vari-fous
DS-2CD2747G2H-LIPTRZS(BLACK),"1/1.8"" Progressive Scan CMOS; H.265+/H.265/H.264+/H.264/MJPEG; 
Color: 0.0008 Lux @ (F1.2, AGC ON),0 Lux with light
25fps/30fps(2688 × 1520, 1920 × 1080, 1280 × 720); VCA functions; 3 streams; 3D DNR; BLC; ICR; 3000K Warm LED;IR, up to 40m DC12V&PoE; Built-in micro SD/SDHC/SDXC slot; HIK-Connect cloud service;",4662.63,6760.81,45,HIKVISION SA,PTRZ+ColorVu with Hybrid Light Vari-fous
DS-2CD2787G2H-LIPTRZS(2.8-12mm)(O-STD),"1/1.8"" Progressive Scan CMOS; H.265+/H.265/H.264+/H.264/MJPEG; 
Color: 0.0008 Lux @ (F1.2, AGC ON),0 Lux with light
25fps/24fps(3840 × 2160, 3200 × 1800, 2688 × 1520, 1920 × 1080, 1280 × 720); VCA functions; 3 streams; 3D DNR; BLC; ICR; 3000K Warm LED;IR, up to 40m DC12V&PoE; Built-in micro SD/SDHC/SDXC slot; HIK-Connect cloud service;",5629.83,8163.25,45,HIKVISION SA,PTRZ+ColorVu with Hybrid Light Vari-fous
DS-2CD2787G2H-LIPTRZS(BLACK),"1/1.8"" Progressive Scan CMOS; H.265+/H.265/H.264+/H.264/MJPEG; 
Color: 0.0008 Lux @ (F1.2, AGC ON),0 Lux with light
25fps/24fps(3840 × 2160, 3200 × 1800, 2688 × 1520, 1920 × 1080, 1280 × 720); VCA functions; 3 streams; 3D DNR; BLC; ICR; 3000K Warm LED;IR, up to 40m DC12V&PoE; Built-in micro SD/SDHC/SDXC slot; HIK-Connect cloud service;",5697.66,8261.61,45,HIKVISION SA,PTRZ+ColorVu with Hybrid Light Vari-fous
DS-2CD2046G2H-I(2.8mm)(O-STD),"1/3"" Progressive Scan CMOS; H.265+/H.265/H.264+/H.264/MJPEG;
Color: 0.001 lux @(F1.0, AGC ON), 0 lux with LED on; 25fps/30fps(2688×1520, 2304×1296, 1920×1080); VCA functions; 3 streams; 3D DNR; BLC; ICR; IR LED; DC12V&PoE; Built-in micro SD/SDHC/SDXC slot; HIK-Connect service;
-U:Built-in micphone",2052.46,2976.07,45,HIKVISION SA,AcuSense with F1.0
DS-2CD2046G2H-I(4mm)(O-STD),"1/3"" Progressive Scan CMOS; H.265+/H.265/H.264+/H.264/MJPEG;
Color: 0.001 lux @(F1.0, AGC ON), 0 lux with LED on; 25fps/30fps(2688×1520, 2304×1296, 1920×1080); VCA functions; 3 streams; 3D DNR; BLC; ICR; IR LED; DC12V&PoE; Built-in micro SD/SDHC/SDXC slot; HIK-Connect service;
-U:Built-in micphone",2052.46,2976.07,45,HIKVISION SA,AcuSense with F1.0
DS-2CD2046G2H-IU(2.8mm)(O-STD),"1/3"" Progressive Scan CMOS; H.265+/H.265/H.264+/H.264/MJPEG;
Color: 0.001 lux @(F1.0, AGC ON), 0 lux with LED on; 25fps/30fps(2688×1520, 2304×1296, 1920×1080); VCA functions; 3 streams; 3D DNR; BLC; ICR; IR LED; DC12V&PoE; Built-in micro SD/SDHC/SDXC slot; HIK-Connect service;
-U:Built-in micphone",2116.52,3068.95,45,HIKVISION SA,AcuSense with F1.0
DS-2CD2046G2H-IU(4mm)(O-STD),"1/3"" Progressive Scan CMOS; H.265+/H.265/H.264+/H.264/MJPEG;
Color: 0.001 lux @(F1.0, AGC ON), 0 lux with LED on; 25fps/30fps(2688×1520, 2304×1296, 1920×1080); VCA functions; 3 streams; 3D DNR; BLC; ICR; IR LED; DC12V&PoE; Built-in micro SD/SDHC/SDXC slot; HIK-Connect service;
-U:Built-in micphone",2116.52,3068.95,45,HIKVISION SA,AcuSense with F1.0
DS-2CD2046G2H-IU(2.8mm)(eF)(O-STD)/BLACK,"1/3"" Progressive Scan CMOS; H.265+/H.265/H.264+/H.264/MJPEG;
Color: 0.001 lux @(F1.0, AGC ON), 0 lux with LED on; 25fps/30fps(2688×1520, 2304×1296, 1920×1080); VCA functions; 3 streams; 3D DNR; BLC; ICR; IR LED; DC12V&PoE; Built-in micro SD/SDHC/SDXC slot; HIK-Connect service;
-U:Built-in micphone",2171.79,3149.1,45,HIKVISION SA,AcuSense with F1.0
DS-2CD2086G2H-I(2.8mm)(eF)(O-STD),"1/1.8"" Progressive Scan CMOS; H.265+/H.265/H.264+/H.264/MJPEG;
Color: 0.0008 lux @(F1.0, AGC ON), 0 lux with LED on; 25fps/24fps(3840×2160), 25fps/30fps (3200x1800, 2688×1520, 1920×1080); VCA functions; 3 streams; 3D DNR; BLC; ICR; IR LED; DC12V&PoE; Built-in micro SD/SDHC/SDXC slot; HIK-Connect service;
-U:Built-in micphone",2812.4,4077.98,45,HIKVISION SA,AcuSense with F1.0
DS-2CD2086G2H-I(4mm)(eF)(O-STD),"1/1.8"" Progressive Scan CMOS; H.265+/H.265/H.264+/H.264/MJPEG;
Color: 0.0008 lux @(F1.0, AGC ON), 0 lux with LED on; 25fps/24fps(3840×2160), 25fps/30fps (3200x1800, 2688×1520, 1920×1080); VCA functions; 3 streams; 3D DNR; BLC; ICR; IR LED; DC12V&PoE; Built-in micro SD/SDHC/SDXC slot; HIK-Connect service;
-U:Built-in micphone",2812.4,4077.98,45,HIKVISION SA,AcuSense with F1.0
DS-2CD2086G2H-IU(2.8mm)(eF)(O-STD),"1/1.8"" Progressive Scan CMOS; H.265+/H.265/H.264+/H.264/MJPEG;
Color: 0.0008 lux @(F1.0, AGC ON), 0 lux with LED on; 25fps/24fps(3840×2160), 25fps/30fps (3200x1800, 2688×1520, 1920×1080); VCA functions; 3 streams; 3D DNR; BLC; ICR; IR LED; DC12V&PoE; Built-in micro SD/SDHC/SDXC slot; HIK-Connect service;
-U:Built-in micphone",2876.46,4170.87,45,HIKVISION SA,AcuSense with F1.0
DS-2CD2086G2H-IU(4mm)(eF)(O-STD),"1/1.8"" Progressive Scan CMOS; H.265+/H.265/H.264+/H.264/MJPEG;
Color: 0.0008 lux @(F1.0, AGC ON), 0 lux with LED on; 25fps/24fps(3840×2160), 25fps/30fps (3200x1800, 2688×1520, 1920×1080); VCA functions; 3 streams; 3D DNR; BLC; ICR; IR LED; DC12V&PoE; Built-in micro SD/SDHC/SDXC slot; HIK-Connect service;
-U:Built-in micphone",2876.46,4170.87,45,HIKVISION SA,AcuSense with F1.0
DS-2CD2086G2H-IU(2.8mm)(eF)(O-STD)/BLACK,"1/1.8"" Progressive Scan CMOS; H.265+/H.265/H.264+/H.264/MJPEG;
Color: 0.0008 lux @(F1.0, AGC ON), 0 lux with LED on; 25fps/24fps(3840×2160), 25fps/30fps (3200x1800, 2688×1520, 1920×1080); VCA functions; 3 streams; 3D DNR; BLC; ICR; IR LED; DC12V&PoE; Built-in micro SD/SDHC/SDXC slot; HIK-Connect service;
-U:Built-in micphone",2935.5,4256.47,45,HIKVISION SA,AcuSense with F1.0
DS-2CD2146G2H-I(2.8mm)(O-STD),"1/3"" Progressive Scan CMOS; H.265+/H.265/H.264+/H.264/MJPEG;
Color: 0.001 lux @(F1.0, AGC ON), 0 lux with LED on; 25fps/30fps(2688×1520, 2304×1296, 1920×1080); VCA functions; 3 streams; 3D DNR; BLC; ICR; IR LED; DC12V&PoE; Built-in micro SD/SDHC/SDXC slot; HIK-Connect service;
-SU model: Audio/Alarm I/O, Built-in microphone",2038.65,2956.04,45,HIKVISION SA,AcuSense with F1.0
DS-2CD2146G2H-I(4mm)(O-STD),"1/3"" Progressive Scan CMOS; H.265+/H.265/H.264+/H.264/MJPEG;
Color: 0.001 lux @(F1.0, AGC ON), 0 lux with LED on; 25fps/30fps(2688×1520, 2304×1296, 1920×1080); VCA functions; 3 streams; 3D DNR; BLC; ICR; IR LED; DC12V&PoE; Built-in micro SD/SDHC/SDXC slot; HIK-Connect service;
-SU model: Audio/Alarm I/O, Built-in microphone",2038.65,2956.04,45,HIKVISION SA,AcuSense with F1.0
DS-2CD2146G2H-ISU(2.8mm)(O-STD),"1/3"" Progressive Scan CMOS; H.265+/H.265/H.264+/H.264/MJPEG;
Color: 0.001 lux @(F1.0, AGC ON), 0 lux with LED on; 25fps/30fps(2688×1520, 2304×1296, 1920×1080); VCA functions; 3 streams; 3D DNR; BLC; ICR; IR LED; DC12V&PoE; Built-in micro SD/SDHC/SDXC slot; HIK-Connect service;
-SU model: Audio/Alarm I/O, Built-in microphone",2168.02,3143.63,45,HIKVISION SA,AcuSense with F1.0
DS-2CD2146G2H-ISU(4mm)(O-STD),"1/3"" Progressive Scan CMOS; H.265+/H.265/H.264+/H.264/MJPEG;
Color: 0.001 lux @(F1.0, AGC ON), 0 lux with LED on; 25fps/30fps(2688×1520, 2304×1296, 1920×1080); VCA functions; 3 streams; 3D DNR; BLC; ICR; IR LED; DC12V&PoE; Built-in micro SD/SDHC/SDXC slot; HIK-Connect service;
-SU model: Audio/Alarm I/O, Built-in microphone",2168.02,3143.63,45,HIKVISION SA,AcuSense with F1.0
DS-2CD2146G2H-ISU(2.8mm)(eF)/O-STD/BLACK,"1/3"" Progressive Scan CMOS; H.265+/H.265/H.264+/H.264/MJPEG;
Color: 0.001 lux @(F1.0, AGC ON), 0 lux with LED on; 25fps/30fps(2688×1520, 2304×1296, 1920×1080); VCA functions; 3 streams; 3D DNR; BLC; ICR; IR LED; DC12V&PoE; Built-in micro SD/SDHC/SDXC slot; HIK-Connect service;
-SU model: Audio/Alarm I/O, Built-in microphone",2227.06,3229.24,45,HIKVISION SA,AcuSense with F1.0
DS-2CD2186G2H-I(2.8mm)(eF)(O-STD),"1/1.8"" Progressive Scan CMOS; H.265+/H.265/H.264+/H.264/MJPEG; 
Color: 0.0008 Lux @ (F1.0, AGC ON),0 Lux with light; 
25fps/24fps(3840×2160);25fps/30 fps (3200 × 1800, 2688 × 1520, 1920 × 1080, 1280 × 720) VCA functions; 3 streams; 3D DNR; BLC; ICR; EXIR, Up to 30 m; DC12V&PoE; Built-in micro SD/SDHC/SDXC slot; HIK-Connect cloud service; 
-U:Built-in micphone",2769.7,4016.06,45,HIKVISION SA,AcuSense with F1.0
DS-2CD2186G2H-I(4mm)(eF)(O-STD),"1/1.8"" Progressive Scan CMOS; H.265+/H.265/H.264+/H.264/MJPEG; 
Color: 0.0008 Lux @ (F1.0, AGC ON),0 Lux with light; 
25fps/24fps(3840×2160);25fps/30 fps (3200 × 1800, 2688 × 1520, 1920 × 1080, 1280 × 720) VCA functions; 3 streams; 3D DNR; BLC; ICR; EXIR, Up to 30 m; DC12V&PoE; Built-in micro SD/SDHC/SDXC slot; HIK-Connect cloud service; 
-U:Built-in micphone",2769.7,4016.06,45,HIKVISION SA,AcuSense with F1.0
DS-2CD2186G2H-ISU(2.8mm)(eF)(O-STD),"1/1.8"" Progressive Scan CMOS; H.265+/H.265/H.264+/H.264/MJPEG; 
Color: 0.0008 Lux @ (F1.0, AGC ON),0 Lux with light; 
25fps/24fps(3840×2160);25fps/30 fps (3200 × 1800, 2688 × 1520, 1920 × 1080, 1280 × 720) VCA functions; 3 streams; 3D DNR; BLC; ICR; EXIR, Up to 30 m; DC12V&PoE; Built-in micro SD/SDHC/SDXC slot; HIK-Connect cloud service; 
-U:Built-in micphone",2899.07,4203.65,45,HIKVISION SA,AcuSense with F1.0
DS-2CD2186G2H-ISU(4mm)(eF)(O-STD),"1/1.8"" Progressive Scan CMOS; H.265+/H.265/H.264+/H.264/MJPEG; 
Color: 0.0008 Lux @ (F1.0, AGC ON),0 Lux with light; 
25fps/24fps(3840×2160);25fps/30 fps (3200 × 1800, 2688 × 1520, 1920 × 1080, 1280 × 720) VCA functions; 3 streams; 3D DNR; BLC; ICR; EXIR, Up to 30 m; DC12V&PoE; Built-in micro SD/SDHC/SDXC slot; HIK-Connect cloud service; 
-U:Built-in micphone",2899.07,4203.65,45,HIKVISION SA,AcuSense with F1.0
DS-2CD2186G2H-ISU(2.8mm)(eF)/O-STD/BLACK,"1/1.8"" Progressive Scan CMOS; H.265+/H.265/H.264+/H.264/MJPEG; 
Color: 0.0008 Lux @ (F1.0, AGC ON),0 Lux with light; 
25fps/24fps(3840×2160);25fps/30 fps (3200 × 1800, 2688 × 1520, 1920 × 1080, 1280 × 720) VCA functions; 3 streams; 3D DNR; BLC; ICR; EXIR, Up to 30 m; DC12V&PoE; Built-in micro SD/SDHC/SDXC slot; HIK-Connect cloud service; 
-U:Built-in micphone",2954.34,4283.79,45,HIKVISION SA,AcuSense with F1.0
DS-2CD2346G2H-I(2.8mm)(eF)(O-STD),"1/3"" Progressive Scan CMOS; H.265+/H.265/H.264+/H.264/MJPEG; 
Color: 0.001 Lux @ (F1.0, AGC ON),0 Lux with light; 
25fps/30fps (2688 × 1520, 1920 × 1080, 1280 × 720) ; VCA functions; 3 streams; 3D DNR; BLC; ICR; EXIR, Up to 40 m; DC12V&PoE; Built-in micro SD/SDHC/SDXC slot; HIK-Connect cloud service; 
-U:Built-in micphone",2229.57,3232.88,45,HIKVISION SA,AcuSense with F1.0
DS-2CD2346G2H-I(4mm)(eF)(O-STD),"1/3"" Progressive Scan CMOS; H.265+/H.265/H.264+/H.264/MJPEG; 
Color: 0.001 Lux @ (F1.0, AGC ON),0 Lux with light; 
25fps/30fps (2688 × 1520, 1920 × 1080, 1280 × 720) ; VCA functions; 3 streams; 3D DNR; BLC; ICR; EXIR, Up to 40 m; DC12V&PoE; Built-in micro SD/SDHC/SDXC slot; HIK-Connect cloud service; 
-U:Built-in micphone",2229.57,3232.88,45,HIKVISION SA,AcuSense with F1.0
DS-2CD2346G2H-IU(2.8mm)(eF)(O-STD),"1/3"" Progressive Scan CMOS; H.265+/H.265/H.264+/H.264/MJPEG; 
Color: 0.001 Lux @ (F1.0, AGC ON),0 Lux with light; 
25fps/30fps (2688 × 1520, 1920 × 1080, 1280 × 720) ; VCA functions; 3 streams; 3D DNR; BLC; ICR; EXIR, Up to 40 m; DC12V&PoE; Built-in micro SD/SDHC/SDXC slot; HIK-Connect cloud service; 
-U:Built-in micphone",2301.17,3336.7,45,HIKVISION SA,AcuSense with F1.0
DS-2CD2346G2H-IU(4mm)(eF)(O-STD),"1/3"" Progressive Scan CMOS; H.265+/H.265/H.264+/H.264/MJPEG; 
Color: 0.001 Lux @ (F1.0, AGC ON),0 Lux with light; 
25fps/30fps (2688 × 1520, 1920 × 1080, 1280 × 720) ; VCA functions; 3 streams; 3D DNR; BLC; ICR; EXIR, Up to 40 m; DC12V&PoE; Built-in micro SD/SDHC/SDXC slot; HIK-Connect cloud service; 
-U:Built-in micphone",2301.17,3336.7,45,HIKVISION SA,AcuSense with F1.0
DS-2CD2346G2H-IU(2.8mm)(eF)(O-STD)/BLACK,"1/3"" Progressive Scan CMOS; H.265+/H.265/H.264+/H.264/MJPEG;
Color: 0.001 lux @(F1.0, AGC ON), 0 lux with LED on; 25fps/30fps(2688×1520, 2304×1296, 1920×1080); VCA functions; 3 streams; 3D DNR; BLC; ICR; IR LED; DC12V&PoE; Built-in micro SD/SDHC/SDXC slot; HIK-Connect service;
-U:Built-in micphone",2365.23,3429.58,45,HIKVISION SA,AcuSense with F1.0
DS-2CD2386G2H-I(2.8mm)(eF)(O-STD),"1/1.8"" Progressive Scan CMOS; H.265+/H.265/H.264+/H.264/MJPEG;
Color: 0.0008 lux @(F1.0, AGC ON), 0 lux with LED on; 25fps/24fps(3840×2160), 25fps/30fps (3200x1800, 2688×1520, 1920×1080); VCA functions; 3 streams; 3D DNR; BLC; ICR; IR LED; DC12V&PoE; Built-in micro SD/SDHC/SDXC slot; HIK-Connect service;
-U:Built-in micphone",2951.83,4280.15,45,HIKVISION SA,AcuSense with F1.0
DS-2CD2386G2H-I(4mm)(eF)(O-STD),"1/1.8"" Progressive Scan CMOS; H.265+/H.265/H.264+/H.264/MJPEG;
Color: 0.0008 lux @(F1.0, AGC ON), 0 lux with LED on; 25fps/24fps(3840×2160), 25fps/30fps (3200x1800, 2688×1520, 1920×1080); VCA functions; 3 streams; 3D DNR; BLC; ICR; IR LED; DC12V&PoE; Built-in micro SD/SDHC/SDXC slot; HIK-Connect service;
-U:Built-in micphone",2951.83,4280.15,45,HIKVISION SA,AcuSense with F1.0
DS-2CD2386G2H-IU(2.8mm)(eF)(O-STD),"1/1.8"" Progressive Scan CMOS; H.265+/H.265/H.264+/H.264/MJPEG;
Color: 0.0008 lux @(F1.0, AGC ON), 0 lux with LED on; 25fps/24fps(3840×2160), 25fps/30fps (3200x1800, 2688×1520, 1920×1080); VCA functions; 3 streams; 3D DNR; BLC; ICR; IR LED; DC12V&PoE; Built-in micro SD/SDHC/SDXC slot; HIK-Connect service;
-U:Built-in micphone",3013.38,4369.4,45,HIKVISION SA,AcuSense with F1.0
DS-2CD2386G2H-IU(4mm)(eF)(O-STD),"1/1.8"" Progressive Scan CMOS; H.265+/H.265/H.264+/H.264/MJPEG;
Color: 0.0008 lux @(F1.0, AGC ON), 0 lux with LED on; 25fps/24fps(3840×2160), 25fps/30fps (3200x1800, 2688×1520, 1920×1080); VCA functions; 3 streams; 3D DNR; BLC; ICR; IR LED; DC12V&PoE; Built-in micro SD/SDHC/SDXC slot; HIK-Connect service;
-U:Built-in micphone",3013.38,4369.4,45,HIKVISION SA,AcuSense with F1.0
DS-2CD2386G2H-IU(2.8mm)(eF)(O-STD)/BLACK,"1/1.8"" Progressive Scan CMOS; H.265+/H.265/H.264+/H.264/MJPEG;
Color: 0.0008 lux @(F1.0, AGC ON), 0 lux with LED on; 25fps/24fps(3840×2160), 25fps/30fps (3200x1800, 2688×1520, 1920×1080); VCA functions; 3 streams; 3D DNR; BLC; ICR; IR LED; DC12V&PoE; Built-in micro SD/SDHC/SDXC slot; HIK-Connect service;
-U:Built-in micphone",3077.44,4462.29,45,HIKVISION SA,AcuSense with F1.0
DS-2CD2T46G2H-2I(2.8mm)(O-STD),"1/3"" Progressive Scan CMOS; H.265+/H.265/H.264+/H.264/MJPEG;
Color: 0.001 lux @(F1.0, AGC ON), 0 lux with LED on; 25fps/30fps(2688×1520, 2304×1296, 1920×1080); VCA functions; 3 streams; 3D DNR; BLC; ICR; IR LED; DC12V&PoE; Built-in micro SD/SDHC/SDXC slot; HIK-Connect service;",2430.55,3524.3,45,HIKVISION SA,AcuSense with F1.0
DS-2CD2T46G2H-2I(4mm)(O-STD),"1/3"" Progressive Scan CMOS; H.265+/H.265/H.264+/H.264/MJPEG;
Color: 0.001 lux @(F1.0, AGC ON), 0 lux with LED on; 25fps/30fps(2688×1520, 2304×1296, 1920×1080); VCA functions; 3 streams; 3D DNR; BLC; ICR; IR LED; DC12V&PoE; Built-in micro SD/SDHC/SDXC slot; HIK-Connect service;",2430.55,3524.3,45,HIKVISION SA,AcuSense with F1.0
DS-2CD2T46G2H-2I(2.8mm)(eF)(O-STD)/BLACK,"1/3"" Progressive Scan CMOS; H.265+/H.265/H.264+/H.264/MJPEG;
Color: 0.001 lux @(F1.0, AGC ON), 0 lux with LED on; 25fps/30fps(2688×1520, 2304×1296, 1920×1080); VCA functions; 3 streams; 3D DNR; BLC; ICR; IR LED; DC12V&PoE; Built-in micro SD/SDHC/SDXC slot; HIK-Connect service;",2582.54,3744.68,45,HIKVISION SA,AcuSense with F1.0
DS-2CD2T46G2H-4I(2.8mm)(O-STD),"1/3"" Progressive Scan CMOS; H.265+/H.265/H.264+/H.264/MJPEG;
Color: 0.001 lux @(F1.0, AGC ON), 0 lux with LED on; 25fps/30fps(2688×1520, 2304×1296, 1920×1080); VCA functions; 3 streams; 3D DNR; BLC; ICR; IR LED; DC12V&PoE; Built-in micro SD/SDHC/SDXC slot; HIK-Connect service;",2549.88,3697.33,45,HIKVISION SA,AcuSense with F1.0
DS-2CD2T46G2H-4I(4mm)(O-STD),"1/3"" Progressive Scan CMOS; H.265+/H.265/H.264+/H.264/MJPEG;
Color: 0.001 lux @(F1.0, AGC ON), 0 lux with LED on; 25fps/30fps(2688×1520, 2304×1296, 1920×1080); VCA functions; 3 streams; 3D DNR; BLC; ICR; IR LED; DC12V&PoE; Built-in micro SD/SDHC/SDXC slot; HIK-Connect service;",2549.88,3697.33,45,HIKVISION SA,AcuSense with F1.0
DS-2CD2T46G2H-4I(2.8mm)(eF)(O-STD)/BLACK,"1/3"" Progressive Scan CMOS; H.265+/H.265/H.264+/H.264/MJPEG;
Color: 0.001 lux @(F1.0, AGC ON), 0 lux with LED on; 25fps/30fps(2688×1520, 2304×1296, 1920×1080); VCA functions; 3 streams; 3D DNR; BLC; ICR; IR LED; DC12V&PoE; Built-in micro SD/SDHC/SDXC slot; HIK-Connect service;",2685.54,3894.03,45,HIKVISION SA,AcuSense with F1.0
DS-2CD2T46G2H-4I(4mm)(eF)(O-STD)(BLACK),"1/3"" Progressive Scan CMOS; H.265+/H.265/H.264+/H.264/MJPEG;
Color: 0.001 lux @(F1.0, AGC ON), 0 lux with LED on; 25fps/30fps(2688×1520, 2304×1296, 1920×1080); VCA functions; 3 streams; 3D DNR; BLC; ICR; IR LED; DC12V&PoE; Built-in micro SD/SDHC/SDXC slot; HIK-Connect service;",2685.54,3894.03,45,HIKVISION SA,AcuSense with F1.0
DS-2CD2T86G2H-2I(2.8mm)(eF)(O-STD),"1/1.8"" Progressive Scan CMOS; H.265+/H.265/H.264+/H.264/MJPEG;
Color: 0.0008 lux @(F1.0, AGC ON), 0 lux with LED on; 25fps/24fps(3840×2160), 25fps/30fps (3200x1800, 2688×1520, 1920×1080); VCA functions; 3 streams; 3D DNR; BLC; ICR; IR LED; DC12V&PoE; Built-in micro SD/SDHC/SDXC slot; HIK-Connect service;
-U:Built-in micphone",3352.52,4861.15,45,HIKVISION SA,AcuSense with F1.0
DS-2CD2T86G2H-2I(4mm)(eF)(O-STD),"1/1.8"" Progressive Scan CMOS; H.265+/H.265/H.264+/H.264/MJPEG;
Color: 0.0008 lux @(F1.0, AGC ON), 0 lux with LED on; 25fps/24fps(3840×2160), 25fps/30fps (3200x1800, 2688×1520, 1920×1080); VCA functions; 3 streams; 3D DNR; BLC; ICR; IR LED; DC12V&PoE; Built-in micro SD/SDHC/SDXC slot; HIK-Connect service;
-U:Built-in micphone",3352.52,4861.15,45,HIKVISION SA,AcuSense with F1.0
DS-2CD2T86G2H-2I(2.8mm)(eF)(O-STD)/BLACK,"1/1.8"" Progressive Scan CMOS; H.265+/H.265/H.264+/H.264/MJPEG;
Color: 0.0008 lux @(F1.0, AGC ON), 0 lux with LED on; 25fps/24fps(3840×2160), 25fps/30fps (3200x1800, 2688×1520, 1920×1080); VCA functions; 3 streams; 3D DNR; BLC; ICR; IR LED; DC12V&PoE; Built-in micro SD/SDHC/SDXC slot; HIK-Connect service;
-U:Built-in micphone",3414.07,4950.4,45,HIKVISION SA,AcuSense with F1.0
DS-2CD2T86G2H-4I(2.8mm)(eF)(O-STD),"1/1.8"" Progressive Scan CMOS; H.265+/H.265/H.264+/H.264/MJPEG;
Color: 0.0008 lux @(F1.0, AGC ON), 0 lux with LED on; 25fps/24fps(3840×2160), 25fps/30fps (3200x1800, 2688×1520, 1920×1080); VCA functions; 3 streams; 3D DNR; BLC; ICR; IR LED; DC12V&PoE; Built-in micro SD/SDHC/SDXC slot; HIK-Connect service;
-U:Built-in micphone",3453.01,5006.86,45,HIKVISION SA,AcuSense with F1.0
DS-2CD2T86G2H-4I(4mm)(eF)(O-STD),"1/1.8"" Progressive Scan CMOS; H.265+/H.265/H.264+/H.264/MJPEG;
Color: 0.0008 lux @(F1.0, AGC ON), 0 lux with LED on; 25fps/24fps(3840×2160), 25fps/30fps (3200x1800, 2688×1520, 1920×1080); VCA functions; 3 streams; 3D DNR; BLC; ICR; IR LED; DC12V&PoE; Built-in micro SD/SDHC/SDXC slot; HIK-Connect service;
-U:Built-in micphone",3453.01,5006.86,45,HIKVISION SA,AcuSense with F1.0
DS-2CD2T86G2H-4I(2.8mm)(eF)(O-STD)/BLACK,"1/1.8"" Progressive Scan CMOS; H.265+/H.265/H.264+/H.264/MJPEG;
Color: 0.0008 lux @(F1.0, AGC ON), 0 lux with LED on; 25fps/24fps(3840×2160), 25fps/30fps (3200x1800, 2688×1520, 1920×1080); VCA functions; 3 streams; 3D DNR; BLC; ICR; IR LED; DC12V&PoE; Built-in micro SD/SDHC/SDXC slot; HIK-Connect service;
-U:Built-in micphone",3510.79,5090.65,45,HIKVISION SA,AcuSense with F1.0
DS-2CD2T86G2H-4I(4mm)(eF)(O-STD)(BLACK),"1/1.8"" Progressive Scan CMOS; H.265+/H.265/H.264+/H.264/MJPEG;
Color: 0.0008 lux @(F1.0, AGC ON), 0 lux with LED on; 25fps/24fps(3840×2160), 25fps/30fps (3200x1800, 2688×1520, 1920×1080); VCA functions; 3 streams; 3D DNR; BLC; ICR; IR LED; DC12V&PoE; Built-in micro SD/SDHC/SDXC slot; HIK-Connect service;
-U:Built-in micphone",3510.79,5090.65,45,HIKVISION SA,AcuSense with F1.0
DS-2CD2646G2HT-IZS(2.8-12mm)(eF)(O-STD),"1/3"" Progressive Scan CMOS; H.265+/H.265/H.264+/H.264/MJPEG; 
Color: 0.001 Lux @ (F1.0, AGC ON),0 Lux with light; 
25fps/30fps (2688 × 1520, 1920 × 1080, 1280 × 720) ; VCA functions; 3 streams; 3D DNR; BLC; ICR; EXIR, Up to 40 m; DC12V&PoE; Built-in micro SD/SDHC/SDXC slot; HIK-Connect cloud service; 
*Junction box is included in the camera package",4089.85,5930.28,45,HIKVISION SA,AcuSense with F1.0
DS-2CD2646G2HT-IZS(2.8-12)/eF/O-STD/BLK,"1/3"" Progressive Scan CMOS; H.265+/H.265/H.264+/H.264/MJPEG; 
Color: 0.001 Lux @ (F1.0, AGC ON),0 Lux with light; 
25fps/30fps (2688 × 1520, 1920 × 1080, 1280 × 720) ; VCA functions; 3 streams; 3D DNR; BLC; ICR; EXIR, Up to 40 m; DC12V&PoE; Built-in micro SD/SDHC/SDXC slot; HIK-Connect cloud service; 
*Junction box is included in the camera package",4155.17,6025.0,45,HIKVISION SA,AcuSense with F1.0
DS-2CD2686G2HT-IZS(2.8-12mm)(eF)(O-STD),"1/1.8"" Progressive Scan CMOS; H.265+/H.265/H.264+/H.264/MJPEG;
Color: 0.0008 lux @(F1.2, AGC ON), 0 lux with LED on;
25/24fps(3840×2160), 25fps/30fps(3200x1800, 2688×1520, 1920×1080); VCA functions; 3 streams; 3D DNR; BLC; ICR; IR LED; DC12V&PoE; Built-in micro SD/SDHC/SDXC slot; HIK-Connect cloud service; 2.8-12mm
Audio/Alarm I/O, pigtail",4908.83,7117.8,45,HIKVISION SA,AcuSense with F1.0
DS-2CD2686G2HT-IZS(2.8-12)/eF/O-STD/BLK,"1/1.8"" Progressive Scan CMOS; H.265+/H.265/H.264+/H.264/MJPEG;
Color: 0.0008 lux @(F1.2, AGC ON), 0 lux with LED on;
25/24fps(3840×2160), 25fps/30fps(3200x1800, 2688×1520, 1920×1080); VCA functions; 3 streams; 3D DNR; BLC; ICR; IR LED; DC12V&PoE; Built-in micro SD/SDHC/SDXC slot; HIK-Connect cloud service; 2.8-12mm
Audio/Alarm I/O, pigtail",4964.1,7197.95,45,HIKVISION SA,AcuSense with F1.0
DS-2CD2646G2H-IZS(2.8-12mm)(eF)(O-STD),"1/3"" Progressive Scan CMOS; H.265+/H.265/H.264+/H.264/MJPEG; 
Color: 0.001 Lux @ (F1.0, AGC ON),0 Lux with light; 
25fps/30fps (2688 × 1520, 1920 × 1080, 1280 × 720) ; VCA functions; 3 streams; 3D DNR; BLC; ICR; EXIR, Up to 40 m; DC12V&PoE; Built-in micro SD/SDHC/SDXC slot; HIK-Connect cloud service; 
*New Water-proof Socket Design",4089.85,5930.28,45,HIKVISION SA,AcuSense with F1.0
DS-2CD2646G2H-IZS(2.8-12mm)eF/O-STDBLACK,"1/3"" Progressive Scan CMOS; H.265+/H.265/H.264+/H.264/MJPEG; 
Color: 0.001 Lux @ (F1.0, AGC ON),0 Lux with light; 
25fps/30fps (2688 × 1520, 1920 × 1080, 1280 × 720) ; VCA functions; 3 streams; 3D DNR; BLC; ICR; EXIR, Up to 40 m; DC12V&PoE; Built-in micro SD/SDHC/SDXC slot; HIK-Connect cloud service; 
*New Water-proof Socket Design",4155.17,6025.0,45,HIKVISION SA,AcuSense with F1.0
DS-2CD2686G2H-IZS(2.8-12mm)(eF)(O-STD),"1/1.8"" Progressive Scan CMOS; H.265+/H.265/H.264+/H.264/MJPEG; 
Color: 0.0008 Lux @ (F1.2, AGC ON),0 Lux with light
25fps/24fps(3840 × 2160, 3200 × 1800, 2688 × 1520, 1920 × 1080, 1280 × 720); VCA functions; 3 streams; 3D DNR; BLC; ICR; 3000K Warm LED;IR, up to 40m DC12V&PoE; Built-in micro SD/SDHC/SDXC slot; HIK-Connect cloud service; 
*New Water-proof Socket Design",4908.83,7117.8,45,HIKVISION SA,AcuSense with F1.0
DS-2CD2686G2H-IZS(2.8-12mm)eF/O-STDBLACK,"1/1.8"" Progressive Scan CMOS; H.265+/H.265/H.264+/H.264/MJPEG; 
Color: 0.0008 Lux @ (F1.2, AGC ON),0 Lux with light
25fps/24fps(3840 × 2160, 3200 × 1800, 2688 × 1520, 1920 × 1080, 1280 × 720); VCA functions; 3 streams; 3D DNR; BLC; ICR; 3000K Warm LED;IR, up to 40m DC12V&PoE; Built-in micro SD/SDHC/SDXC slot; HIK-Connect cloud service; 
*New Water-proof Socket Design",4964.1,7197.95,45,HIKVISION SA,AcuSense with F1.0
DS-2CD2746G2H-IPTRZS(2.8-12mm)(O-STD),"1/3"" Progressive Scan CMOS; H.265+/H.265/H.264+/H.264/MJPEG; 
Color: 0.001 Lux @ (F1.0, AGC ON),0 Lux with light; 
25fps/30fps (2688 × 1520, 1920 × 1080, 1280 × 720) ; VCA functions; 3 streams; 3D DNR; BLC; ICR; EXIR, Up to 40 m; DC12V&PoE; Built-in micro SD/SDHC/SDXC slot; HIK-Connect cloud service;",4109.95,5959.43,45,HIKVISION SA,PTRZ+ AcuSense with F1.0
DS-2CD2746G2H-IPTRZS(2.8-12mm)O-STDBLACK,"1/3"" Progressive Scan CMOS; H.265+/H.265/H.264+/H.264/MJPEG; 
Color: 0.001 Lux @ (F1.0, AGC ON),0 Lux with light; 
25fps/30fps (2688 × 1520, 1920 × 1080, 1280 × 720) ; VCA functions; 3 streams; 3D DNR; BLC; ICR; EXIR, Up to 40 m; DC12V&PoE; Built-in micro SD/SDHC/SDXC slot; HIK-Connect cloud service;",4174.01,6052.31,45,HIKVISION SA,PTRZ+ AcuSense with F1.0
DS-2CD2786G2H-IPTRZS(2.8-12mm)(O-STD),"1/1.8"" Progressive Scan CMOS; H.265+/H.265/H.264+/H.264/MJPEG; 
Color: 0.0008 Lux @ (F1.2, AGC ON),0 Lux with light
25fps/24fps(3840 × 2160, 3200 × 1800, 2688 × 1520, 1920 × 1080, 1280 × 720); VCA functions; 3 streams; 3D DNR; BLC; ICR; 3000K Warm LED;IR, up to 40m DC12V&PoE; Built-in micro SD/SDHC/SDXC slot; HIK-Connect cloud service;",5190.2,7525.79,45,HIKVISION SA,PTRZ+ AcuSense with F1.0
DS-2CD2786G2H-IPTRZS(2.8-12mm)O-STDBLACK,"1/1.8"" Progressive Scan CMOS; H.265+/H.265/H.264+/H.264/MJPEG; 
Color: 0.0008 Lux @ (F1.2, AGC ON),0 Lux with light
25fps/24fps(3840 × 2160, 3200 × 1800, 2688 × 1520, 1920 × 1080, 1280 × 720); VCA functions; 3 streams; 3D DNR; BLC; ICR; 3000K Warm LED;IR, up to 40m DC12V&PoE; Built-in micro SD/SDHC/SDXC slot; HIK-Connect cloud service;",5245.46,7605.92,45,HIKVISION SA,PTRZ+ AcuSense with F1.0
DS-2CD2H46G2H-IZSY(2.8-12mm)(eF)(O-STD),"1/3"" Progressive Scan CMOS; H.265+/H.265/H.264+/H.264/MJPEG; 
Color: 0.001 Lux @ (F1.0, AGC ON),0 Lux with light; 
25fps/30fps (2688 × 1520, 1920 × 1080, 1280 × 720) ; VCA functions; 3 streams; 3D DNR; BLC; ICR; EXIR, Up to 40 m; DC12V&PoE; Built-in micro SD/SDHC/SDXC slot; HIK-Connect cloud service; 
Anti-Corrossion;
*New Water-proof Socket Design",4089.85,5930.28,45,HIKVISION SA,AcuSense with F1.0
DS-2CD2H86G2H-IZSY(2.8-12mm)(eF)(O-STD),"1/1.8"" Progressive Scan CMOS; H.265+/H.265/H.264+/H.264/MJPEG; 
Color: 0.0008 Lux @ (F1.2, AGC ON),0 Lux with light
25fps/24fps(3840 × 2160, 3200 × 1800, 2688 × 1520, 1920 × 1080, 1280 × 720); VCA functions; 3 streams; 3D DNR; BLC; ICR; 3000K Warm LED;IR, up to 40m DC12V&PoE; Built-in micro SD/SDHC/SDXC slot; HIK-Connect cloud service; 
Anti-Corrossion;
*New Water-proof Socket Design",5171.35,7498.46,45,HIKVISION SA,AcuSense with F1.0
DS-2CD2046G2H-I2U/SL(2.8mm)(eF)(O-STD),"1/3"" Progressive Scan CMOS; H.265+/H.265/H.264+/H.264/MJPEG; 
Color: 0.001 Lux @ (F1.0, AGC ON),0 Lux with light; 
25fps/30fps (2688 × 1520, 1920 × 1080, 1280 × 720) ; VCA functions; 3 streams; 3D DNR; BLC; ICR; EXIR, Up to 40 m; DC12V&PoE; Built-in micro SD/SDHC/SDXC slot; HIK-Connect cloud service; 
Two-way audio; Built-in Dual-Array Microphone and enhanced speaker;
Strobe light & Audio alarm;",2313.73,3354.91,45,HIKVISION SA,Two-way Audio & Live Guard Cameras
DS-2CD2046G2H-I2U/SL(4mm)(eF)(O-STD),"1/3"" Progressive Scan CMOS; H.265+/H.265/H.264+/H.264/MJPEG; 
Color: 0.001 Lux @ (F1.0, AGC ON),0 Lux with light; 
25fps/30fps (2688 × 1520, 1920 × 1080, 1280 × 720) ; VCA functions; 3 streams; 3D DNR; BLC; ICR; EXIR, Up to 40 m; DC12V&PoE; Built-in micro SD/SDHC/SDXC slot; HIK-Connect cloud service; 
Two-way audio; Built-in Dual-Array Microphone and enhanced speaker;
Strobe light & Audio alarm;",2313.73,3354.91,45,HIKVISION SA,Two-way Audio & Live Guard Cameras
DS-2CD2046G2H-I2U/SL(2.8mm)/eFO-STDBLACK,"1/3"" Progressive Scan CMOS; H.265+/H.265/H.264+/H.264/MJPEG; 
Color: 0.001 Lux @ (F1.0, AGC ON),0 Lux with light; 
25fps/30fps (2688 × 1520, 1920 × 1080, 1280 × 720) ; VCA functions; 3 streams; 3D DNR; BLC; ICR; EXIR, Up to 40 m; DC12V&PoE; Built-in micro SD/SDHC/SDXC slot; HIK-Connect cloud service; 
Two-way audio; Built-in Dual-Array Microphone and enhanced speaker;
Strobe light & Audio alarm;",2372.77,3440.52,45,HIKVISION SA,Two-way Audio & Live Guard Cameras
DS-2CD2086G2H-I2U/SL(2.8mm)(eF)(O-STD),"1/1.8"" Progressive Scan CMOS; H.265+/H.265/H.264+/H.264/MJPEG; 
Color: 0.0008 Lux @ (F1.0, AGC ON),0 Lux with light; 
25fps/24fps(3840×2160);25fps/30 fps (3200 × 1800, 2688 × 1520, 1920 × 1080, 1280 × 720) VCA functions; 3 streams; 3D DNR; BLC; ICR; EXIR, Up to 40 m; DC12V&PoE; Built-in micro SD/SDHC/SDXC slot; HIK-Connec+K63:K81t cloud service; 
Two-way audio; Built-in Dual-Array Microphone and enhanced speaker;
Strobe light & Audio alarm;",2968.16,4303.83,45,HIKVISION SA,Two-way Audio & Live Guard Cameras
DS-2CD2086G2H-I2U/SL(4mm)(eF)(O-STD),"1/1.8"" Progressive Scan CMOS; H.265+/H.265/H.264+/H.264/MJPEG; 
Color: 0.0008 Lux @ (F1.0, AGC ON),0 Lux with light; 
25fps/24fps(3840×2160);25fps/30 fps (3200 × 1800, 2688 × 1520, 1920 × 1080, 1280 × 720) VCA functions; 3 streams; 3D DNR; BLC; ICR; EXIR, Up to 40 m; DC12V&PoE; Built-in micro SD/SDHC/SDXC slot; HIK-Connec+K63:K81t cloud service; 
Two-way audio; Built-in Dual-Array Microphone and enhanced speaker;
Strobe light & Audio alarm;",2968.16,4303.83,45,HIKVISION SA,Two-way Audio & Live Guard Cameras
DS-2CD2086G2H-I2U/SL(2.8mm)/eFO-STDBLACK,"1/1.8"" Progressive Scan CMOS; H.265+/H.265/H.264+/H.264/MJPEG; 
Color: 0.0008 Lux @ (F1.0, AGC ON),0 Lux with light; 
25fps/24fps(3840×2160);25fps/30 fps (3200 × 1800, 2688 × 1520, 1920 × 1080, 1280 × 720) VCA functions; 3 streams; 3D DNR; BLC; ICR; EXIR, Up to 40 m; DC12V&PoE; Built-in micro SD/SDHC/SDXC slot; HIK-Connec+K63:K81t cloud service; 
Two-way audio; Built-in Dual-Array Microphone and enhanced speaker;
Strobe light & Audio alarm;",3025.94,4387.61,45,HIKVISION SA,Two-way Audio & Live Guard Cameras
DS-2CD2346G2H-IS2U/SL(2.8mm)(eF)(O-STD),"1/3"" Progressive Scan CMOS; H.265+/H.265/H.264+/H.264/MJPEG; 
Color: 0.001 Lux @ (F1.0, AGC ON),0 Lux with light; 
25fps/30fps (2688 × 1520, 1920 × 1080, 1280 × 720) ; VCA functions; 3 streams; 3D DNR; BLC; ICR; EXIR, Up to 40 m; DC12V&PoE; Built-in micro SD/SDHC/SDXC slot; HIK-Connect cloud service; 
Two-way audio; Built-in Dual-Array Microphone and enhanced speaker; Strobe light & Audio alarm;",2440.6,3538.87,45,HIKVISION SA,Two-way Audio & Live Guard Cameras
DS-2CD2346G2H-IS2U/SL(4mm)(eF)(O-STD),"1/3"" Progressive Scan CMOS; H.265+/H.265/H.264+/H.264/MJPEG; 
Color: 0.001 Lux @ (F1.0, AGC ON),0 Lux with light; 
25fps/30fps (2688 × 1520, 1920 × 1080, 1280 × 720) ; VCA functions; 3 streams; 3D DNR; BLC; ICR; EXIR, Up to 40 m; DC12V&PoE; Built-in micro SD/SDHC/SDXC slot; HIK-Connect cloud service; 
Two-way audio; Built-in Dual-Array Microphone and enhanced speaker; Strobe light & Audio alarm;",2440.6,3538.87,45,HIKVISION SA,Two-way Audio & Live Guard Cameras
DS-2CD2346G2H-IS2U/SL(2.8mm)(eF)O-STDBLK,"1/3"" Progressive Scan CMOS; H.265+/H.265/H.264+/H.264/MJPEG; 
Color: 0.001 Lux @ (F1.0, AGC ON),0 Lux with light; 
25fps/30fps (2688 × 1520, 1920 × 1080, 1280 × 720) ; VCA functions; 3 streams; 3D DNR; BLC; ICR; EXIR, Up to 40 m; DC12V&PoE; Built-in micro SD/SDHC/SDXC slot; HIK-Connect cloud service; 
Two-way audio; Built-in Dual-Array Microphone and enhanced speaker; Strobe light & Audio alarm;",2502.15,3628.12,45,HIKVISION SA,Two-way Audio & Live Guard Cameras
DS-2CD2386G2H-IS2U/SL(2.8mm)(eF)(O-STD),"1/1.8"" Progressive Scan CMOS; H.265+/H.265/H.264+/H.264/MJPEG; 
Color: 0.0008 Lux @ (F1.0, AGC ON),0 Lux with light; 
25fps/24fps(3840×2160);25fps/30 fps (3200 × 1800, 2688 × 1520, 1920 × 1080, 1280 × 720) VCA functions; 3 streams; 3D DNR; BLC; ICR; EXIR, Up to 40 m; DC12V&PoE; Built-in micro SD/SDHC/SDXC slot; HIK-Connect cloud service; 
Two-way audio; Built-in Dual-Array Microphone and enhanced speaker; Strobe light & Audio alarm;",3122.66,4527.86,45,HIKVISION SA,Two-way Audio & Live Guard Cameras
DS-2CD2386G2H-IS2U/SL(4mm)(eF)(O-STD),"1/1.8"" Progressive Scan CMOS; H.265+/H.265/H.264+/H.264/MJPEG; 
Color: 0.0008 Lux @ (F1.0, AGC ON),0 Lux with light; 
25fps/24fps(3840×2160);25fps/30 fps (3200 × 1800, 2688 × 1520, 1920 × 1080, 1280 × 720) VCA functions; 3 streams; 3D DNR; BLC; ICR; EXIR, Up to 40 m; DC12V&PoE; Built-in micro SD/SDHC/SDXC slot; HIK-Connect cloud service; 
Two-way audio; Built-in Dual-Array Microphone and enhanced speaker; Strobe light & Audio alarm;",3122.66,4527.86,45,HIKVISION SA,Two-way Audio & Live Guard Cameras
DS-2CD2386G2H-IS2U/SL(2.8mm)(eF)O-STDBLK,"1/1.8"" Progressive Scan CMOS; H.265+/H.265/H.264+/H.264/MJPEG; 
Color: 0.0008 Lux @ (F1.0, AGC ON),0 Lux with light; 
25fps/24fps(3840×2160);25fps/30 fps (3200 × 1800, 2688 × 1520, 1920 × 1080, 1280 × 720) VCA functions; 3 streams; 3D DNR; BLC; ICR; EXIR, Up to 40 m; DC12V&PoE; Built-in micro SD/SDHC/SDXC slot; HIK-Connect cloud service; 
Two-way audio; Built-in Dual-Array Microphone and enhanced speaker; Strobe light & Audio alarm;",3181.7,4613.46,45,HIKVISION SA,Two-way Audio & Live Guard Cameras
DS-2CD2T46G2H-IS2U/SL(2.8mm)(eF)(O-STD),"1/3"" Progressive Scan CMOS; H.265+/H.265/H.264+/H.264/MJPEG; 
Color: 0.001 Lux @ (F1.0, AGC ON),0 Lux with light; 
25fps/30fps (2688 × 1520, 1920 × 1080, 1280 × 720) ; VCA functions; 3 streams; 3D DNR; BLC; ICR; EXIR; DC12V&PoE; Built-in micro SD/SDHC/SDXC slot; HIK-Connect cloud service; 
*-2I/4I model: up to 60m(2Leds)/80m(4Leds) IR distance
Two-way audio; Built-in Dual-Array Microphone and enhanced speaker; Strobe light & Audio alarm;",2670.46,3872.17,45,HIKVISION SA,Two-way Audio & Live Guard Cameras
DS-2CD2T46G2H-IS2U/SL(4mm)(eF)(O-STD),"1/3"" Progressive Scan CMOS; H.265+/H.265/H.264+/H.264/MJPEG; 
Color: 0.001 Lux @ (F1.0, AGC ON),0 Lux with light; 
25fps/30fps (2688 × 1520, 1920 × 1080, 1280 × 720) ; VCA functions; 3 streams; 3D DNR; BLC; ICR; EXIR; DC12V&PoE; Built-in micro SD/SDHC/SDXC slot; HIK-Connect cloud service; 
*-2I/4I model: up to 60m(2Leds)/80m(4Leds) IR distance
Two-way audio; Built-in Dual-Array Microphone and enhanced speaker; Strobe light & Audio alarm;",2670.46,3872.17,45,HIKVISION SA,Two-way Audio & Live Guard Cameras
DS-2CD2T46G2H-IS2U/SL(2.8mm)eFO-STDBLACK,"1/3"" Progressive Scan CMOS; H.265+/H.265/H.264+/H.264/MJPEG; 
Color: 0.001 Lux @ (F1.0, AGC ON),0 Lux with light; 
25fps/30fps (2688 × 1520, 1920 × 1080, 1280 × 720) ; VCA functions; 3 streams; 3D DNR; BLC; ICR; EXIR; DC12V&PoE; Built-in micro SD/SDHC/SDXC slot; HIK-Connect cloud service; 
*-2I/4I model: up to 60m(2Leds)/80m(4Leds) IR distance
Two-way audio; Built-in Dual-Array Microphone and enhanced speaker; Strobe light & Audio alarm;",2734.52,3965.05,45,HIKVISION SA,Two-way Audio & Live Guard Cameras
DS-2CD2T86G2H-IS2U/SL(2.8mm)(eF)(O-STD),"1/1.8"" Progressive Scan CMOS; H.265+/H.265/H.264+/H.264/MJPEG; 
Color: 0.0008 Lux @ (F1.0, AGC ON),0 Lux with light; 
25fps/24fps(3840×2160);25fps/30 fps (3200 × 1800, 2688 × 1520, 1920 × 1080, 1280 × 720) ;  VCA functions; 3 streams; 3D DNR; BLC; ICR; EXIR; DC12V&PoE; Built-in micro SD/SDHC/SDXC slot; HIK-Connect cloud service; 
*-2I/4I model: up to 60m(2Leds)/80m(4Leds) IR distance
Two-way audio; Built-in Dual-Array Microphone and enhanced speaker; Strobe light & Audio alarm;",3469.34,5030.54,45,HIKVISION SA,Two-way Audio & Live Guard Cameras
DS-2CD2T86G2H-IS2U/SL(4mm)(eF)(O-STD),"1/1.8"" Progressive Scan CMOS; H.265+/H.265/H.264+/H.264/MJPEG; 
Color: 0.0008 Lux @ (F1.0, AGC ON),0 Lux with light; 
25fps/24fps(3840×2160);25fps/30 fps (3200 × 1800, 2688 × 1520, 1920 × 1080, 1280 × 720) ;  VCA functions; 3 streams; 3D DNR; BLC; ICR; EXIR; DC12V&PoE; Built-in micro SD/SDHC/SDXC slot; HIK-Connect cloud service; 
*-2I/4I model: up to 60m(2Leds)/80m(4Leds) IR distance
Two-way audio; Built-in Dual-Array Microphone and enhanced speaker; Strobe light & Audio alarm;",3469.34,5030.54,45,HIKVISION SA,Two-way Audio & Live Guard Cameras
DS-2CD2T86G2H-IS2U/SL(2.8mm)eFO-STDBLACK,"1/1.8"" Progressive Scan CMOS; H.265+/H.265/H.264+/H.264/MJPEG; 
Color: 0.0008 Lux @ (F1.0, AGC ON),0 Lux with light; 
25fps/24fps(3840×2160);25fps/30 fps (3200 × 1800, 2688 × 1520, 1920 × 1080, 1280 × 720) ;  VCA functions; 3 streams; 3D DNR; BLC; ICR; EXIR; DC12V&PoE; Built-in micro SD/SDHC/SDXC slot; HIK-Connect cloud service; 
*-2I/4I model: up to 60m(2Leds)/80m(4Leds) IR distance
Two-way audio; Built-in Dual-Array Microphone and enhanced speaker; Strobe light & Audio alarm;",3527.12,5114.32,45,HIKVISION SA,Two-way Audio & Live Guard Cameras
DS-2CD2646G2HT-IZS2U/SL(2.8-12mm)eFO-STD,"1/3"" Progressive Scan CMOS; H.265+/H.265/H.264+/H.264/MJPEG; 
Color: 0.001 Lux @ (F1.0, AGC ON),0 Lux with light; 
25fps/30fps (2688 × 1520, 1920 × 1080, 1280 × 720) ; VCA functions; 3 streams; 3D DNR; BLC; ICR; EXIR, Up to 40 m; DC12V&PoE; Built-in micro SD/SDHC/SDXC slot; HIK-Connect cloud service; 
Two-way audio; Built-in Dual-Array Microphone and enhanced speaker; Strobe light & Audio alarm;
*Junction box is included in the camera package",4138.84,6001.32,45,HIKVISION SA,Two-way Audio & Live Guard Cameras
DS-2CD2646G2HT-IZS2U/SL(2.8-12)eFOSTDBLK,"1/3"" Progressive Scan CMOS; H.265+/H.265/H.264+/H.264/MJPEG; 
Color: 0.001 Lux @ (F1.0, AGC ON),0 Lux with light; 
25fps/30fps (2688 × 1520, 1920 × 1080, 1280 × 720) ; VCA functions; 3 streams; 3D DNR; BLC; ICR; EXIR, Up to 40 m; DC12V&PoE; Built-in micro SD/SDHC/SDXC slot; HIK-Connect cloud service; 
Two-way audio; Built-in Dual-Array Microphone and enhanced speaker; Strobe light & Audio alarm;
*Junction box is included in the camera package",4194.11,6081.46,45,HIKVISION SA,Two-way Audio & Live Guard Cameras
DS-2CD2686G2HT-IZS2U/SL(2.8-12mm)eFO-STD,"1/1.8"" Progressive Scan CMOS; H.265+/H.265/H.264+/H.264/MJPEG; 
Color: 0.0008 Lux @ (F1.2, AGC ON),0 Lux with light
25fps/24fps(3840 × 2160, 3200 × 1800, 2688 × 1520, 1920 × 1080, 1280 × 720); VCA functions; 3 streams; 3D DNR; BLC; ICR; 3000K Warm LED;IR, up to 40m DC12V&PoE; Built-in micro SD/SDHC/SDXC slot; HIK-Connect cloud service; 
Two-way audio; Built-in Dual-Array Microphone and enhanced speaker; Strobe light & Audio alarm;
*Junction box is included in the camera package",5255.51,7620.49,45,HIKVISION SA,Two-way Audio & Live Guard Cameras
DS-2CD2686G2HT-IZS2U/SL(2.8-12)eFOSTDBLK,"1/1.8"" Progressive Scan CMOS; H.265+/H.265/H.264+/H.264/MJPEG; 
Color: 0.0008 Lux @ (F1.2, AGC ON),0 Lux with light
25fps/24fps(3840 × 2160, 3200 × 1800, 2688 × 1520, 1920 × 1080, 1280 × 720); VCA functions; 3 streams; 3D DNR; BLC; ICR; 3000K Warm LED;IR, up to 40m DC12V&PoE; Built-in micro SD/SDHC/SDXC slot; HIK-Connect cloud service; 
Two-way audio; Built-in Dual-Array Microphone and enhanced speaker; Strobe light & Audio alarm;
*Junction box is included in the camera package",5313.29,7704.27,45,HIKVISION SA,Two-way Audio & Live Guard Cameras
DS-2CD2646G2H-IZS2U/SL(2.8-12mm)/eFO-STD,"1/3"" Progressive Scan CMOS; H.265+/H.265/H.264+/H.264/MJPEG; 
Color: 0.001 Lux @ (F1.0, AGC ON),0 Lux with light; 
25fps/30fps (2688 × 1520, 1920 × 1080, 1280 × 720) ; VCA functions; 3 streams; 3D DNR; BLC; ICR; EXIR, Up to 40 m; DC12V&PoE; Built-in micro SD/SDHC/SDXC slot; HIK-Connect cloud service; 
Two-way audio; Built-in Dual-Array Microphone and enhanced speaker; Strobe light & Audio alarm;
*New Water-proof Socket Design",4138.84,6001.32,45,HIKVISION SA,Two-way Audio & Live Guard Cameras
DS-2CD2646G2H-IZS2U/SL(2.8-12)eFO-STDBLK,"1/3"" Progressive Scan CMOS; H.265+/H.265/H.264+/H.264/MJPEG; 
Color: 0.001 Lux @ (F1.0, AGC ON),0 Lux with light; 
25fps/30fps (2688 × 1520, 1920 × 1080, 1280 × 720) ; VCA functions; 3 streams; 3D DNR; BLC; ICR; EXIR, Up to 40 m; DC12V&PoE; Built-in micro SD/SDHC/SDXC slot; HIK-Connect cloud service; 
Two-way audio; Built-in Dual-Array Microphone and enhanced speaker; Strobe light & Audio alarm;
*New Water-proof Socket Design",4194.11,6081.46,45,HIKVISION SA,Two-way Audio & Live Guard Cameras
DS-2CD2686G2H-IZS2U/SL(2.8-12mm)/eFO-STD,"1/1.8"" Progressive Scan CMOS; H.265+/H.265/H.264+/H.264/MJPEG; 
Color: 0.0008 Lux @ (F1.2, AGC ON),0 Lux with light
25fps/24fps(3840 × 2160, 3200 × 1800, 2688 × 1520, 1920 × 1080, 1280 × 720); VCA functions; 3 streams; 3D DNR; BLC; ICR; 3000K Warm LED;IR, up to 40m DC12V&PoE; Built-in micro SD/SDHC/SDXC slot; HIK-Connect cloud service; 
Two-way audio; Built-in Dual-Array Microphone and enhanced speaker; Strobe light & Audio alarm;
*New Water-proof Socket Design",5255.51,7620.49,45,HIKVISION SA,Two-way Audio & Live Guard Cameras
DS-2CD2686G2H-IZS2U/SL(2.8-12)eFO-STDBLK,"1/1.8"" Progressive Scan CMOS; H.265+/H.265/H.264+/H.264/MJPEG; 
Color: 0.0008 Lux @ (F1.2, AGC ON),0 Lux with light
25fps/24fps(3840 × 2160, 3200 × 1800, 2688 × 1520, 1920 × 1080, 1280 × 720); VCA functions; 3 streams; 3D DNR; BLC; ICR; 3000K Warm LED;IR, up to 40m DC12V&PoE; Built-in micro SD/SDHC/SDXC slot; HIK-Connect cloud service; 
Two-way audio; Built-in Dual-Array Microphone and enhanced speaker; Strobe light & Audio alarm;
*New Water-proof Socket Design",5313.29,7704.27,45,HIKVISION SA,Two-way Audio & Live Guard Cameras
DS-2CD2746G2H-IPTRZS2U/SL(2.8-12mm)O-STD,"1/3"" Progressive Scan CMOS; H.265+/H.265/H.264+/H.264/MJPEG; 
Color: 0.001 Lux @ (F1.0, AGC ON),0 Lux with light; 
25fps/30fps (2688 × 1520, 1920 × 1080, 1280 × 720) ; VCA functions; 3 streams; 3D DNR; BLC; ICR; EXIR, Up to 40 m; DC12V&PoE; Built-in micro SD/SDHC/SDXC slot; HIK-Connect cloud service; 
Two-way audio; Built-in Dual-Array Microphone and enhanced speaker; Strobe light & Audio alarm;",4393.83,6371.05,45,HIKVISION SA,PTRZ+Two-way Audio & Live Guard Cameras
DS-2CD2746G2H-IPTRZS2U/SL(2.8-12)OSTDBLK,"1/3"" Progressive Scan CMOS; H.265+/H.265/H.264+/H.264/MJPEG; 
Color: 0.001 Lux @ (F1.0, AGC ON),0 Lux with light; 
25fps/30fps (2688 × 1520, 1920 × 1080, 1280 × 720) ; VCA functions; 3 streams; 3D DNR; BLC; ICR; EXIR, Up to 40 m; DC12V&PoE; Built-in micro SD/SDHC/SDXC slot; HIK-Connect cloud service; 
Two-way audio; Built-in Dual-Array Microphone and enhanced speaker; Strobe light & Audio alarm;",4459.15,6465.77,45,HIKVISION SA,PTRZ+Two-way Audio & Live Guard Cameras
DS-2CD2786G2H-IPTRZS2U/SL(2.8-12mm)O-STD,"1/1.8"" Progressive Scan CMOS; H.265+/H.265/H.264+/H.264/MJPEG; 
Color: 0.0008 Lux @ (F1.2, AGC ON),0 Lux with light
25fps/24fps(3840 × 2160, 3200 × 1800, 2688 × 1520, 1920 × 1080, 1280 × 720); VCA functions; 3 streams; 3D DNR; BLC; ICR; 3000K Warm LED;IR, up to 40m DC12V&PoE; Built-in micro SD/SDHC/SDXC slot; HIK-Connect cloud service; 
Two-way audio; Built-in Dual-Array Microphone and enhanced speaker; Strobe light & Audio alarm;",5582.1,8094.05,45,HIKVISION SA,PTRZ+Two-way Audio & Live Guard Cameras
DS-2CD2786G2H-IPTRZS2U/SL(2.8-12)OSTDBLK,"1/1.8"" Progressive Scan CMOS; H.265+/H.265/H.264+/H.264/MJPEG; 
Color: 0.0008 Lux @ (F1.2, AGC ON),0 Lux with light
25fps/24fps(3840 × 2160, 3200 × 1800, 2688 × 1520, 1920 × 1080, 1280 × 720); VCA functions; 3 streams; 3D DNR; BLC; ICR; 3000K Warm LED;IR, up to 40m DC12V&PoE; Built-in micro SD/SDHC/SDXC slot; HIK-Connect cloud service; 
Two-way audio; Built-in Dual-Array Microphone and enhanced speaker; Strobe light & Audio alarm;",5639.88,8177.83,45,HIKVISION SA,PTRZ+Two-way Audio & Live Guard Cameras
DS-2CD2H46G2H-IZS2UY/SL(2.8-12mm)eFO-STD,"1/3"" Progressive Scan CMOS; H.265+/H.265/H.264+/H.264/MJPEG; 
Color: 0.001 Lux @ (F1.0, AGC ON),0 Lux with light; 
25fps/30fps (2688 × 1520, 1920 × 1080, 1280 × 720) ; VCA functions; 3 streams; 3D DNR; BLC; ICR; EXIR, Up to 40 m; DC12V&PoE; Built-in micro SD/SDHC/SDXC slot; HIK-Connect cloud service; 
Two-way audio; Built-in Dual-Array Microphone and enhanced speaker; Strobe light & Audio alarm;
Anti-Corrossion;
*New Water-proof Socket Design",4339.82,6292.74,45,HIKVISION SA,Two-way Audio & Live Guard Cameras
DS-2CD2H86G2H-IZS2UY/SL(2.8-12mm)eFO-STD,"1/1.8"" Progressive Scan CMOS; H.265+/H.265/H.264+/H.264/MJPEG; 
Color: 0.0008 Lux @ (F1.2, AGC ON),0 Lux with light
25fps/24fps(3840 × 2160, 3200 × 1800, 2688 × 1520, 1920 × 1080, 1280 × 720); VCA functions; 3 streams; 3D DNR; BLC; ICR; 3000K Warm LED;IR, up to 40m DC12V&PoE; Built-in micro SD/SDHC/SDXC slot; HIK-Connect cloud service; 
Two-way audio; Built-in Dual-Array Microphone and enhanced speaker; Strobe light & Audio alarm;
Anti-Corrossion;
*New Water-proof Socket Design",5545.67,8041.22,45,HIKVISION SA,Two-way Audio & Live Guard Cameras
DS-2CD2126G2-IMS(2.8mm)(O-STD),"1/2.8"" Progressive Scan CMOS; H.265+/H.265/H.264+/H.264/MJPEG; 
 Color: 0.005 lux@(F1.6, AGC ON), 0 lux with IR; 
20fps(3840×2160), 25fps/30fps (3200x1800, 2688×1520, 1920×1080); VCA functions; 3 streams; 3D DNR; BLC/HLC; ICR; EXIR, up to 30m; DC12V&PoE; Built-in micro SD/SDHC/SDXC slot; HIK-Connect cloud service;
*-S model: Audio/Alarm IO
HDMI output: 1920×1080@50/60 Hz, 1280*720@50/60 Hz",2621.48,3801.15,45,HIKVISION SA,HDMI Camera
DS-2CD2186G2-IMS(2.8mm)(O-STD),"1/2.8"" Progressive Scan CMOS; H.265+/H.265/H.264+/H.264/MJPEG;
Color: 0.005 Lux @ (F1.6, AGC ON), 0 lux with IR; 25fps/30fps(1920×1080); VCA functions; 3 streams; 3D DNR; BLC/HLC; ICR; EXIR, up to 30m; DC12V&PoE; Built-in micro SD/SDHC/SDXC slot; HIK-Connect cloud service
*-S model: Audio/Alarm IO
HDMI output: 1920×1080@50/60 Hz, 1280*720@50/60 Hz",3223.15,4673.57,45,HIKVISION SA,HDMI Camera
DS-2CD2446G2-I(2.8mm)(C)(O-STD),"1/1.8"""" Progressive Scan CMOS; H.265+/H.265/H.264+/H.264/MJPEG; 
Color: 0.001 Lux @ (F1.2, AGC ON),0 Lux with light
25fps/24fps(3840 × 2160, 3200 × 1800, 2688 × 1520, 1920 × 1080, 1280 × 720); VCA functions; 3 streams; 3D DNR; BLC; ICR; 3000K Warm LED;IR, up to 40m DC12V&PoE; Built-in micro SD/SDHC/SDXC slot; HIK-Connect cloud service; 
Two-way audio; Built-in Dual-Array Microphone and enhanced speaker; Strobe light & Audio alarm;
Anti-Corrossion;
New Water-proof Socket Design",1786.17,2589.95,45,HIKVISION SA,Acusense Camera
DS-2CD2446G2-I(4mm)(C)(O-STD),"1/1.8"""" Progressive Scan CMOS; H.265+/H.265/H.264+/H.264/MJPEG; 
Color: 0.001 Lux @ (F1.2, AGC ON),0 Lux with light
25fps/24fps(3840 × 2160, 3200 × 1800, 2688 × 1520, 1920 × 1080, 1280 × 720); VCA functions; 3 streams; 3D DNR; BLC; ICR; 3000K Warm LED;IR, up to 40m DC12V&PoE; Built-in micro SD/SDHC/SDXC slot; HIK-Connect cloud service; 
Two-way audio; Built-in Dual-Array Microphone and enhanced speaker; Strobe light & Audio alarm;
Anti-Corrossion;
New Water-proof Socket Design",1786.17,2589.95,45,HIKVISION SA,Acusense Camera
DS-2CD2T46G2-2I(6mm)(C)(O-STD),"1/3"" Progressive Scan CMOS; H.265+/H.265/H.264+/H.264/MJPEG; 
Powered by Darkfighter technology,Color: 0.003 lux @(F1.4, AGC ON), 0 lux with IR; 25fps/30fps(2688×1520,1920×1080); VCA functions; 3 streams; 3D DNR; BLC; ICR; EXIR; DC12V&PoE; Built-in micro SD/SDHC/SDXC slot; HIK-Connect cloud service;
*-2I/4I model: up to 60m(2Leds)/80m(4Leds) IR distance
*-Y model:anti-corrosion",2272.28,3294.81,45,HIKVISION SA,Acusense Camera
DS-2CD2T46G2-4I(6mm)(C)(O-STD),"1/3"" Progressive Scan CMOS; H.265+/H.265/H.264+/H.264/MJPEG; 
Powered by Darkfighter technology,Color: 0.003 lux @(F1.4, AGC ON), 0 lux with IR; 25fps/30fps(2688×1520,1920×1080); VCA functions; 3 streams; 3D DNR; BLC; ICR; EXIR; DC12V&PoE; Built-in micro SD/SDHC/SDXC slot; HIK-Connect cloud service;
*-2I/4I model: up to 60m(2Leds)/80m(4Leds) IR distance
*-Y model:anti-corrosion",2365.23,3429.58,45,HIKVISION SA,Acusense Camera
DS-2CD2T46G2-ISU/SL(6mm)(C)(O-STD),"1/3"" Progressive Scan CMOS; H.265+/H.265/H.264+/H.264/MJPEG; 
Powered by Darkfighter technology,Color: 0.003 lux @(F1.4, AGC ON), 0 lux with IR; 25fps/30fps(2688×1520,1920×1080); VCA functions; 3 streams; 3D DNR; BLC; ICR; EXIR, up to 60m; DC12V&PoE; Built-in micro SD/SDHC/SDXC slot; HIK-Connect cloud service;
Built-in microphone and speaker, Audio/Alarm I/O",2492.1,3613.54,45,HIKVISION SA,Acusense Camera
DS-2CD2T86G2-4I(6mm)(C)(O-STD),"1/3"" Progressive Scan CMOS; H.265+/H.265/H.264+/H.264/MJPEG; 
Powered by Darkfighter technology,Color: 0.003 lux @(F1.4, AGC ON), 0 lux with IR; 25fps/30fps(2688×1520,1920×1080); VCA functions; 3 streams; 3D DNR; BLC; ICR; EXIR, up to 60m; DC12V&PoE; Built-in micro SD/SDHC/SDXC slot; HIK-Connect cloud service;
Built-in microphone and speaker, Audio/Alarm I/O",3288.46,4768.27,45,HIKVISION SA,Acusense Camera
DS-2CD2546G2-IS(2.8mm)(C)(O-STD),"1/3"" Progressive Scan CMOS; H.265+/H.265/H.264+/H.264/MJPEG; 
Powered by Darkfighter technology,Color: 0.003 lux @(F1.4, AGC ON), 0 lux with IR; 25fps/30fps(2688×1520,1920×1080); VCA functions; 3 streams; 3D DNR; BLC; ICR;EXIR:30m; DC12V&PoE; Built-in micro SD/SDHC/SDXC slot; HIK-Connect cloud service;Built-in microphone
*-S model: Audio/Alarm I/O",2520.99,3655.44,45,HIKVISION SA,Acusense Camera
DS-2CD2546G2-IS(4mm)(C)(O-STD),"1/3"" Progressive Scan CMOS; H.265+/H.265/H.264+/H.264/MJPEG; 
Powered by Darkfighter technology,Color: 0.003 lux @(F1.4, AGC ON), 0 lux with IR; 25fps/30fps(2688×1520,1920×1080); VCA functions; 3 streams; 3D DNR; BLC; ICR;EXIR:30m; DC12V&PoE; Built-in micro SD/SDHC/SDXC slot; HIK-Connect cloud service;Built-in microphone
*-S model: Audio/Alarm I/O",2520.99,3655.44,45,HIKVISION SA,Acusense Camera
DS-2CD2546G2-IS(2.8mm)(C)(O-STD)(BLACK),"1/1.8"""" Progressive Scan CMOS; H.265+/H.265/H.264+/H.264/MJPEG; 
Color: 0.001 Lux @ (F1.2, AGC ON),0 Lux with light
25fps/24fps(3840 × 2160, 3200 × 1800, 2688 × 1520, 1920 × 1080, 1280 × 720); VCA functions; 3 streams; 3D DNR; BLC; ICR; 3000K Warm LED;IR, up to 40m DC12V&PoE; Built-in micro SD/SDHC/SDXC slot; HIK-Connect cloud service; 
Two-way audio; Built-in Dual-Array Microphone and enhanced speaker; Strobe light & Audio alarm;
Anti-Corrossion;
New Water-proof Socket Design",2588.82,3753.79,45,HIKVISION SA,Acusense Camera
DS-2CD2586G2-IS(2.8mm)(C)(O-STD),"1/1.8"" Progressive Scan CMOS; H.265+/H.265/H.264+/H.264/MJPEG; 
Powered by Darkfighter technology, Color: 0.003 lux@(F1.6, AGC ON), 0 lux with IR; 
25fps/24fps(3840×2160), 25fps/30fps (3200x1800, 2688×1520, 1920×1080); VCA functions; 3 streams; 3D DNR; BLC/HLC; ICR; EXIR, up to 30m; DC12V&PoE; Built-in micro SD/SDHC/SDXC slot; HIK-Connect cloud service;Built-in microphone
*-S model: Audio/Alarm I/O",3252.04,4715.46,45,HIKVISION SA,Acusense Camera
DS-2CD2586G2-IS(4mm)(C)(O-STD),"1/1.8"" Progressive Scan CMOS; H.265+/H.265/H.264+/H.264/MJPEG; 
Powered by Darkfighter technology, Color: 0.003 lux@(F1.6, AGC ON), 0 lux with IR; 
25fps/24fps(3840×2160), 25fps/30fps (3200x1800, 2688×1520, 1920×1080); VCA functions; 3 streams; 3D DNR; BLC/HLC; ICR; EXIR, up to 30m; DC12V&PoE; Built-in micro SD/SDHC/SDXC slot; HIK-Connect cloud service;Built-in microphone
*-S model: Audio/Alarm I/O",3252.04,4715.46,45,HIKVISION SA,Acusense Camera
DS-2CD2586G2-IS(2.8mm)(C)(O-STD)(BLACK),"1/1.8"" Progressive Scan CMOS; H.265+/H.265/H.264+/H.264/MJPEG; 
Powered by Darkfighter technology, Color: 0.003 lux@(F1.6, AGC ON), 0 lux with IR; 
25fps/24fps(3840×2160), 25fps/30fps (3200x1800, 2688×1520, 1920×1080); VCA functions; 3 streams; 3D DNR; BLC/HLC; ICR; EXIR, up to 30m; DC12V&PoE; Built-in micro SD/SDHC/SDXC slot; HIK-Connect cloud service;Built-in microphone
*-S model: Audio/Alarm I/O",3368.85,4884.83,45,HIKVISION SA,Acusense Camera
DS-2CD2T47G2-L(6mm)(C)(O-STD),"1/1.8"" Progressive Scan CMOS; H.265+/H.265/H.264+/H.264/MJPEG; 
Color: 0.0005 lux @(F1.0, AGC ON), 0 lux with LED on; 
25fps/30fps(2688×1520, 2304×1296, 1920×1080); VCA functions; 3 streams; 3D DNR; BLC; ICR; 3000K Warm LED; DC12V&PoE; Built-in micro SD/SDHC/SDXC slot; HIK-Connect cloud service;",2847.57,4128.98,45,HIKVISION SA,ColorVu and Acusense Camera
DS-2CD2955G0-ISU(1.05mm)(O-STD),"1/2.8"" Progressive Scan CMOS
 H.265/H.264/MJPEG
Powered by Darkfighter technology, Color: 0.009 lux @(F1.6, AGC ON), 0 lux with IR
50fps/60fps(1920×1080)
 VCA functions
 3 streams
 3D DNR
 BLC/HLC
 ICR
 EXIR, up to 30m
 DC12V&PoE
 Built-in micro SD/SDHC/SDXC slot
 Built-in Audio/Alarm I/O, HIK-Connect cloud service. 
HDMI output: 1920×1080@50/60 Hz, 1280*720@50/60 Hz",3005.84,4358.47,45,HIKVISION SA,Fisheye Camera
DS-2CD2346G2P-ISU/SL(2.8mm)(C)(O-STD),"2*1/2.5"" Progressive Scan CMOS; H.265+/H.265/H.264+/H.264/MJPEG; 
Color: 0.003 lux @(F1.6, AGC ON), 0 lux with IR; 
25/24fps(3040×1368),VCA functions; 2 streams; 3D DNR; BLC; EXIR; DC12V&PoE; Built-in micro SD/SDHC/SDXC slot; HIK-Connect cloud service; 
Built-in microphone and speaker, Audio/Alarm I/O; 180˚ FOV",3044.78,4414.93,45,HIKVISION SA,AcuSense+Panoramic+LiveGuard
DS-2CD2T46G2P-ISU/SL(2.8mm)(C)(O-STD),"2*1/2.5"" Progressive Scan CMOS; H.265+/H.265/H.264+/H.264/MJPEG; 
Color: 0.003 lux @(F1.6, AGC ON), 0 lux with IR; 
25/24fps(3040×1368),VCA functions; 2 streams; 3D DNR; BLC; ICR; EXIR; DC12V&PoE; Built-in micro SD/SDHC/SDXC slot; HIK-Connect cloud service; 
Built-in microphone and speaker, Audio/Alarm I/O; 180˚ FOV",3264.6,4733.67,45,HIKVISION SA,AcuSense+Panoramic+LiveGuard
DS-2CD2347G2P-LSU/SL(2.8mm)(C)(O-STD),"2*1/2.5"" Progressive Scan CMOS; H.265+/H.265/H.264+/H.264/MJPEG; 
Color: 0.0005 lux @(F1.0, AGC ON), 0 lux with LED on; 
25/24fps(3040×1368),VCA functions; 2 streams; 3D DNR; BLC; ICR; 3000K Warm LED; DC12V&PoE; Built-in micro SD/SDHC/SDXC slot; HIK-Connect cloud service; 
Built-in microphone and speaker, Audio/Alarm I/O; 180˚ FOV",3264.6,4733.67,45,HIKVISION SA,ColorVu+AcuSense+Panoramic+LiveGuard
DS-2CD2387G2P-LSU/SL(4mm)(C)(O-STD),"2*1/1.8"" Progressive Scan CMOS; H.265+/H.265/H.264+/H.264/MJPEG; 
Color: 0.0005 lux @(F1.0, AGC ON), 0 lux with LED on; 
20fps(5120×1440)(WDR=OFF),12.5fps/15fps(5120×1440)(WDR=ON); VCA functions; 2 streams; 3D DNR; BLC; ICR; 3000K Warm LED; Supplement Rang 40m; DC12V&PoE; Built-in micro SD/SDHC/SDXC slot; HIK-Connect cloud service; 
Built-in microphone and speaker, Audio/Alarm I/O; 180˚ FOV",4268.22,6188.92,45,HIKVISION SA,ColorVu+AcuSense+Panoramic+4K+LiveGuard
DS-2CD2387G2P-LSU/SL(4mm)(C)/O-STD/BLACK,"2*1/1.8"" Progressive Scan CMOS; H.265+/H.265/H.264+/H.264/MJPEG; 
Color: 0.0005 lux @(F1.0, AGC ON), 0 lux with LED on; 
20fps(5120×1440)(WDR=OFF),12.5fps/15fps(5120×1440)(WDR=ON); VCA functions; 2 streams; 3D DNR; BLC; ICR; 3000K Warm LED; Supplement Rang 40m; DC12V&PoE; Built-in micro SD/SDHC/SDXC slot; HIK-Connect cloud service; 
Built-in microphone and speaker, Audio/Alarm I/O; 180˚ FOV",4326.0,6272.7,45,HIKVISION SA,ColorVu+AcuSense+Panoramic+4K+LiveGuard
DS-2CD2T47G2P-LSU/SL(2.8mm)(C)(O-STD),"2*1/2.5"" Progressive Scan CMOS; H.265+/H.265/H.264+/H.264/MJPEG; 
Color: 0.0005 lux @(F1.0, AGC ON), 0 lux with LED on; 
25/24fps(3040×1368),VCA functions; 2 streams; 3D DNR; BLC; ICR; 3000K Warm LED; DC12V&PoE; Built-in micro SD/SDHC/SDXC slot; HIK-Connect cloud service; 
Built-in microphone and speaker, Audio/Alarm I/O; 180˚ FOV",3481.9,5048.76,45,HIKVISION SA,ColorVu+AcuSense+Panoramic+LiveGuard
DS-2CD2T87G2P-LSU/SL(4mm)(C)(O-STD),"2*1/1.8"" Progressive Scan CMOS; H.265+/H.265/H.264+/H.264/MJPEG; 
Color: 0.0005 lux @(F1.0, AGC ON), 0 lux with LED on; 
20fps(5120×1440)(WDR=OFF),12.5fps/15fps(5120×1440)(WDR=ON); VCA functions; 2 streams; 3D DNR; BLC; ICR; 3000K Warm LED; Supplement Rang 40m; DC12V&PoE; Built-in micro SD/SDHC/SDXC slot; HIK-Connect cloud service; 
Built-in microphone and speaker, Audio/Alarm I/O;180˚ FOV",5054.54,7329.08,45,HIKVISION SA,ColorVu+AcuSense+Panoramic+4K+LiveGuard
DS-2CD2T87G2P-LSU/SL(4mm)(C)/O-STD/BLACK,"2*1/1.8"" Progressive Scan CMOS; H.265+/H.265/H.264+/H.264/MJPEG; 
Color: 0.0005 lux @(F1.0, AGC ON), 0 lux with LED on; 
20fps(5120×1440)(WDR=OFF),12.5fps/15fps(5120×1440)(WDR=ON); VCA functions; 2 streams; 3D DNR; BLC; ICR; 3000K Warm LED; Supplement Rang 40m; DC12V&PoE; Built-in micro SD/SDHC/SDXC slot; HIK-Connect cloud service; 
Built-in microphone and speaker, Audio/Alarm I/O;180˚ FOV",5112.32,7412.86,45,HIKVISION SA,ColorVu+AcuSense+Panoramic+4K+LiveGuard
DS-2CD2021G0-LIU(2.8mm)(South Africa),"1/3"" Progressive CMOS, ICR,1920 × 1080: 25fps(P)/30fps(N), H.265+/H.265/H.264+&H.264, DWDR, 3D DNR, BLC, IR or white light range: up to 30m, Built-in microphone, DC12V & PoE, Support mobile monitoring via Hik-Connect

*power supply is not included",1214.65,1761.24,45,HIKVISION SA,2 Line IPC Mini Bullet + Hybrid  Light
DS-2CD2021G0-LIU(4mm)(South Africa),DS-2CD2021G0-LIU(4mm)(South Africa),1214.65,1761.24,45,HIKVISION SA,2 Line IPC Mini Bullet + Hybrid  Light
DS-2CD2041G0-LIU(2.8mm)(South Africa),"1/3"" Progressive CMOS, ICR,2560 × 1440: 20fps(P)/(N), H.265+/H.265/H.264+&H.264, DWDR, 3D DNR, BLC, IR or white light range: up to 30m, Built-in microphone, DC12V & PoE, Support mobile monitoring via Hik-Connect
*power supply is not included",1317.65,1910.59,45,HIKVISION SA,2 Line IPC Mini Bullet + Hybrid  Light
DS-2CD2041G0-LIU(4mm)(South Africa),DS-2CD2041G0-LIU(4mm)(South Africa),1317.65,1910.59,45,HIKVISION SA,2 Line IPC Mini Bullet + Hybrid  Light
DS-2CD2121G0-LIU(2.8mm)(South Africa),"1/3"" Progressive CMOS, ICR,1920 × 1080: 25fps(P)/30fps(N), H.265+/H.265/H.264+&H.264, DWDR, 3D DNR, BLC, IR or white light range: up to 30m, Built-in microphone, DC12V & PoE, Support mobile monitoring via Hik-Connect

*power supply is not included",1214.65,1761.24,45,HIKVISION SA,2 Line IPC Mini Bullet + Hybrid  Light
DS-2CD2121G0-LIU(4mm)(South Africa),DS-2CD2121G0-LIU(4mm)(South Africa),1214.65,1761.24,45,HIKVISION SA,2 Line IPC Mini Bullet + Hybrid  Light
DS-2CD2141G0-LIU(2.8mm)(South Africa),"1/3"" Progressive CMOS, ICR,2560 × 1440: 20fps(P)/(N), H.265+/H.265/H.264+&H.264, DWDR, 3D DNR, BLC, IR or white light range: up to 30m, Built-in microphone, DC12V & PoE, Support mobile monitoring via Hik-Connect
*power supply is not included",1317.65,1910.59,45,HIKVISION SA,2 Line IPC Dome + Hybrid  Light
DS-2CD2141G0-LIU(4mm)(South Africa),DS-2CD2141G0-LIU(4mm)(South Africa),1317.65,1910.59,45,HIKVISION SA,2 Line IPC Dome + Hybrid  Light
DS-2CD2621G0-LIZSU(2.8-12mm)South Africa,"1/3"" Progressive CMOS, ICR,1920 × 1080: 25fps(P)/30fps(N), H.265+/H.265/H.264+&H.264, DWDR, 3D DNR, BLC, IR or white light range: up to 50m, Built-in microphone, SD Card Slot (up to 256GB), DC12V & PoE, Support mobile monitoring via Hik-Connect
*-S: alarm and audio
*power supply is not included",2662.93,3861.25,45,HIKVISION SA,2 Line IPC VF bullet
DS-2CD2641G0-LIZSU(2.8-12mm)South Africa,"1/3"" Progressive CMOS, ICR, 2560 × 1440: 20fps(P)/(N), H.265+/H.265/H.264+&H.264, WDR, 3D DNR, BLC, IR or white light range: up to 50m, Built-in microphone, SD Card Slot (up to 256GB), DC12V & PoE, Support mobile monitoring via Hik-Connect
*-S: alarm and audio
*power supply is not included",2695.59,3908.61,45,HIKVISION SA,2 Line IPC VF bullet
DS-2CD2721G0-LIZSU(2.8-12mm)South Africa,"1/3"" Progressive CMOS, ICR,1920 × 1080: 25fps(P)/30fps(N), H.265+/H.265/H.264+&H.264, DWDR, 3D DNR, BLC, IR or white light range: up to 50m, Built-in microphone, SD Card Slot (up to 256GB), DC12V & PoE, Support mobile monitoring via Hik-Connect
*-S: alarm and audio
*power supply is not included",2783.51,4036.09,45,HIKVISION SA,2 Line IPC VF Dome
DS-2CD2741G0-LIZSU(2.8-12mm)South Africa,"1/3"" Progressive CMOS, ICR, 2560 × 1440: 20fps(P)/(N), H.265+/H.265/H.264+&H.264, WDR, 3D DNR, BLC, IR or white light range: up to 50m, Built-in microphone, SD Card Slot (up to 256GB), DC12V & PoE, Support mobile monitoring via Hik-Connect
*-S: alarm and audio
*power supply is not included",2814.91,4081.62,45,HIKVISION SA,2 Line IPC VF Dome
DS-2CD1023G0E-I(2.8mm)(C)(O-STD),"1/2.8"" Progressive CMOS, ICR, 1920x1080:25fps(P)/30fps(N), 
H.265+/H.264+&H.264, DWDR, 3D DNR, BLC, IR range: up to 30m, DC12V & PoE,Support mobile monitoring via Hik-Connect *power supply no included",879.27,1274.94,45,HIKVISION SA,"Value Series IR Only
 (Back to back order)"
DS-2CD1023G0E-I(4mm)(C)(O-STD),"1/2.8"" Progressive CMOS, ICR, 1920x1080:25fps(P)/30fps(N), 
H.265+/H.264+&H.264, DWDR, 3D DNR, BLC, IR range: up to 30m, DC12V & PoE,Support mobile monitoring via Hik-Connect *power supply no included",879.27,1274.94,45,HIKVISION SA,"Value Series IR Only
 (Back to back order)"
DS-2CD1123G0E-I(2.8mm)(C)(O-STD),"1/2.8"" Progressive CMOS, ICR, 1920x1080:25fps(P)/30fps(N), 
H.265+/H.264+&H.264, DWDR, 3D DNR, BLC, IR range: up to 30m, DC12V & PoE,Support mobile monitoring via Hik-Connect *power supply no included",876.76,1271.3,45,HIKVISION SA,"Value Series IR Only
 (Back to back order)"
DS-2CD1123G0E-I(4mm)(C)(O-STD),"1/2.8"" Progressive CMOS, ICR, 1920x1080:25fps(P)/30fps(N), 
H.265+/H.264+&H.264, DWDR, 3D DNR, BLC, IR range: up to 30m, DC12V & PoE,Support mobile monitoring via Hik-Connect *power supply no included",876.76,1271.3,45,HIKVISION SA,"Value Series IR Only
 (Back to back order)"
DS-2CFS04/4G(2.8mm)(O-STD)/EU,"1/3"" Progressive Scan CMOS; H.265+/H.265/H.264+/H.264/MJPEG; 
Color: 0.01 lux @(F1.6, AGC ON), 0 lux with LED on; 
12.5fps/15fps(2560×1440, 1920×1080); 2 streams; 3D DNR; BLC; ICR;  EXIR LED; Solar panel & 5VDC;; Built-in memory card slot, support microSD/SDHC/SDXC card up to 256 GB; Build-in microphone and speaker; Support working between 0 °C to 45 °C (32 °F to 113 °F); Hik-Connect cloud service;",1621.62,2351.35,45,HIKVISION SA,AOV Camera
DS-2CFS04/4G(4mm)(O-STD)/EU,"1/3"" Progressive Scan CMOS; H.265+/H.265/H.264+/H.264/MJPEG; 
Color: 0.01 lux @(F1.6, AGC ON), 0 lux with LED on; 
12.5fps/15fps(2560×1440, 1920×1080); 2 streams; 3D DNR; BLC; ICR;  EXIR LED; Solar panel & 5VDC;; Built-in memory card slot, support microSD/SDHC/SDXC card up to 256 GB; Build-in microphone and speaker; Support working between 0 °C to 45 °C (32 °F to 113 °F); Hik-Connect cloud service;",1621.62,2351.35,45,HIKVISION SA,AOV Camera
DS-2CFSP4/4G(2.8mm)(O-STD)/EU,"1/2.9"" Progressive Scan CMOS; H.265+/H.265/H.264+/H.264/MJPEG; 
Color: 0.01 lux @(F1.6, AGC ON), 0 lux with LED on; 
12.5fps/15fps(2560×1440, 1920×1080); 2 streams; 3D DNR; BLC; ICR;  EXIR LED; Solar panel & 5VDC;; Built-in memory card slot, support microSD/SDHC/SDXC card up to 256 GB; Build-in microphone and speaker; Support working between 0 °C to 45 °C (32 °F to 113 °F); Hik-Connect cloud service;",1968.3,2854.03,45,HIKVISION SA,AOV Camera
DS-2CFSP4/4G(4mm)(O-STD)/EU,"1/2.9"" Progressive Scan CMOS; H.265+/H.265/H.264+/H.264/MJPEG; 
Color: 0.01 lux @(F1.6, AGC ON), 0 lux with LED on; 
12.5fps/15fps(2560×1440, 1920×1080); 2 streams; 3D DNR; BLC; ICR;  EXIR LED; Solar panel & 5VDC;; Built-in memory card slot, support microSD/SDHC/SDXC card up to 256 GB; Build-in microphone and speaker; Support working between 0 °C to 45 °C (32 °F to 113 °F); Hik-Connect cloud service;",1968.3,2854.03,45,HIKVISION SA,AOV Camera
DS-2XS3Q47G1-LD/4G/C18S40(4mm)(O-STD),"1/1.8"""" Progressive Scan CMOS; H.265+/H.265/H.264+/H.264/MJPEG; 
Color: 0.001 Lux @ (F1.2, AGC ON),0 Lux with light
25fps/24fps(3840 × 2160, 3200 × 1800, 2688 × 1520, 1920 × 1080, 1280 × 720); VCA functions; 3 streams; 3D DNR; BLC; ICR; 3000K Warm LED;IR, up to 40m DC12V&PoE; Built-in micro SD/SDHC/SDXC slot; HIK-Connect cloud service; 
Two-way audio; Built-in Dual-Array Microphone and enhanced speaker; Strobe light & Audio alarm;
Anti-Corrossion;
New Water-proof Socket Design",10183.18,14765.61,45,HIKVISION SA,Pro Solar-powered Security 4G Camera Setup(Stock Clearance)
DS-2DE2A204IWG1-E(O-STD),"· High quality imaging with 2 MP resolution
· Focuses on human and vehicle classification based on deep learning
· Excellent low-light performance via powered-by-DarkFighter technology
· 4x optical zoom allows for closer viewing of subjects in expansive areas
· Built-in microphone and speaker for real-time audio security
· Up to 20 m IR range ensures safety at night
· Water and dust resistant (IP66) and vandal proof (IK10)",2401.66,3482.41,45,HIKVISION SA,"IP PT 2"" （Acusense）"
DS-2DE2A404IWG1-E(O-STD),"· High quality imaging with 4 MP resolution
· Focuses on human and vehicle classification based on deep learning
· Excellent low-light performance via powered-by-DarkFighter technology
· 4x optical zoom allows for closer viewing of subjects in expansive areas
· Built-in microphone and speaker for real-time audio security
· Up to 20 m IR range ensures safety at night
· Water and dust resistant (IP66) and vandal proof (IK10)",2637.8,3824.81,45,HIKVISION SA,"IP PT 2"" （Acusense）"
DS-2DE2C200MWG-E(2.8mm)(O-STD),"1/2.7″ Progressive Scan CMOS
Color: 0.01 Lux @(F1.2，AGC ON), B/W: 0 Lux with IR
2.8 mm, horizontal FOV 105°, vertical FOV 58°, diagonal FOV 123°
4 mm, horizontal FOV 81°, vertical FOV 44°, diagonal FOV 97°
White Light Distance: up to 30 m  IR Distance: up to 30 m
Digital WDR, BLC, HLC, 3D DNR,Built-in Microphone,Built-in Speaker,audible warning when alarm triggers",925.74,1342.32,45,HIKVISION SA,"IP PT 2"" (IR & White Light switchable)"
DS-2DE2C200MWG-E(4mm)(O-STD),DS-2DE2C200MWG-E(4mm)(O-STD),925.74,1342.32,45,HIKVISION SA,"IP PT 2"" (IR & White Light switchable)"
DS-2DE2C400MWG-E(2.8mm)(O-STD),"· High quality imaging with 4 MP resolution
· Support Human Detection and Auto-tracking Lite
· Smart Hybrid Light: advanced technology with long range
· Hik-Connect cloud service and APP for remote management and views of devices
· Built-in microphone and speaker for real-time audio security
· Built-in memory card slot, support microSD/SDHC/SDXC card, up to 512 GB
· Water and dust resistant (IP66)",997.34,1446.14,45,HIKVISION SA,"IP PT 2"" (IR & White Light switchable)"
DS-2DE2C400MWG-E(4mm)(O-STD),"· High quality imaging with 4 MP resolution
· Support Human Detection and Auto-tracking Lite
· Smart Hybrid Light: advanced technology with long range
· Hik-Connect cloud service and APP for remote management and views of devices
· Built-in microphone and speaker for real-time audio security
· Built-in memory card slot, support microSD/SDHC/SDXC card, up to 512 GB
· Water and dust resistant (IP66)",997.34,1446.14,45,HIKVISION SA,"IP PT 2"" (IR & White Light switchable)"
DS-2DE2C200MWG-4G(2.8mm)(O-STD)/EU,"1/3″ Progressive Scan CMOS
Color: 0.04 Lux @(F2.0，AGC ON), B/W: 0 Lux with IR
2.8 mm, horizontal FOV 101°, vertical FOV 56°, diagonal FOV 118°
4 mm, horizontal FOV 78°, vertical FOV 42°, diagonal FOV 92°
White Light Distance: up to 30 m  IR Distance: up to 30 m
Digital WDR, BLC, HLC, 3D DNR,Built-in Microphone,Built-in Speaker,audible warning when alarm triggers
EU:
LTE-FDD: B1/3/5/7/8/20/28",1009.9,1464.36,45,HIKVISION SA,"IP PT 2"" (IR & White Light switchable) 4G"
DS-2DE2C200MWG-4G(4mm)(O-STD)/EU,"1/3″ Progressive Scan CMOS
Color: 0.04 Lux @(F2.0，AGC ON), B/W: 0 Lux with IR
2.8 mm, horizontal FOV 101°, vertical FOV 56°, diagonal FOV 118°
4 mm, horizontal FOV 78°, vertical FOV 42°, diagonal FOV 92°
White Light Distance: up to 30 m  IR Distance: up to 30 m
Digital WDR, BLC, HLC, 3D DNR,Built-in Microphone,Built-in Speaker,audible warning when alarm triggers
EU:
LTE-FDD: B1/3/5/7/8/20/28",1009.9,1464.36,45,HIKVISION SA,"IP PT 2"" (IR & White Light switchable) 4G"
DS-2DE2C400MWG-4G(2.8mm)(O-STD)/EU,"1/2.7″ Progressive Scan CMOS
Color: 0.005 Lux @(F1.6，AGC ON), B/W: 0 Lux with IR
2.8 mm, horizontal FOV 94°, vertical FOV 49°, diagonal FOV 114°
4 mm, horizontal FOV 70°, vertical FOV 35°, diagonal FOV 85°
White Light Distance: up to 30 m  IR Distance: up to 30 m
Digital WDR, BLC, HLC, 3D DNR,Built-in Microphone,Built-in Speaker,audible warning when alarm triggers
EU:
LTE-FDD: B1/3/5/7/8/20/28",1091.55,1582.75,45,HIKVISION SA,"IP PT 2"" (IR & White Light switchable) 4G"
DS-2DE2C400MWG-4G(4mm)(O-STD)/EU,"1/2.7″ Progressive Scan CMOS
Color: 0.005 Lux @(F1.6，AGC ON), B/W: 0 Lux with IR
2.8 mm, horizontal FOV 94°, vertical FOV 49°, diagonal FOV 114°
4 mm, horizontal FOV 70°, vertical FOV 35°, diagonal FOV 85°
White Light Distance: up to 30 m  IR Distance: up to 30 m
Digital WDR, BLC, HLC, 3D DNR,Built-in Microphone,Built-in Speaker,audible warning when alarm triggers
EU:
LTE-FDD: B1/3/5/7/8/20/28",1091.55,1582.75,45,HIKVISION SA,"IP PT 2"" (IR & White Light switchable) 4G"
DS-2DE2C200SCG-E(F0)(O-STD),"1/2.8″ Progressive Scan CMOS 1920x1080
Color: 0.001 Lux @(F1.0，AGC ON), B/W: 0 Lux with IR
2.8 mm, horizontal FOV 106.1°, vertical FOV 55.8°, diagonal FOV 126.5°
4 mm, horizontal FOV 83.6°, vertical FOV 44.6°, diagonal FOV 99.1°
White Light Distance: up to 30 m 
Digital WDR, BLC, HLC, 3D DNR,Built-in Microphone,Built-in Speaker",1769.84,2566.27,45,HIKVISION SA,"IP PT 2"" (ColorVu)"
DS-2DE2C200SCG-E(F1)(O-STD),"1/2.8″ Progressive Scan CMOS 1920x1080
Color: 0.001 Lux @(F1.0，AGC ON), B/W: 0 Lux with IR
2.8 mm, horizontal FOV 106.1°, vertical FOV 55.8°, diagonal FOV 126.5°
4 mm, horizontal FOV 83.6°, vertical FOV 44.6°, diagonal FOV 99.1°
White Light Distance: up to 30 m 
Digital WDR, BLC, HLC, 3D DNR,Built-in Microphone,Built-in Speaker",1769.84,2566.27,45,HIKVISION SA,"IP PT 2"" (ColorVu)"
DS-2DE2C400SCG-E(F0)(O-STD),"1/2.8″ Progressive Scan CMOS  2560 × 1440
Color: 0.001 Lux @(F1.0，AGC ON), B/W: 0 Lux with IR
2.8 mm, horizontal FOV 105.7°, vertical FOV 57.3°, diagonal FOV 124.9°
4 mm, horizontal FOV 88.7°, vertical FOV 44.7°, diagonal FOV 107.5°
White Light Distance: up to 30 m 
Digital WDR, BLC, HLC, 3D DNR,Built-in Microphone,Built-in Speaker",1899.22,2753.87,45,HIKVISION SA,"IP PT 2"" (ColorVu)"
DS-2DE2C400SCG-E(F1)(O-STD),"1/2.8″ Progressive Scan CMOS  2560 × 1440
Color: 0.001 Lux @(F1.0，AGC ON), B/W: 0 Lux with IR
2.8 mm, horizontal FOV 105.7°, vertical FOV 57.3°, diagonal FOV 124.9°
4 mm, horizontal FOV 88.7°, vertical FOV 44.7°, diagonal FOV 107.5°
White Light Distance: up to 30 m 
Digital WDR, BLC, HLC, 3D DNR,Built-in Microphone,Built-in Speaker",1899.22,2753.87,45,HIKVISION SA,"IP PT 2"" (ColorVu)"
DS-2SE2C200MWG-E/12(2.8/8mm)(O-STD),"Capture a large area and details at the same time
Support Human and Vehicle detection
Smart Hybrid Light: advanced technology with long range
Built-in microphone and speaker for real-time audio security
[Bullet channel]1/2.9"" Progressive Scan CMOS[PTZ channel] 1/2.9"" Progressive Scan CMOS
[Bullet channel]: up to 30 m, [PTZ channel]: up to 30 m
[Bullet channel] 1920 × 1080, [PTZ channel] 1920 × 1080",1786.17,2589.95,45,HIKVISION SA,"TandemVu PT  2"" Hybrid Light"
DS-2SE2C400MWG-E/14(2.8/8mm)(O-STD),"Capture a large area and details at the same time
Support Human and Vehicle detection
Smart Hybrid Light: advanced technology with long range
Built-in microphone and speaker for real-time audio security
[Bullet channel]1/2.9"" Progressive Scan CMOS[PTZ channel] 1/2.9"" Progressive Scan CMOS
[Bullet channel]: up to 30 m, [PTZ channel]: up to 30 m
[Bullet channel] 1920 × 1080, [PTZ channel] 1920 × 1080",1915.55,2777.55,45,HIKVISION SA,"TandemVu PT  2"" Hybrid Light"
DS-2SE4C225MWG-E(12F0)(O-STD),"· Captures a large area and great details at the same time
· Bullet Channel: 2MP, 30m white light, ColorVu
· PTZ Channel: 2MP, 100m IR, powered-by-DarkFighter, 25 × optical zoom and 16 × digital zoom
· Supports WDR, HLC, BLC, 3D DNR, defog, regional exposure, regional focus
· Supports 12V DC & PoE+",6885.93,9984.6,45,HIKVISION SA,"IP PTZ 4"" (TandemVu)"
DS-2SE4C225MWG-E/12(F0)(O-STD),"Bullet lens:
Accurate human and vehicle target classification, alarm,based on deep learning algorithm
1/3"" Progressive Scan CMOS
Up to 1920 × 1080@30fps resolution
Min. illumination: 0.0005 Lux @ (F1.0, AGC ON), 0 Lux with IR
30m with light
PTZ lens:
Accurate human and vehicle target classification, alarm, and linked tracking based on deep learning algorithm
1/2.8"" progressive scan CMOS
Up to 1920 × 1080@30fps resolution
Min. illumination: 
Color: 0.005 Lux @ (F1.5, AGC ON), 
B/W: 0.001 Lux @(F1.5, AGC ON), 
0 Lux with IR
25 × optical zoom, 16 × digital zoom
100m IR

WDR, HLC, BLC, 3D DNR, Defog, Regional Exposure, Regional Focus
12VDC, PoE+
Support H.265+/H.265 video compression",7017.82,10175.84,45,HIKVISION SA,"IP PTZ 4"" (TandemVu)"
DS-2SE4C425MWG-E/14(F0)(O-STD),"Bullet lens:
Accurate human and vehicle target classification, alarm,based on deep learning algorithm
1/3"" Progressive Scan CMOS
Up to 2560 × 1440@30fps resolution
Min. illumination: 0.0005 Lux @ (F1.0, AGC ON), 0 Lux with IR
30m with light
PTZ lens:
Accurate human and vehicle target classification, alarm, and linked tracking based on deep learning algorithm
1/2.8"" progressive scan CMOS
Up to 2560 × 1440@30fps resolution
Min. illumination: 
Color: 0.005 Lux @ (F1.5, AGC ON), 
B/W: 0.001 Lux @(F1.5, AGC ON), 
0 Lux with IR
25 × optical zoom, 16 × digital zoom
100m IR

WDR, HLC, BLC, 3D DNR, Defog, Regional Exposure, Regional Focus
12VDC, PoE+
Support H.265+/H.265 video compression",7629.54,11062.83,45,HIKVISION SA,"IP PTZ 4"" (TandemVu)"
DS-2SE4C425MWG-E/14(F0)(O-STD)(Black),"Bullet lens:
Accurate human and vehicle target classification, alarm,based on deep learning algorithm
1/3"" Progressive Scan CMOS
Up to 2560 × 1440@30fps resolution
Min. illumination: 0.0005 Lux @ (F1.0, AGC ON), 0 Lux with IR
30m with light
PTZ lens:
Accurate human and vehicle target classification, alarm, and linked tracking based on deep learning algorithm
1/2.8"" progressive scan CMOS
Up to 2560 × 1440@30fps resolution
Min. illumination: 
Color: 0.005 Lux @ (F1.5, AGC ON), 
B/W: 0.001 Lux @(F1.5, AGC ON), 
0 Lux with IR
25 × optical zoom, 16 × digital zoom
100m IR

WDR, HLC, BLC, 3D DNR, Defog, Regional Exposure, Regional Focus
12VDC, PoE+
Support H.265+/H.265 video compression",7824.23,11345.13,45,HIKVISION SA,"IP PTZ 4"" (TandemVu)"
DS-2SE4C425MWG-4G/14(F0)(O-STD),"Bullet lens:
Accurate human and vehicle target classification, alarm,based on deep learning algorithm
1/3"" Progressive Scan CMOS
Up to 2560 × 1440@30fps resolution
Min. illumination: 0.0005 Lux @ (F1.0, AGC ON), 0 Lux with IR
30m with light
PTZ lens:
Accurate human and vehicle target classification, alarm, and linked tracking based on deep learning algorithm
1/2.8"" progressive scan CMOS
Up to 2560 × 1440@30fps resolution
Min. illumination: 
Color: 0.005 Lux @ (F1.5, AGC ON), 
B/W: 0.001 Lux @(F1.5, AGC ON), 
0 Lux with IR
25 × optical zoom, 16 × digital zoom
100m IR

WDR, HLC, BLC, 3D DNR, Defog, Regional Exposure, Regional Focus
12VDC, PoE+
Support H.265+/H.265 video compression",8506.29,12334.12,45,HIKVISION SA,"IP PTZ 4"" (TandemVu) with 4G"
DS-2SE4C225MWG-E/26(F0)(O-STD),"Captures a large area and great details at the same time
High quality panoramic imaging with 6 MP resolution and details imaging with 2 MP
Excellent low-light performance with powered-by-DarkFighter technology and ColorVu technology
Secures an expansive area with 25× optical zoom and 16× digital zoom
Expansive night view with up to 100 m IR distance & 30 m white light
Supports 12V DC & PoE+
Focuses on human and vehicle targets classification based on deep learning",8099.32,11744.01,45,HIKVISION SA,"IP PTZ 4"" (TandemVu)"
DS-2SE4C425MWG-E/26(F0)(O-STD),"Captures a large area and great details at the same time
High quality panoramic imaging with 6 MP resolution and details imaging with 4 MP
Excellent low-light performance with powered-by-DarkFighter technology and ColorVu technology
Secures an expansive area with 25× optical zoom and 16× digital zoom
Expansive night view with up to 100 m IR distance & 30 m white light
Supports 12V DC & PoE+
Focuses on human and vehicle targets classification based on deep learning",8257.59,11973.51,45,HIKVISION SA,"IP PTZ 4"" (TandemVu)"
DS-2DE4A225IWG1-E(O-STD),"AI-ISP/AI -FOCUS/VR image
Accurate human and vehicle target classification, alarm, and  tracking based on deep learning algorithm
Support face capture. Up to 5 faces captured at the same time
1/2.8"" progressive scan CMOS, Up to 2560 × 1440@30fps resolution
Min. illumination:
Color: 0.005 Lux @(F1.2, AGC ON)
B/W: 0.001 Lux @(F1.2, AGC ON)
25× optical zoom, 16× digital zoom
120DB WDR, HLC, BLC, 3D DNR, Defog, Regional Exposure, Regional Focus
802.3at POE & DC12V
Support H.265+/H.265 video compression",6633.45,9618.5,45,HIKVISION SA,"IP PTZ 4"" IR"
DS-2DE4A425IWG1-E(O-STD),"AI-ISP/AI -FOCUS/VR image
Accurate human and vehicle target classification, alarm, and  tracking based on deep learning algorithm
Support face capture. Up to 5 faces captured at the same time
1/2.8"" progressive scan CMOS, Up to 1920 × 1080@60 fps resolution
Min. illumination:
Color: 0.005 Lux @(F1.2, AGC ON)
B/W: 0.001 Lux @(F1.2, AGC ON)
25× optical zoom, 16× digital zoom
120DB WDR, HLC, BLC, 3D DNR, Defog, Regional Exposure, Regional Focus
802.3at POE & DC12V
Support H.265+/H.265 video compression",7539.1,10931.69,45,HIKVISION SA,"IP PTZ 4"" IR"
DS-2DE4225IWG1-E,"AI-ISP/AI -FOCUS/VR image
Accurate human and vehicle target classification, alarm, and  tracking based on deep learning algorithm
Support face capture. Up to 5 faces captured at the same time
1/2.8"" progressive scan CMOS, Up to 1920 × 1080@30 fps resolution
Min. illumination:
Color: 0.005 Lux @(F1.2, AGC ON)
B/W: 0.001 Lux @(F1.2, AGC ON)
25× optical zoom, 16× digital zoom
120DB WDR, HLC, BLC, 3D DNR, Defog, Regional Exposure, Regional Focus
802.3at POE & DC12V
Up to 20 m white strobe light distance 
the alarm sound within 20 m is no less than 60 dB
Support H.265+/H.265 video compression",6543.01,9487.36,45,HIKVISION SA,"IP PTZ 4"" IR"
DS-2DE4425IWG1-E,"AI-ISP/AI -FOCUS/VR image
Accurate human and vehicle target classification, alarm, and  tracking based on deep learning algorithm
Support face capture. Up to 5 faces captured at the same time
1/2.8"" progressive scan CMOS, Up to 2560 × 1440@30 fps resolution
Min. illumination:
Color: 0.005 Lux @(F1.2, AGC ON)
B/W: 0.001 Lux @(F1.2, AGC ON)
25× optical zoom, 16× digital zoom
120DB WDR, HLC, BLC, 3D DNR, Defog, Regional Exposure, Regional Focus
802.3at POE & DC12V
Up to 20 m white strobe light distance 
the alarm sound within 20 m is no less than 60 dB
Support H.265+/H.265 video compression",7183.62,10416.25,45,HIKVISION SA,"IP PTZ 4"" IR"
DS-2DE5425WG1-E,"AI-ISP/AI -FOCUS/VR image
Accurate human and vehicle target classification, alarm, and  tracking based on deep learning algorithm
Support face capture. Up to 5 faces captured at the same time
1/2.8"" progressive scan CMOS, Up to 2560 × 1440@30fps resolution
Min. illumination:
Color: 0.005 Lux @(F1.2, AGC ON)
B/W: 0.001 Lux @(F1.2, AGC ON)
25× optical zoom, 16× digital zoom
120DB WDR, HLC, BLC, 3D DNR, Defog, Regional Exposure, Regional Focus
802.3bt POE & DC36V
Support H.265+/H.265 video compression",6849.5,9931.77,45,HIKVISION SA,"IP PTZ 5"""
DS-2DE5432WG1-E,"AI-ISP/AI -FOCUS/VR image
Accurate human and vehicle target classification, alarm, and  tracking based on deep learning algorithm
Support face capture. Up to 5 faces captured at the same time
1/2.8"" progressive scan CMOS, Up to 2560 × 1440@30fps resolution
Min. illumination:
Color: 0.005 Lux @(F1.2, AGC ON)
B/W: 0.001 Lux @(F1.2, AGC ON)
32× optical zoom, 16× digital zoom
120DB WDR, HLC, BLC, 3D DNR, Defog, Regional Exposure, Regional Focus
802.3bt POE & DC36V
Support H.265+/H.265 video compression",9222.27,13372.29,45,HIKVISION SA,"IP PTZ 5"""
DS-2DE5425IWG1-E,"AI-ISP/AI -FOCUS/VR image
Accurate human and vehicle target classification, alarm, and  tracking based on deep learning algorithm
Support face capture. Up to 5 faces captured at the same time
1/2.8"" progressive scan CMOS, Up to 2560 × 1440@30fps resolution
Min. illumination:
Color: 0.005 Lux @(F1.2, AGC ON)
B/W: 0.001 Lux @(F1.2, AGC ON)
25× optical zoom, 16× digital zoom
120DB WDR, HLC, BLC, 3D DNR, Defog, Regional Exposure, Regional Focus
Up to 150 m IR distance
802.3bt POE & DC36V
Support H.265+/H.265 video compression",7781.52,11283.2,45,HIKVISION SA,"IP PTZ 5"""
DS-2DE5432IWG1-E,"AI-ISP/AI -FOCUS/VR image
Accurate human and vehicle target classification, alarm, and  tracking based on deep learning algorithm
Support face capture. Up to 5 faces captured at the same time
1/2.8"" progressive scan CMOS, Up to 2560 × 1440@30fps resolution
Min. illumination:
Color: 0.005 Lux @(F1.2, AGC ON)
B/W: 0.001 Lux @(F1.2, AGC ON)
32× optical zoom, 16× digital zoom
120DB WDR, HLC, BLC, 3D DNR, Defog, Regional Exposure, Regional Focus
Up to 150 m IR distance
802.3bt POE & DC36V
Support H.265+/H.265 video compression",10360.29,15022.42,45,HIKVISION SA,"IP PTZ 5"""
DS-7604NXI-K1(D),"All-ch Motion Detection 2.0
Up to 1-ch false alarm reduction through human and vehicle target classification based on deep learning(upcoming)
Up to 1-ch video stream face recognition based on deep learning algorithm
Up to 16 face databases with 20,000 face images in total
AI on: 2-ch@12 MP (30 fps)/3-ch@8 MP (30 fps)/6-ch@4 MP (30 fps)/12-ch@1080p (30 fps)
AI off: 2-ch@12 MP (30 fps)/4-ch@8 MP (30 fps)/8-ch@4 MP (30 fps)/16-ch@1080p (30 fps)",1508.57,2187.43,45,HIKVISION SA,NVR 76 -K
DS-7604NXI-K1/4P(D),"All-ch Motion Detection 2.0
Up to 1-ch false alarm reduction through human and vehicle target classification based on deep learning(upcoming)
Up to 1-ch video stream face recognition based on deep learning algorithm
Up to 16 face databases with 20,000 face images in total
AI on: 2-ch@12 MP (30 fps)/3-ch@8 MP (30 fps)/6-ch@4 MP (30 fps)/12-ch@1080p (30 fps)
AI off: 2-ch@12 MP (30 fps)/4-ch@8 MP (30 fps)/8-ch@4 MP (30 fps)/16-ch@1080p (30 fps)",2165.51,3139.99,45,HIKVISION SA,NVR 76 -K
DS-7608NXI-K2(D)(STD),"All-ch Motion Detection 2.0
Up to 2-ch false alarm reduction through human and vehicle target classification based on deep learning
Up to 1-ch video stream face recognition based on deep learning algorithm
Up to 16 face databases with 20,000 face images in total
AI on: 2-ch@12 MP (30 fps)/3-ch@8 MP (30 fps)/6-ch@4 MP (30 fps)/12-ch@1080p (30 fps)
AI off: 2-ch@12 MP (30 fps)/4-ch@8 MP (30 fps)/8-ch@4 MP (30 fps)/16-ch@1080p (30 fps)",2194.4,3181.88,45,HIKVISION SA,NVR 76 -K
DS-7608NXI-K2/8P(D),"All-ch Motion Detection 2.0
Up to 2-ch false alarm reduction through human and vehicle target classification based on deep learning
Up to 1-ch video stream face recognition based on deep learning algorithm
Up to 16 face databases with 20,000 face images in total
AI on: 2-ch@12 MP (30 fps)/3-ch@8 MP (30 fps)/6-ch@4 MP (30 fps)/12-ch@1080p (30 fps)
AI off: 2-ch@12 MP (30 fps)/4-ch@8 MP (30 fps)/8-ch@4 MP (30 fps)/16-ch@1080p (30 fps)",3691.67,5352.92,45,HIKVISION SA,NVR 76 -K
DS-7616NXI-K2(D),"All-ch Motion Detection 2.0
Up to 2-ch false alarm reduction through human and vehicle target classification based on deep learning
Up to 1-ch video stream face recognition based on deep learning algorithm
Up to 16 face databases with 20,000 face images in total
AI on: 2-ch@12 MP (30 fps)/3-ch@8 MP (30 fps)/6-ch@4 MP (30 fps)/12-ch@1080p (30 fps)
AI off: 2-ch@12 MP (30 fps)/4-ch@8 MP (30 fps)/8-ch@4 MP (30 fps)/16-ch@1080p (30 fps)",2549.88,3697.33,45,HIKVISION SA,NVR 76 -K
DS-7616NXI-K2/16P(D),"All-ch Motion Detection 2.0
Up to 2-ch false alarm reduction through human and vehicle target classification based on deep learning
Up to 1-ch video stream face recognition based on deep learning algorithm
Up to 16 face databases with 20,000 face images in total
AI on: 2-ch@12 MP (30 fps)/3-ch@8 MP (30 fps)/6-ch@4 MP (30 fps)/12-ch@1080p (30 fps)
AI off: 2-ch@12 MP (30 fps)/4-ch@8 MP (30 fps)/8-ch@4 MP (30 fps)/16-ch@1080p (30 fps)",5112.32,7412.86,45,HIKVISION SA,NVR 76 -K
DS-7632NXI-K2(D)(STD),"All-ch Motion Detection 2.0
Up to 2-ch false alarm reduction through human and vehicle target classification based on deep learning
Up to 1-ch video stream face recognition based on deep learning algorithm
Up to 16 face databases with 20,000 face images in total
AI on: 2-ch@12 MP (30 fps)/3-ch@8 MP (30 fps)/6-ch@4 MP (30 fps)/12-ch@1080p (30 fps)
AI off: 2-ch@12 MP (30 fps)/4-ch@8 MP (30 fps)/8-ch@4 MP (30 fps)/16-ch@1080p (30 fps)",6228.99,9032.04,45,HIKVISION SA,NVR 76 -K
DS-7632NXI-K2/16P(D)(STD),"All-ch Motion Detection 2.0
Up to 2-ch false alarm reduction through human and vehicle target classification based on deep learning
Up to 1-ch video stream face recognition based on deep learning algorithm
Up to 16 face databases with 20,000 face images in total
AI on: 2-ch@12 MP (30 fps)/3-ch@8 MP (30 fps)/6-ch@4 MP (30 fps)/12-ch@1080p (30 fps)
AI off: 2-ch@12 MP (30 fps)/4-ch@8 MP (30 fps)/8-ch@4 MP (30 fps)/16-ch@1080p (30 fps)",10159.32,14731.01,45,HIKVISION SA,NVR 76 -K
DS-7732NXI-K4(D),"All-ch Motion Detection 2.0
Up to 2-ch false alarm reduction through human and vehicle target classification based on deep learning
Up to 1-ch video stream face recognition based on deep learning algorithm
Up to 16 face databases with 20,000 face images in total
AI on: 2-ch@12 MP (30 fps)/3-ch@8 MP (30 fps)/6-ch@4 MP (30 fps)/12-ch@1080p (30 fps)
AI off: 2-ch@12 MP (30 fps)/4-ch@8 MP (30 fps)/8-ch@4 MP (30 fps)/16-ch@1080p (30 fps)",7567.99,10973.59,45,HIKVISION SA,NVR 77-K
DS-7732NXI-K4/16P(D),"All-ch Motion Detection 2.0
Up to 2-ch false alarm reduction through human and vehicle target classification based on deep learning
Up to 1-ch video stream face recognition based on deep learning algorithm
Up to 16 face databases with 20,000 face images in total
AI on: 2-ch@12 MP (30 fps)/3-ch@8 MP (30 fps)/6-ch@4 MP (30 fps)/12-ch@1080p (30 fps)
AI off: 2-ch@12 MP (30 fps)/4-ch@8 MP (30 fps)/8-ch@4 MP (30 fps)/16-ch@1080p (30 fps)",11353.87,16463.11,45,HIKVISION SA,NVR 77-K
DS-7608NXI-I2/S(STD)(E),"4-ch false alarm reduction through human and vehicle target classification based on deep learning
Up to 1-ch video stream face recognition based on deep learning algorithm
Up to 16 face databases with 10,000 face images in total
Up to 16-ch @ 1080p decoding capacity
1 HDMI and 1 VGA interfaces: both interfaces support independent video output
Up to 12 MP high-definition live view, storage and playback
2 HDDs for continuous video recording",4856.07,7041.3,45,HIKVISION SA,NVR 76 -I (AcuSearch)
DS-7608NXI-I2/8P/S(STD)(E),"4-ch false alarm reduction through human and vehicle target classification based on deep learning
Up to 1-ch video stream face recognition based on deep learning algorithm
Up to 16 face databases with 10,000 face images in total
Up to 16-ch @ 1080p decoding capacity
1 HDMI and 1 VGA interfaces: both interfaces support independent video output
Up to 12 MP high-definition live view, storage and playback
2 HDDs for continuous video recording",6720.12,9744.17,45,HIKVISION SA,NVR 76 -I (AcuSearch)
DS-7616NXI-I2/S(STD)(E),"4-ch false alarm reduction through human and vehicle target classification based on deep learning
Up to 1-ch video stream face recognition based on deep learning algorithm
Up to 16 face databases with 10,000 face images in total
Up to 16-ch @ 1080p decoding capacity
1 HDMI and 1 VGA interfaces: both interfaces support independent video output
Up to 12 MP high-definition live view, storage and playback
2 HDDs for continuous video recording",5760.46,8352.67,45,HIKVISION SA,NVR 76 -I (AcuSearch)
DS-7616NXI-I2/16P/S(STD)(E),"4-ch false alarm reduction through human and vehicle target classification based on deep learning
Up to 1-ch video stream face recognition based on deep learning algorithm
Up to 16 face databases with 10,000 face images in total
Up to 16-ch @ 1080p decoding capacity
1 HDMI and 1 VGA interfaces: both interfaces support independent video output
Up to 12 MP high-definition live view, storage and playback
2 HDDs for continuous video recording",8937.13,12958.84,45,HIKVISION SA,NVR 76 -I (AcuSearch)
DS-7716NXI-I4/S(STD)(E),"4-ch false alarm reduction through human and vehicle target classification based on deep learning
Up to 1-ch video stream face recognition based on deep learning algorithm
Up to 16 face databases with 10,000 face images in total
Up to 16-ch @ 1080p decoding capacity
1 HDMI and 1 VGA interfaces: both interfaces support independent video output
Up to 12 MP high-definition live view, storage and playback
4 HDDs for continuous video recording",8474.89,12288.59,45,HIKVISION SA,NVR 76 -I (AcuSearch)
DS-7716NXI-I4/16P/S(STD)(E),"4-ch false alarm reduction through human and vehicle target classification based on deep learning
Up to 1-ch video stream face recognition based on deep learning algorithm
Up to 16 face databases with 10,000 face images in total
Up to 16-ch @ 1080p decoding capacity
1 HDMI and 1 VGA interfaces: both interfaces support independent video output
Up to 12 MP high-definition live view, storage and playback
4 HDDs for continuous video recording",10813.74,15679.92,45,HIKVISION SA,NVR 76 -I (AcuSearch)
DS-7732NXI-I4/S(STD)(E),"4-ch false alarm reduction through human and vehicle target classification based on deep learning
Up to 1-ch video stream face recognition based on deep learning algorithm
Up to 16 face databases with 10,000 face images in total
Up to 16-ch @ 1080p decoding capacity
1 HDMI and 1 VGA interfaces: both interfaces support independent video output
Up to 12 MP high-definition live view, storage and playback
4 HDDs for continuous video recording",9762.39,14155.47,45,HIKVISION SA,NVR 76 -I (AcuSearch)
DS-7732NXI-I4/16P/S(STD)(E),"4-ch false alarm reduction through human and vehicle target classification based on deep learning
Up to 1-ch video stream face recognition based on deep learning algorithm
Up to 16 face databases with 10,000 face images in total
Up to 16-ch @ 1080p decoding capacity
1 HDMI and 1 VGA interfaces: both interfaces support independent video output
Up to 12 MP high-definition live view, storage and playback
4 HDDs for continuous video recording",12974.23,18812.63,45,HIKVISION SA,NVR 76 -I (AcuSearch)
DS-E04NI-Q1(STD)(SSD 1T),"Powered by eSSD technology
Low power consumption
H.265+/H.265/H.264+/H.264 video compression
Up to 40 Mbps incoming bandwidth, and 60 Mbps outgoing bandwidth
Up to 4-ch network camera inputs
Up to 4-ch 1080p decoding capability",2358.95,3420.48,45,HIKVISION SA,eSSD NVR (Built-in 1TB)
DS-E04NI-Q1(STD)(SSD 2T),"Powered by eSSD technology
Low power consumption
H.265+/H.265/H.264+/H.264 video compression
Up to 40 Mbps incoming bandwidth, and 60 Mbps outgoing bandwidth
Up to 4-ch network camera inputs
Up to 4-ch 1080p decoding capability",4523.21,6558.65,45,HIKVISION SA,eSSD NVR (Built-in 2TB)
DS-E04NI-Q1/4P(STD)(SSD 1T),"Powered by eSSD technology
Low power consumption
H.265+/H.265/H.264+/H.264 video compression
Up to 40 Mbps incoming bandwidth, and 60 Mbps outgoing bandwidth
Up to 4-ch network camera inputs
Up to 4-ch 1080p decoding capability",2831.24,4105.3,45,HIKVISION SA,eSSD NVR (Built-in 1TB)
DS-E04NI-Q1/4P(STD)(SSD 2T),"Powered by eSSD technology
Low power consumption
H.265+/H.265/H.264+/H.264 video compression
Up to 40 Mbps incoming bandwidth, and 60 Mbps outgoing bandwidth
Up to 4-ch network camera inputs
Up to 4-ch 1080p decoding capability",4996.76,7245.3,45,HIKVISION SA,eSSD NVR (Built-in 2TB)
DS-E08NI-Q1(STD)(SSD 1T),"Powered by eSSD technology
Low power consumption
H.265+/H.265/H.264+/H.264 video compression
Up to 60 Mbps incoming bandwidth, and 60 Mbps outgoing bandwidth
Up to 8-ch network camera inputs
Up to 4-ch 1080p decoding capability",2556.16,3706.43,45,HIKVISION SA,eSSD NVR (Built-in 1TB)
DS-E08NI-Q1(STD)(SSD 2T),"Powered by eSSD technology
Low power consumption
H.265+/H.265/H.264+/H.264 video compression
Up to 60 Mbps incoming bandwidth, and 60 Mbps outgoing bandwidth
Up to 8-ch network camera inputs
Up to 4-ch 1080p decoding capability",4717.9,6840.95,45,HIKVISION SA,eSSD NVR (Built-in 2TB)
DS-E08NI-Q1/8P(STD)(SSD 1T),"Powered by eSSD technology
Low power consumption
H.265+/H.265/H.264+/H.264 video compression
Up to 60 Mbps incoming bandwidth, and 60 Mbps outgoing bandwidth
Up to 8-ch network camera inputs
Up to 4-ch 1080p decoding capability",3424.12,4964.97,45,HIKVISION SA,eSSD NVR (Built-in 1TB)
DS-E08NI-Q1/8P(STD)(SSD 2T),"Powered by eSSD technology
Low power consumption
H.265+/H.265/H.264+/H.264 video compression
Up to 60 Mbps incoming bandwidth, and 60 Mbps outgoing bandwidth
Up to 8-ch network camera inputs
Up to 4-ch 1080p decoding capability",5584.61,8097.68,45,HIKVISION SA,eSSD NVR (Built-in 2TB)
DS-7104NI-Q1(STD)(D),"40Mbps Bit Rate Input Max (4-ch 1080p@25fps or 2-ch 4MP@25fps), 1 SATA interface, mini 1U case(Plastic)",942.07,1366.0,45,HIKVISION SA,NVR 71 -Q
DS-7104NI-Q1/4P(STD)(D),"40Mbps Bit Rate Input Max (4-ch 1080p@25fps or 2-ch 4MP@25fps),  1 SATA interface, 4 independent PoE network interfaces, mini 1U case(Plastic)",1514.85,2196.53,45,HIKVISION SA,NVR 71 -Q
DS-7108NI-Q1(STD)(D),"60Mbps Bit Rate Input Max (4-ch 1080p@25fps or 2-ch 4MP@25fps) 1 SATA interface, mini 1U case(Plastic)",1068.94,1549.96,45,HIKVISION SA,NVR 71 -Q
DS-7108NI-Q1/8P(STD)(D),"60Mbps Bit Rate Input Max (4-ch 1080p@25fps or 2-ch 4MP@25fps), 1 SATA interface,8 independent PoE network interfaces, mini 1U case(Plastic)",2052.46,2976.07,45,HIKVISION SA,NVR 71 -Q
DS-J142I(STD)/NK42E0H-1T(WD)(C),"H.265+/H.265/H.264+/H.264 video compression
PoE connection
4 × 2 MP IR fixed network bullet camera 
1 x NVR,  4 x 1080p decoding capability
Pre-installed 1 TB HDD",6684.95,9693.18,45,HIKVISION SA,POE KIT
DS-J142I(STD)/NK42E1H-1T(WD) (C),"H.265+/H.265/H.264+/H.264 video compression
PoE connection
4 × 2 MP IR fixed network dome camera 
1 x NVR,  4 x 1080p decoding capability
Pre-installed 1 TB HDD",6937.43,10059.27,45,HIKVISION SA,POE KIT
DS-J142I(STD)/NK42E3H-1T(WD)(C),"H.265+/H.265/H.264+/H.264 video compression
PoE connection
2 × 2 MP IR fixed network bullet camera, 2 × 2 MP IR fixed network dome camera 
1 x NVR,  4 x 1080p decoding capability
Pre-installed 1 TB HDD",6811.82,9877.14,45,HIKVISION SA,POE KIT
DS-J142I(STD)/NKS422WBH,"1. NVS equipped with Wi-Fi 6 hotspot, one-click to add wireless cameras
 2. High-gain antenna design for stable camera connection and wider coverage
 3. NVS supports two Micro SD card slots, up to 512 GB for each card
 4. IPC supports Smart IR and white light
 5. Accurate motion detection function
 6. Built-in mic and speaker for two-way audio
 7. Remote mobile phone management, all functions can be performed through Hik-Connect, such as camera adding, two-way audio, live view, playback, etc.",1948.21,2824.9,45,HIKVISION SA,EasyLink 2.0 Dual SD Card Storage
DS-J142I(STD)/NKS424WBH,"1. NVS equipped with Wi-Fi 6 hotspot, one-click to add wireless cameras
 2. High-gain antenna design for stable camera connection and wider coverage
 3. NVS supports two Micro SD card slots, up to 512 GB for each card
 4. IPC supports Smart IR and white light
 5. Accurate motion detection function
 6. Built-in mic and speaker for two-way audio
 7. Remote mobile phone management, all functions can be performed through Hik-Connect, such as camera adding, two-way audio, live view, playback, etc.",2112.76,3063.5,45,HIKVISION SA,EasyLink 2.0 Dual SD Card Storage
DS-J142I(STD)/NKS4223WBTH,"· Wi-Fi 6 for low-latency data transmission and stable connection with cameras
·  4K UHD HDMI output for local large-screen monitoring experience
· Smart motion detection supporting person and vehicle targets classification
· High-gain antenna design for wider Wi-Fi coverage
· Easy to install through automatic cameras connection and easy configuration
· Supporting remote preview,playback and manage through Hik-Connect App",2075.07,3008.85,45,HIKVISION SA,EasyLink 2.0 Dual SD Card Storage
DS-J142I(STD)/NKS4245WBTH,"· Wi-Fi 6 for low-latency data transmission and stable connection with cameras
·  4K UHD HDMI output for local large-screen monitoring experience
· Smart motion detection supporting person and vehicle targets classification
· High-gain antenna design for wider Wi-Fi coverage
· Easy to install through automatic cameras connection and easy configuration
· Supporting remote preview,playback and manage through Hik-Connect App",2239.62,3247.45,45,HIKVISION SA,EasyLink 2.0 Dual SD Card Storage
DS-J142I(STD)/NKS422WBPH,DS-J142I(STD)/NKS422WBPH,2054.98,2979.72,45,HIKVISION SA,EasyLink 2.0 Dual SD Card Storage
DS-J142I(STD)/NKS424WBPH,DS-J142I(STD)/NKS424WBPH,2219.52,3218.3,45,HIKVISION SA,EasyLink 2.0 Dual SD Card Storage
DS-J142I(STD)/NK842WBH-1T,"1. Wi-Fi 6 for low-latency data transmission and stable connection with cameras
 2. 4K UHD HDMI output for local large-screen monitoring experience
 3. Smart motion detection supporting person and vehicle targets classification
 4. High-gain antenna design for wider Wi-Fi coverage
 5. Easy to install through automatic cameras connection and easy configuration
 6. Supporting remote preview,playback and manage through Hik-Connect App",5649.93,8192.4,45,HIKVISION SA,EasyLink 2.0 Local HDMI Output
DS-J142I(STD)/NK844WBH-1T,"1. Wi-Fi 6 for low-latency data transmission and stable connection with cameras
 2. 4K UHD HDMI output for local large-screen monitoring experience
 3. Smart motion detection supporting person and vehicle targets classification
 4. High-gain antenna design for wider Wi-Fi coverage
 5. Easy to install through automatic cameras connection and easy configuration
 6. Supporting remote preview,playback and manage through Hik-Connect App",5986.56,8680.51,45,HIKVISION SA,EasyLink 2.0 Local HDMI Output
DS-J142I(STD)/NK844WDH-1T,"1. Wi-Fi 6 for low-latency data transmission and stable connection with cameras
 2. 4K UHD HDMI output for local large-screen monitoring experience
 3. Smart motion detection supporting person and vehicle targets classification
 4. High-gain antenna design for wider Wi-Fi coverage
 5. Easy to install through automatic cameras connection and easy configuration
 6. Supporting remote preview,playback and manage through Hik-Connect App",6727.66,9755.11,45,HIKVISION SA,EasyLink 2.0 Local HDMI Output
DS-2CFW02(2.8mm)(O-STD)/EU,"1/3"" Progressive CMOS, ICR, 0lux with IR, 1920×1080: 15fps(P/N), H.265+/H.265/H.264+/H.264, DWDR, 3D DNR, Build-in microphone; Build-in 2.4G Wi-Fi 802.11b/g/n/ax.",604.18,876.06,45,HIKVISION SA,EasyLink Cameras
DS-2CFW04(4mm)(O-STD)/EU,"1/3"" Progressive CMOS, ICR, 0lux with IR, 2560x1440: 15fps(P/N), H.265+/H.265/H.264+/H.264, DWDR, 3D DNR, Build-in microphone; Build-in 2.4G Wi-Fi 802.11b/g/n/ax.",678.29,983.52,45,HIKVISION SA,EasyLink Cameras
DS-2CFWQ3(2.8mm)(O-STD)/EU,"1/2.8″ Progressive Scan CMOS ,2304*1296: 15fps(P/N), 
Color: 0.03 Lux @ (F2.2, AGC ON),B/W: 0.01 Lux @ (F2.2, AGC ON),0 Lux with IR 
 
2.8 mm, horizontal FOV 106.4°, vertical FOV 58.4°, diagonal FOV 126.6°
4 mm, horizontal FOV 84°, vertical FOV 45.5°, diagonal FOV 101.1°
Privacy Mode,Human Tracking,Built-in Microphone,Built-in Speaker
Wi-Fi 6 support.",713.46,1034.52,45,HIKVISION SA,EasyLink Cameras
DS-2CFWQ5(2.8mm)(O-STD)/EU,"1/2.8″ Progressive Scan CMOS ,2960*1664 : 15fps(P/N), 
Color: 0.03 Lux @ (F2.2, AGC ON),B/W: 0.01 Lux @ (F2.2, AGC ON),0 Lux with IR 
 
2.8 mm, horizontal FOV 106.4°, vertical FOV 58.4°, diagonal FOV 126.6°
4 mm, horizontal FOV 84°, vertical FOV 45.5°, diagonal FOV 101.1°
Privacy Mode,Human Tracking,Built-in Microphone,Built-in Speaker
Wi-Fi 6 support.",792.6,1149.27,45,HIKVISION SA,EasyLink Cameras
DS-2CV1023G2-LIDWF(B)(2.8mm),"1/3"" Progressive CMOS, ICR, 0lux with IR, 1920×1080: 15fps(P/N), H.265+/H.265/H.264+/H.264, DWDR, 3D DNR, Build-in microphone; Build-in 2.4G Wi-Fi 802.11b/g/n.",607.95,881.53,45,HIKVISION SA,EasyLink Cameras
DS-2CV1043G2-LIDWF(B)(2.8mm),"1/3"" Progressive CMOS, ICR, 0lux with IR, 1920×1080: 15fps(P/N), H.265+/H.265/H.264+/H.264, DWDR, 3D DNR, Build-in microphone; Build-in 2.4G Wi-Fi 802.11b/g/n.",683.32,990.81,45,HIKVISION SA,EasyLink Cameras
DS-2DE2C200MWG/W(2.8mm),"1/2.7″ Progressive Scan CMOS 
Color: 0.04 Lux @ (F2.0, AGC ON),B/W: 0.04 Lux @ (F2.0, AGC ON),0 Lux with IR 
2.8 mm, horizontal FOV 105°, vertical FOV 58°, diagonal FOV 123° 4 mm, horizontal FOV 81°, vertical FOV 44°, diagonal FOV 97° IR Distance: up to 30 m Digital WDR, BLC, HLC, 3D DNR,Built-in Microphone,Built-in Speaker,audible warning when alarm triggers",958.4,1389.68,45,HIKVISION SA,EasyLink Cameras
DS-2DE2C400MWG/W(2.8mm),"1/2.7″ Progressive Scan CMOS
Color: 0.005 Lux @ (F1.6, AGC ON), B/W: 0.001Lux @(F1.6, AGC ON), 0 Lux with IR
2.8 mm, horizontal FOV 94°, vertical FOV 49°, diagonal FOV 114°
4 mm, horizontal FOV 70°, vertical FOV 35°, diagonal FOV 85°
IR Distance: up to 30 m",1038.79,1506.25,45,HIKVISION SA,EasyLink Cameras
DS-2CV2021G2-IDW(2.8mm)(W)(O-STD)/EU,"1/2.8"" Progressive CMOS, ICR, 0lux with IR, 1920x1080/1280x720: 25fps(P)/30fps(N), 2.8/4mm lens, H.265+/H.265/H.264+/H.264/MJPEG, dual-stream, 3D DNR,support on-board storage up to 256GB(SD card slot), Build-in microphone and speaker, Build-in external Dual-Antenna 2.4GHz Wi-Fi, 802.11b/g/n.
*power supply included
*SD Card not included
*(W) version models support mobile monitoring via Hik-Connect",786.32,1140.16,45,HIKVISION SA,Wi-Fi Bullet Series
DS-2CV2041G2-IDW(2.8mm)(W)(O-STD)/EU,"1/3"" Progressive CMOS, ICR, 0lux with IR, 2560x1440:30fps, 2304x1296/1920x1080/1280x720: 25fps(P)/30fps(N), H.265/H.264+/H.264/MJPEG, Dual-stream, WDR, 3D DNR, support on-board storage up to 256GB(SD card slot), Build-in microphone and speaker, Build-in external Dual-Antenna 2.4GHz Wi-Fi, 802.11b/g/n.
*power supply included
*SD Card not included
*(W) version models support mobile monitoring via Hik-Connect",945.84,1371.47,45,HIKVISION SA,Wi-Fi Bullet Series
DS-2CV2Q21G1-IDW(4mm)(W)(O-STD)/EU,"1/2.8"" Progressive CMOS, ICR,1920×1080: 25fps(P)/30fps(N), H.265+/H.265,3D DNR, support on-board storage up to 256GB,  Build-in microphone and speaker, two-way talk, support two-way audio, Support mobile monitoring via Hik-Connect
5VDC power supply is included.",631.82,916.14,45,HIKVISION SA,Wi-Fi Indoor PT Series
DS-2DE2C400IWG/W(2.8mm)(W)(O-STD)/EU,"1/2.7″ Progressive Scan CMOS
Color: 0.01 Lux @(F1.2，AGC ON), B/W: 0 Lux with IR
2.8 mm, horizontal FOV 94°, vertical FOV 49°, diagonal FOV 114°
4 mm, horizontal FOV 70°, vertical FOV 35°, diagonal FOV 85°
IR Distance: up to 30 m
Digital WDR, BLC, HLC, 3D DNR,Built-in Microphone,Built-in Speaker,audible warning when alarm triggers
Wi-Fi Connection",1258.61,1824.98,45,HIKVISION SA,Wi-Fi Indoor PT Series
DS-2CV2141G2-IDW(2.8mm)(W)(O-STD)/EU,"1/3"" Progressive CMOS, ICR, 0lux with IR, 2560x1440:30fps, 2304x1296/1920x1080/1280x720: 25fps(P)/30fps(N), H.265/H.264+/H.264/MJPEG, Dual-stream, WDR, 3D DNR, support on-board storage up to 256GB(SD card slot), Build-in microphone and speaker, Build-in external Dual-Antenna 2.4GHz Wi-Fi, 802.11b/g/n.
*power supply included
*SD Card not included
*(W) version models support mobile monitoring via Hik-Connect",1340.26,1943.38,45,HIKVISION SA,Wi-Fi Dome Series
DS-2CD2423G2-IW(2.8mm)(W)(O-STD),"1/2.8"" Progressive Scan CMOS; H.265+/H.265/H.264+/H.264/MJPEG; Color:0 lux with IR; 25Fps/30fps(1920×1080); 2 streams; DWDR; 3D DNR; ICR; EXIR, up to 10m; support AI human body detection; support on-board storage up to 512GB(SD card slot), Hik-Connect cloud service, Build-in microphone and speaker; Built-in 2.4G Wi-Fi, 802.11b/g/n; 12VDC & PoE power supply.
*SD card is not included.
*Power supplier is not included",631.82,916.14,45,HIKVISION SA,Wi-Fi Cube Series
DS-2CD2443G2-IW(2.8mm)(W)(O-STD),"1/2.8"" Progressive Scan CMOS; H.265+/H.265/H.264+/H.264/MJPEG; Color:  0 lux with IR; 20Fps0(2560×1440); 2 streams; DWDR; 3D DNR; ICR; EXIR, up to 10m; support AI human body detection; support on-board storage up to 512GB(SD card slot), Hik-Connect cloud service, Build-in microphone and speaker; Built-in 2.4G Wi-Fi, 802.11b/g/n; 12VDC & PoE power supply.
*SD card is not included.
*Power supplier is not included",786.32,1140.16,45,HIKVISION SA,Wi-Fi Cube Series
HM-TD1017-2/QW-HS121,"Streaming in H.265/H.264/MJPEG,Up to 20-ch simultaneous live view,  support Wi-Fi, SD Card, Open-ended API, RS-485, Alarm Out, Power in DC 5-16 V, Type-C interface",5177.63,7507.56,45,HIKVISION SA,HM-TD1017 series
HM-TD1017-1/QW-HS111(B),"Streaming in H.265/H.264/MJPEG,Up to 20-ch simultaneous live view,  support Wi-Fi, SD Card, Open-ended API, RS-485, Alarm Out, Power in DC 5-16 V, Type-C interface",5177.63,7507.56,45,HIKVISION SA,HM-TD1017 series
HM-TD1018-1/QR,"Built-in fall detection radar. Streaming in H.265/H.264,Up to 20-ch simultaneous live view,  support, SD Card, Open-ended API, RS-485, Alarm Out, Power in DC 12V(±20%), or PoE",10191.98,14778.37,45,HIKVISION SA,HM-TD1018 series
DS-2TD1217-2/QA,"Strobe Light & Audio Alarm, Dual-stream, Streaming in H.265/H.264/MJPEG, Up to 20-ch simultaneous live view,  Support Micro SD/SDHC/SDXC Card up to 256G, Audio & Alarm I/O, Open-ended API, Power in DC12V or PoE(802.3af), IP66",5824.52,8445.55,45,HIKVISION SA,DS-2TD12 series
DS-2TD1217-3/QA,"Strobe Light & Audio Alarm, Dual-stream, Streaming in H.265/H.264/MJPEG, Up to 20-ch simultaneous live view,  Support Micro SD/SDHC/SDXC Card up to 256G, Audio & Alarm I/O, Open-ended API, Power in DC12V or PoE(802.3af), IP66",5824.52,8445.55,45,HIKVISION SA,DS-2TD12 series
DS-2TD1217-6/QA,"Strobe Light & Audio Alarm, Dual-stream, Streaming in H.265/H.264/MJPEG, Up to 20-ch simultaneous live view,  Support Micro SD/SDHC/SDXC Card up to 256G, Audio & Alarm I/O, Open-ended API, Power in DC12V or PoE(802.3af), IP66",6245.32,9055.71,45,HIKVISION SA,DS-2TD12 series
HM-TD1218-2/G0/T1A,"Strobe Light & Audio Alarm, Dual-stream, Streaming in H.265/H.264/MJPEG, Up to 20-ch simultaneous live view,  Support Micro SD/SDHC/SDXC Card up to 256G, Audio & Alarm I/O, Open-ended API, Power in DC12V or PoE(802.3af), IP66
DC12V, 1W power output for alarm sensor",5824.52,8445.55,45,HIKVISION SA,HM-TD12 series
HM-TD1218-3/G0/T1A,"Strobe Light & Audio Alarm, Dual-stream, Streaming in H.265/H.264/MJPEG, Up to 20-ch simultaneous live view,  Support Micro SD/SDHC/SDXC Card up to 256G, Audio & Alarm I/O, Open-ended API, Power in DC12V or PoE(802.3af), IP66
DC12V, 1W power output for alarm sensor",5824.52,8445.55,45,HIKVISION SA,HM-TD12 series
HM-TD1218-7/G0/T1A,"Strobe Light & Audio Alarm, Dual-stream, Streaming in H.265/H.264/MJPEG, Up to 20-ch simultaneous live view,  Support Micro SD/SDHC/SDXC Card up to 256G, Audio & Alarm I/O, Open-ended API, Power in DC12V or PoE(802.3af), IP66
DC12V, 1W power output for alarm sensor",6245.32,9055.71,45,HIKVISION SA,HM-TD12 series
DS-2TD1228-2/QA,"Thermal: 256 x 192, 12μm, Optical:  4MP 2688×1520;
Thermal: 2mm, FOV:90°
Optical:  2mm
NETD<40mk;
Strobe Light & Audio Alarm
VCA:Line crossing/Intrusion detection/Region entrance/Region exiting；
Temperature exception；（Temperature measuring range : -20~150°C，Temperature Accuracy: ±8°C）
Working temperature: -40 °C to 65 °C (-40 °F to 149 °F);
Ingress protection:IP66",7247.68,10509.14,45,HIKVISION SA,DS-2TD12 Series
DS-2TD1228-3/QA,"Thermal: 256 x 192, 12μm, Optical:  4MP 2688×1520;
Thermal: 3mm, FOV:90°
Optical:  4mm
NETD<40mk;
Strobe Light & Audio Alarm
VCA:Line crossing/Intrusion detection/Region entrance/Region exiting；
Temperature exception；（Temperature measuring range : -20~150°C，Temperature Accuracy: ±8°C）
Working temperature: -40 °C to 65 °C (-40 °F to 149 °F);
Ingress protection:IP66",7247.68,10509.14,45,HIKVISION SA,DS-2TD12 Series
DS-2TD1228-7/QA,"Thermal: 256 x 192, 12μm, Optical:  4MP 2688×1520;
Thermal: 7mm, FOV:90°
Optical:  6mm
NETD<40mk;
Strobe Light & Audio Alarm
VCA:Line crossing/Intrusion detection/Region entrance/Region exiting；
Temperature exception；（Temperature measuring range : -20~150°C，Temperature Accuracy: ±8°C）
Working temperature: -40 °C to 65 °C (-40 °F to 149 °F);
Ingress protection:IP66",7701.13,11166.64,45,HIKVISION SA,DS-2TD12 Series
HM-TD1228-2/G1/T3A,"Large-Scale AI model algorithm. Strobe Light & Audio Alarm, Dual-stream, Streaming in H.265/H.264/MJPEG, Up to 20-ch simultaneous live view,  Support Micro SD/SDHC/SDXC Card up to 256G, Audio & Alarm I/O, Open-ended API, Power in DC12V or PoE(802.3af), IP66
DC12V, 1W power output for alarm sensor",8283.96,12011.74,45,HIKVISION SA,HM-TD12 series
HM-TD1228-3/G1/T3A,"Large-Scale AI model algorithm. Strobe Light & Audio Alarm, Dual-stream, Streaming in H.265/H.264/MJPEG, Up to 20-ch simultaneous live view,  Support Micro SD/SDHC/SDXC Card up to 256G, Audio & Alarm I/O, Open-ended API, Power in DC12V or PoE(802.3af), IP66
DC12V, 1W power output for alarm sensor",8283.96,12011.74,45,HIKVISION SA,HM-TD12 series
HM-TD1228-7/G1/T3A,"Large-Scale AI model algorithm. Strobe Light & Audio Alarm, Dual-stream, Streaming in H.265/H.264/MJPEG, Up to 20-ch simultaneous live view,  Support Micro SD/SDHC/SDXC Card up to 256G, Audio & Alarm I/O, Open-ended API, Power in DC12V or PoE(802.3af), IP66
DC12V, 1W power output for alarm sensor",8801.48,12762.15,45,HIKVISION SA,HM-TD12 series
DS-2TD1228T-2/QA(B),"Alarm 0in/2out, CNPP certified
Strobe Light & Audio Alarm, Dual-stream, Streaming in H.265/H.264/MJPEG, Up to 20-ch simultaneous live view,  Support Micro SD/SDHC/SDXC Card up to 256G, Audio & Alarm I/O, Open-ended API, Power in DC12V or PoE(802.3af), IP66",10516.05,15248.27,45,HIKVISION SA,DS-2TD12 Series
DS-2TD1228T-3/QA(B),"Alarm 0in/2out, CNPP certified
Strobe Light & Audio Alarm, Dual-stream, Streaming in H.265/H.264/MJPEG, Up to 20-ch simultaneous live view,  Support Micro SD/SDHC/SDXC Card up to 256G, Audio & Alarm I/O, Open-ended API, Power in DC12V or PoE(802.3af), IP66",10516.05,15248.27,45,HIKVISION SA,DS-2TD12 Series
HM-TD1228T-2/G1/T3A,"Alarm 0in/2out, CNPP certified
Strobe Light & Audio Alarm, Dual-stream, Streaming in H.265/H.264/MJPEG, Up to 20-ch simultaneous live view,  Support Micro SD/SDHC/SDXC Card up to 256G, Audio & Alarm I/O, Open-ended API, Power in DC12V or PoE(802.3af), IP66",12101.24,17546.8,45,HIKVISION SA,HM-TD12 series
HM-TD1228T-3/G1/T3A,"Alarm 0in/2out, CNPP certified
Strobe Light & Audio Alarm, Dual-stream, Streaming in H.265/H.264/MJPEG, Up to 20-ch simultaneous live view,  Support Micro SD/SDHC/SDXC Card up to 256G, Audio & Alarm I/O, Open-ended API, Power in DC12V or PoE(802.3af), IP66",12101.24,17546.8,45,HIKVISION SA,HM-TD12 series
DS-2TD2608-1/QA,"Strobe Light & Audio Alarm, Dual-stream, Streaming in H.265/H.264/MJPEG, Up to 20-ch simultaneous live view,  Support Micro SD/SDHC/SDXC Card up to 256G, Audio & Alarm I/O, Open-ended API, Power in DC12V or PoE(802.3af), IP67",4271.99,6194.39,45,HIKVISION SA,DS-2TD26 Series
DS-2TD2608-2/QA,"Strobe Light & Audio Alarm, Dual-stream, Streaming in H.265/H.264/MJPEG, Up to 20-ch simultaneous live view,  Support Micro SD/SDHC/SDXC Card up to 256G, Audio & Alarm I/O, Open-ended API, Power in DC12V or PoE(802.3af), IP67",4271.99,6194.39,45,HIKVISION SA,DS-2TD26 Series
DS-2TD2608-1/QA/FP,"Strobe Light & Audio Alarm, Dual-stream, Streaming in H.265/H.264/MJPEG, Up to 20-ch simultaneous live view,  Support Micro SD/SDHC/SDXC Card up to 256G, Audio & Alarm I/O, Open-ended API, Power in DC12V or PoE(802.3af), IP67",4271.99,6194.39,45,HIKVISION SA,DS-2TD26 Series
DS-2TD2608-2/QA/FP,"Strobe Light & Audio Alarm, Dual-stream, Streaming in H.265/H.264/MJPEG, Up to 20-ch simultaneous live view,  Support Micro SD/SDHC/SDXC Card up to 256G, Audio & Alarm I/O, Open-ended API, Power in DC12V or PoE(802.3af), IP67",4271.99,6194.39,45,HIKVISION SA,DS-2TD26 Series
DS-2TD2617-3/QA,"Strobe Light & Audio Alarm, Dual-stream, Streaming in H.265/H.264/MJPEG, Up to 20-ch simultaneous live view,  Support Micro SD/SDHC/SDXC Card up to 256G, Audio & Alarm I/O, Open-ended API, Power in DC12V or PoE(802.3af), IP67",5824.52,8445.55,45,HIKVISION SA,DS-2TD26 Series
DS-2TD2617-6/QA,"Strobe Light & Audio Alarm, Dual-stream, Streaming in H.265/H.264/MJPEG, Up to 20-ch simultaneous live view,  Support Micro SD/SDHC/SDXC Card up to 256G, Audio & Alarm I/O, Open-ended API, Power in DC12V or PoE(802.3af), IP67",6245.32,9055.71,45,HIKVISION SA,DS-2TD26 Series
DS-2TD2617-10/QA,"Strobe Light & Audio Alarm, Dual-stream, Streaming in H.265/H.264/MJPEG, Up to 20-ch simultaneous live view,  Support Micro SD/SDHC/SDXC Card up to 256G, Audio & Alarm I/O, Open-ended API, Power in DC12V or PoE(802.3af), IP67",6568.13,9523.79,45,HIKVISION SA,DS-2TD26 Series
HM-TD2618-3/G0/T1A,"Strobe Light & Audio Alarm, Dual-stream, Streaming in H.265/H.264/MJPEG, Up to 20-ch simultaneous live view,  Support Micro SD/SDHC/SDXC Card up to 256G, Audio & Alarm I/O, Open-ended API, Power in DC12V or PoE(802.3af), IP66
DC12V, 1W power output for alarm sensor",5824.52,8445.55,45,HIKVISION SA,HM-TD26 Series
HM-TD2618-7/G0/T1A,"Strobe Light & Audio Alarm, Dual-stream, Streaming in H.265/H.264/MJPEG, Up to 20-ch simultaneous live view,  Support Micro SD/SDHC/SDXC Card up to 256G, Audio & Alarm I/O, Open-ended API, Power in DC12V or PoE(802.3af), IP66
DC12V, 1W power output for alarm sensor",6245.32,9055.71,45,HIKVISION SA,HM-TD26 Series
HM-TD2618-10/G0/T1A,"Strobe Light & Audio Alarm, Dual-stream, Streaming in H.265/H.264/MJPEG, Up to 20-ch simultaneous live view,  Support Micro SD/SDHC/SDXC Card up to 256G, Audio & Alarm I/O, Open-ended API, Power in DC12V or PoE(802.3af), IP66
DC12V, 1W power output for alarm sensor",6568.13,9523.79,45,HIKVISION SA,HM-TD26 Series
DS-2TD2628-3/QA,"Thermal: 256 x 192, 12μm, Optical:  4MP 2688×1520;
Thermal: 3mm, FOV:50°
Optical:  4mm
NETD<40mk;
Strobe Light & Audio Alarm
VCA:Line crossing/Intrusion detection/Region entrance/Region exiting；
Temperature exception；（Temperature measuring range : -20~150°C，Temperature Accuracy: ±8°C）
Working temperature: -40 °C to 65 °C (-40 °F to 149 °F);
Ingress protection:IP67",7247.68,10509.14,45,HIKVISION SA,DS-2TD26 Series
DS-2TD2628-7/QA,"Thermal: 256 x 192, 12μm, Optical:  4MP 2688×1520;
Thermal: 7mm, FOV:50°
Optical:  6mm
NETD<40mk;
Strobe Light & Audio Alarm
VCA:Line crossing/Intrusion detection/Region entrance/Region exiting；
Temperature exception；（Temperature measuring range : -20~150°C，Temperature Accuracy: ±8°C）
Working temperature: -40 °C to 65 °C (-40 °F to 149 °F);
Ingress protection:IP67",7701.13,11166.64,45,HIKVISION SA,DS-2TD26 Series
DS-2TD2628-10/QA,"Thermal: 256 x 192, 12μm, Optical:  4MP 2688×1520;
Thermal: 10mm, FOV:50°
Optical:  8mm
NETD<40mk;
Strobe Light & Audio Alarm
VCA:Line crossing/Intrusion detection/Region entrance/Region exiting；
Temperature exception；（Temperature measuring range : -20~150°C，Temperature Accuracy: ±8°C）
Working temperature: -40 °C to 65 °C (-40 °F to 149 °F);
Ingress protection:IP67",8121.93,11776.8,45,HIKVISION SA,DS-2TD26 Series
HM-TD2628-3/G1/T3A,"Large-Scale AI model algorithm. Strobe Light & Audio Alarm, Dual-stream, Streaming in H.265/H.264/MJPEG, Up to 20-ch simultaneous live view,  Support Micro SD/SDHC/SDXC Card up to 256G, Audio & Alarm I/O, Open-ended API, Power in DC12V or PoE(802.3af), IP66
DC12V, 1W power output for alarm sensor",8089.27,11729.44,45,HIKVISION SA,HM-TD26 Series
HM-TD2628-7/G1/T3A,"Large-Scale AI model algorithm. Strobe Light & Audio Alarm, Dual-stream, Streaming in H.265/H.264/MJPEG, Up to 20-ch simultaneous live view,  Support Micro SD/SDHC/SDXC Card up to 256G, Audio & Alarm I/O, Open-ended API, Power in DC12V or PoE(802.3af), IP66
DC12V, 1W power output for alarm sensor",8542.72,12386.94,45,HIKVISION SA,HM-TD26 Series
HM-TD2628-10/G1/T3A,"Large-Scale AI model algorithm. Strobe Light & Audio Alarm, Dual-stream, Streaming in H.265/H.264/MJPEG, Up to 20-ch simultaneous live view,  Support Micro SD/SDHC/SDXC Card up to 256G, Audio & Alarm I/O, Open-ended API, Power in DC12V or PoE(802.3af), IP66
DC12V, 1W power output for alarm sensor",8994.91,13042.62,45,HIKVISION SA,HM-TD26 Series
DS-2TD2628-3/QA/GLT,"VOx UFPA 256 x  pixels, Pixel pitch 12 μm, NETD< 40mk, 25Hz thermal frame rate, Support contrast adjustment,17 palettes of color adjustable, smart features, Thermographic accuracy (Measurement range): ±8℃ (-20~150℃)",11518.41,16701.69,45,HIKVISION SA,DS-2TD26 Series
DS-2TD2628-7/QA/GLT,"VOx UFPA 256 x  pixels, Pixel pitch 12 μm, NETD< 40mk, 25Hz thermal frame rate, Support contrast adjustment,15 palettes of color adjustable, smart features, Thermographic accuracy (Measurement range): ±8℃ (-20~150℃)",11518.41,16701.69,45,HIKVISION SA,DS-2TD26 Series
DS-2TD2628-10/QA/GLT,"VOx UFPA 256 x  pixels, Pixel pitch 12 μm, NETD< 40mk, 25Hz thermal frame rate, Support contrast adjustment,15 palettes of color adjustable, smart features, Thermographic accuracy (Measurement range): ±8℃ (-20~150℃)",12068.59,17499.46,45,HIKVISION SA,DS-2TD26 Series
DS-2TD2628T-3/QA,"Strobe Light & Audio Alarm, Dual-stream, Streaming in H.265/H.264/MJPEG, Up to 20-ch simultaneous live view,  Support Micro SD/SDHC/SDXC Card up to 256G, Audio & Alarm I/O, Open-ended API, Power in DC12V or PoE(802.3af), IP67",10516.05,15248.27,45,HIKVISION SA,DS-2TD26 Series
DS-2TD2628T-7/QA,"Strobe Light & Audio Alarm, Dual-stream, Streaming in H.265/H.264/MJPEG, Up to 20-ch simultaneous live view,  Support Micro SD/SDHC/SDXC Card up to 256G, Audio & Alarm I/O, Open-ended API, Power in DC12V or PoE(802.3af), IP67",10516.05,15248.27,45,HIKVISION SA,DS-2TD26 Series
HM-TD2628T-3/G1/T3A,"Large-Scale AI model algorithm. Strobe Light & Audio Alarm, Dual-stream, Streaming in H.265/H.264/MJPEG, Up to 20-ch simultaneous live view,  Support Micro SD/SDHC/SDXC Card up to 256G, Audio & Alarm I/O, Open-ended API, Power in DC12V, 24V or PoE(802.3af), IP66
DC12V, 1W power output for alarm sensor",11680.45,16936.65,45,HIKVISION SA,HM-TD26 Series
HM-TD2628T-7/G1/T3A,"Large-Scale AI model algorithm. Strobe Light & Audio Alarm, Dual-stream, Streaming in H.265/H.264/MJPEG, Up to 20-ch simultaneous live view,  Support Micro SD/SDHC/SDXC Card up to 256G, Audio & Alarm I/O, Open-ended API, Power in DC12V, 24V or PoE(802.3af), IP66
DC12V, 1W power output for alarm sensor",11680.45,16936.65,45,HIKVISION SA,HM-TD26 Series
DS-2TD4228-7/S2,"Two independent channels of streaming in H.265/H.264/MJPEG,Up to 20-ch simultaneous live view,  Support Micro SD/SDHC Card up to 128G, Audio & Alarm I/O,Pan range: Continuous 360°, Tilt range:  -5° to +90° (auto flip), Pan Speed: 0.1° to 200°/sec, Tilt Speed: 0.1° to 105°/sec, Power in AC24V, DC 48V, IP66",20610.05,29884.57,45,HIKVISION SA,DS-2TD42 Series
DS-2TD4228-10/S2,"Two independent channels of streaming in H.265/H.264/MJPEG,Up to 20-ch simultaneous live view,  Support Micro SD/SDHC Card up to 128G, Audio & Alarm I/O,Pan range: Continuous 360°, Tilt range:  -5° to +90° (auto flip), Pan Speed: 0.1° to 200°/sec, Tilt Speed: 0.1° to 105°/sec, Power in AC24V, DC 48V, IP66",20610.05,29884.57,45,HIKVISION SA,DS-2TD42 Series
DS-2TD4228T-7/S2,"Two independent channels of streaming in H.265/H.264/MJPEG,Up to 20-ch simultaneous live view,  Support Micro SD/SDHC Card up to 128G, Audio & Alarm I/O,Pan range: Continuous 360°, Tilt range:  -5° to +90° (auto flip), Pan Speed: 0.1° to 200°/sec, Tilt Speed: 0.1° to 105°/sec, Power in AC24V, DC 48V, IP66",26077.84,37812.87,45,HIKVISION SA,DS-2TD42 Series
DS-2TD4228T-10/S2,"Two independent channels of streaming in H.265/H.264/MJPEG,Up to 20-ch simultaneous live view,  Support Micro SD/SDHC Card up to 128G, Audio & Alarm I/O,Pan range: Continuous 360°, Tilt range:  -5° to +90° (auto flip), Pan Speed: 0.1° to 200°/sec, Tilt Speed: 0.1° to 105°/sec, Power in AC24V, DC 48V, IP66",26077.84,37812.87,45,HIKVISION SA,DS-2TD42 Series
DS-2FA1201-DL(EUR),"12V1A;
Europe standard;",115.56,167.56,45,HIKVISION SA,Power Adaptor
DS-2PA1201-PRD(EUR)(B),"12V1A;
Europeanstandard;",95.46,138.42,45,HIKVISION SA,Power Adaptor
DS-2PA1205-DGA,"12V5A;
Green head;",403.21,584.65,45,HIKVISION SA,Power Adaptor
DS-2PA1233-DGA,"12V40W;
Two-wire;",351.71,509.98,45,HIKVISION SA,Power Adaptor
DS-2PA3641,"36V4.17A;
NOACpowerwire;",2078.84,3014.32,45,HIKVISION SA,Power Adaptor
DS-2PW001-B(EUR),AC power wireqqq;;;European standardqqq;;;1Mqqq;;;,47.73,69.21,45,HIKVISION SA,Power Adaptor
DS-2PW1A5-W(EUR),"Acpowerwire;
Europeanstandard;",74.11,107.46,45,HIKVISION SA,Power Adaptor
DS-2PA3000-POE,"RoHS compliant;
Compatible With All IEEE pre 802.3af, 802.3at and Legacy Powered Devices;
Input voltage:90Vac~264Vac;
Support 300Vac input for long time work;
Output over current protection;
Short circuit protection;
Surge protection;
CE mark;",1733.41,2513.44,45,HIKVISION SA,Power Adaptor
"POE,LAS60-57CN-RJ45,60W","60W PoE injector，RJ45interface,1000M",2718.2,3941.39,45,HIKVISION SA,Power Adaptor
"AC Power,TEAC-66-243000V,CE,AC24V3A","AC24V3A
Europeanstandard",660.71,958.03,45,HIKVISION SA,Power Adaptor
"AC power,MKAC-96-248000V,AC24V8A,192W,CE","Power adapter for 41xx, 62xx, and 3636;
AC 24V 8A;
Europe standard plug",1933.13,2803.04,45,HIKVISION SA,Power Adaptor
"ATX POWER,DPS-300AB-81 B,53V&12V,300W","ATX POWER,DPS-300AB-81 B,53V&12V,300W",1880.38,2726.55,45,HIKVISION SA,Power Adaptor
"Adapter,KPL-040F-VI,12V3.33A,40W,4pin","Adapter,KPL-040F-VI,12V3.33A,40W,4pin",403.21,584.65,45,HIKVISION SA,Power Adaptor
"Adapter,KPL-040F-VI,12V3.33A,40W,Φ2.1","Adapter,KPL-040F-VI,12V3.33A,40W,Φ2.1",403.21,584.65,45,HIKVISION SA,Power Adaptor
"POE POWER,DPS-280AB-4 A,52V&12V,280W","POE POWER,DPS-280AB-4 A,52V&12V,280W",2225.8,3227.41,45,HIKVISION SA,Power Adaptor
"LED,CUV-090S036SP-KW01,DC36V/2.5A,90W","LED,CUV-090S036SP-KW01,DC36V/2.5A,90W",2126.57,3083.53,45,HIKVISION SA,Power Adaptor
"Adapter,KPL-060F-VI,desktop,12V5A,60W,4P","Adapter,KPL-060F-VI,desktop,12V5A,60W,4P",497.41,721.24,45,HIKVISION SA,Power Adaptor
DS-1258ZJ,Power intake box White plastic Φ88.5 mm,189.67,275.02,45,HIKVISION SA,IPC Bracket
DS-1271ZJ-110,Pendant mount White Aluminum alloy Φ110×545mm,867.96,1258.54,45,HIKVISION SA,IPC Bracket
DS-1272ZJ-110,Wall mount White plastic Φ110×120×120mm,453.45,657.5,45,HIKVISION SA,IPC Bracket
DS-1272ZJ-120,Wall mount Aluminum alloy Φ120×120×120mm,484.85,703.03,45,HIKVISION SA,IPC Bracket
DS-1272ZJ-120(Black),Wall mount,484.85,703.03,45,HIKVISION SA,IPC Bracket
DS-1273ZJ-130-TRL,Wall mount White Aluminum alloy Φ130×182×120mm,597.9,866.95,45,HIKVISION SA,IPC Bracket
DS-1273ZJ-135,Wall mount Aluminum alloy Φ136×183.5×230mm,541.38,785.0,45,HIKVISION SA,IPC Bracket
DS-1273ZJ-135B,Wall mount Aluminum alloy Φ136×243×290mm,1018.7,1477.12,45,HIKVISION SA,IPC Bracket
DS-1273ZJ-DM25,Wall mount White Aluminum alloy 190×165×183mm,836.56,1213.01,45,HIKVISION SA,IPC Bracket
DS-1275ZJ-SUS,Hik white Stainless Steel 127×46×250mm Φ67-127mm,867.96,1258.54,45,HIKVISION SA,IPC Bracket
DS-1280ZJ-DM18,White Aluminum alloy Φ101 mm,277.6,402.52,45,HIKVISION SA,IPC Bracket
DS-1280ZJ-DM21,Hik white Aluminum alloy 162×137×42mm 250g,302.72,438.94,45,HIKVISION SA,IPC Bracket
DS-1280ZJ-DM25,Junction box White Aluminum alloy 190×165×40mm,302.72,438.94,45,HIKVISION SA,IPC Bracket
DS-1602ZJ,"Wall mount, Hik white Aluminum alloy 97×182×305mm",541.38,785.0,45,HIKVISION SA,Speed Dome Bracket
DS-1602ZJ-Corner,Corner mount Hik white Aluminum alloy  176.8×194×419.5mm,773.76,1121.95,45,HIKVISION SA,Speed Dome Bracket
DS-1602ZJ-Pole,Vertical pole mount Hik white Aluminum alloy 117×194×310mm,773.76,1121.95,45,HIKVISION SA,Speed Dome Bracket
DS-1605ZJ,Hik white Aluminum alloy 183.5×120×228.6mm 1120g,660.71,958.03,45,HIKVISION SA,Speed Dome Bracket
DS-1661ZJ,Pendant mount Hik white Aluminum alloy Φ116.5×200mm 600g,597.9,866.95,45,HIKVISION SA,Speed Dome Bracket
DS-1662ZJ,Pendant mount Hik white Aluminum alloy Φ116.5×500mm 960g,660.71,958.03,45,HIKVISION SA,Speed Dome Bracket
DS-1663ZJ,Ceiling mount Hik white Aluminum alloy Φ116.5×57mm 380g,365.52,530.0,45,HIKVISION SA,Speed Dome Bracket
DS-1232ZJ,"Cardan Joint;
Steel;
Hikvision White;",484.85,703.03,45,HIKVISION SA,Bracket
DS-1232ZJ-P,"Cardan Joint;
Steel;
Platinum Gray;",296.44,429.84,45,HIKVISION SA,Bracket
DS-1232ZJ-T,"PT Joint;
Steel and Stainless Steel;
Hikvision White;",271.32,393.41,45,HIKVISION SA,Bracket
DS-1706ZJ,"PT Joint;
Stainless Steel;
Natural Stainless Steel Color;",334.12,484.47,45,HIKVISION SA,Bracket
DS-1274ZJ-DM25,"Corner Mount for Dome Camera;
Aluminum Alloy & Plastic;
Hikvision White;",484.85,703.03,45,HIKVISION SA,Bracket
DS-1276ZJ-SUS,"Corner Mount;
Stainless Steel;
Hikvision White;",1703.27,2469.74,45,HIKVISION SA,Bracket
DS-1276ZJ-SUS(Black),"Corner Mount;
Stainless Steel;
Hikvision Black;",1703.27,2469.74,45,HIKVISION SA,Bracket
DS-1476ZJ-SUS,"Corner Mount;
Stainless Steel;
Hikvision White;",867.96,1258.54,45,HIKVISION SA,Bracket
DS-1476ZJ-Y,Corner Mount;Stainless Steel;Hikvision White,1791.2,2597.24,45,HIKVISION SA,Bracket
DS-1602ZJ-BOX-CORNER,"Corner Mount;
Aluminum Alloy & Steel;
Hikvision white;",2670.46,3872.17,45,HIKVISION SA,Bracket
DS-1604ZJ-BOX-Corner,"Corner Mount for Speed Dome
With Junction Box
Aluminum Alloy and Steel
Hikvision White",2318.76,3362.2,45,HIKVISION SA,Bracket
DS-1214ZJ,"Horizontal Pole Mount;
Steel;
Hikvision White;",1018.7,1477.12,45,HIKVISION SA,Bracket
DS-1214ZJ-T,"PT Joint;
Steel and Stainless Steel;
Hikvision White;",1075.22,1559.07,45,HIKVISION SA,Bracket
DS-1275ZJ-P1,"Horizontal Pole Mount;
Stainless Steel and Steel;
Platinum Gray;",597.9,866.95,45,HIKVISION SA,Bracket
DS-1673ZJ,"Horizontal Pole Mount for PanoVu & Speed Dome;
Stainless Steel;
Hikvision White;",541.38,785.0,45,HIKVISION SA,Bracket
DS-1673ZJ-P,"Horizontal Pole Mount for PanoVu & Speed Dome;
Stainless Steel;
Platinum Gray;",660.71,958.03,45,HIKVISION SA,Bracket
DS-1227ZJ,"In-Ceiling Mount Bracket;
Steel & Plastic;
Hikvision White;",541.38,785.0,45,HIKVISION SA,Bracket
DS-1227ZJ-DM32,"In-Ceiling Mount for Dome Camera;
Steel and Plastic;
Hikvision White;",541.38,785.0,45,HIKVISION SA,Bracket
DS-1227ZJ-DM37,"In-Ceiling Mount;
Steel and Plastic;
Hikvision White;",723.51,1049.09,45,HIKVISION SA,Bracket
DS-1227ZJ-DM42,"In-Ceiling Mount;
Steel and Plastic;
Hikvision White;",742.35,1076.41,45,HIKVISION SA,Bracket
DS-1227ZJ-P1,"In-Ceiling Mount;
Metal Plate & Plastic;
Hikvision White;",541.38,785.0,45,HIKVISION SA,Bracket
DS-1227ZJ-PT6,"In-Ceiling Mount for Dome Camera;
Steel and Plastic;
Hikvision White;",365.52,530.0,45,HIKVISION SA,Bracket
DS-1241ZJ,"In-ceiling Mount for Dome Camera;
Aluminum Alloy & Steel;
Hikvision White;",365.52,530.0,45,HIKVISION SA,Bracket
DS-1249ZJ,"In-ceiling Mount for Dome Camera;
Plastic & Steel;
Hikvision White;",189.67,275.02,45,HIKVISION SA,Bracket
DS-1671ZJ-SD11,"In-Ceiling Mount for 4-inch PTZ Camera;
Steel & Plastic;
Hikvision White;",453.45,657.5,45,HIKVISION SA,Bracket
DS-1671ZJ-SDM9,"In-Ceiling Mount;
Steel and Plastic;
Black;",723.51,1049.09,45,HIKVISION SA,Bracket
DS-4220ZJ-WC(O-STD),in-ceiling mount for dome cameras.,861.68,1249.44,45,HIKVISION SA,Bracket
DS-1250ZJ,"Rain Shade for Outdoor Dome Camera;
Plastic;
Hikvision White;",221.07,320.55,45,HIKVISION SA,Bracket
DS-1250ZJ(Black),"Rain Shade
Composite Fiber
Hikvision Black",365.52,530.0,45,HIKVISION SA,Bracket
DS-1250ZJ-DM65(O-NEU),Rain shield for Dome65,597.9,866.95,45,HIKVISION SA,Bracket
DS-1253ZJ-L,"Rain Shade for Outdoor Dome Camera;
Plastic;
Hikvision White;",422.05,611.97,45,HIKVISION SA,Bracket
DS-1253ZJ-M,"Rain Shade for Outdoor Dome Camera;
Plastic;
Hikvision White;",302.72,438.94,45,HIKVISION SA,Bracket
DS-1270ZJ-DE7,"Aluminum alloy material
Applies to the dual-lens network camera",597.9,866.95,45,HIKVISION SA,Bracket
DS-1282ZJ-DM(mini),"Gang Box for Mini Dome;
Plastic;
Hikvision White;",64.06,92.89,45,HIKVISION SA,Bracket
DS-1291ZJ-BL,"Desktop/Pendant Mount for Covert Camera;
Plastic;
Black;",158.27,229.49,45,HIKVISION SA,Bracket
DS-1297ZJ-BS(铂晶银),"Table Mount;
Aluminum Alloy;
Hikvision White;",899.37,1304.09,45,HIKVISION SA,Bracket
DS-1677ZJ-XS-1.0 (C2),"NBR, braided steel wire, carbon steel;
G-3/4 conduit thread;
Ingress protection, IP68;
For cable protection in explosive environments;",1075.22,1559.07,45,HIKVISION SA,Bracket
DS-1677ZJ-XS-1.0(D),"Explosion-Proof Flexible Conduit;
NBR, braided steel wire, carbon steel;
IP68;",955.89,1386.04,45,HIKVISION SA,Bracket
DS-1677ZJ-XS-1.0(DY),For cable protection in explosive environments,2331.32,3380.41,45,HIKVISION SA,Bracket
DS-2XE2601-1-Y(SS)(O-STD),"Ex Flexible Conduit, 1M length, Anti-corrosion",3488.18,5057.86,45,HIKVISION SA,Bracket
DS-2XE2601-1(CS)(O-STD),"Ex Flexible Conduit, 1M length",1119.18,1622.81,45,HIKVISION SA,Bracket
DS-1681ZJ,"Hikvision White,71 mm × 71 mm × 45 mm (2.80"" × 2.80"" × 1.77""),Aluminum Alloy,Approx. 138 g",189.67,275.02,45,HIKVISION SA,Bracket
DS-2665ZJ-Pole-P,"· Aluminum alloy with surface spray treatment, platinum gray appearance
· For horizontal pole mounting
· Designed for Hikvision products
· Suitable for indoor and outdoor installation",2551.13,3699.14,45,HIKVISION SA,Bracket
DS-1233ZJ,"Column Mount Bracket;
Steel;
Hikvision White;",1075.22,1559.07,45,HIKVISION SA,Bracket
DS-1268ZJ,"Pendent Mount for Dome Camera;
Aluminum Alloy;
Hikvision White;",1313.88,1905.13,45,HIKVISION SA,Bracket
DS-1269ZJ,"Pendent Mount;
Aluminum Alloy;
Hikvision White;",1313.88,1905.13,45,HIKVISION SA,Bracket
DS-1269ZJ-P,"Pendant Mount;
Aluminum Alloy;
Platinum Gray;",660.71,958.03,45,HIKVISION SA,Bracket
DS-1271ZJ-110(Black),"Pendent Mount;
Aluminum Alloy;
Hikvision Black;",867.96,1258.54,45,HIKVISION SA,Bracket
DS-1271ZJ-120,"Pendent Mount for Mini Dome Camera;
Aluminum Alloy;
Hikvision White;",1313.88,1905.13,45,HIKVISION SA,Bracket
DS-1271ZJ-120(Black),"Pendent Mount;
Aluminum Alloy;
Hikvision Black;",1313.88,1905.13,45,HIKVISION SA,Bracket
DS-1271ZJ-130,"Pendent Mount for Dome Camera;
Aluminum Alloy;
Hikvision White;",899.37,1304.09,45,HIKVISION SA,Bracket
DS-1271ZJ-130-TRL,"Pendant Mountfor Turret Camera;
Aluminum Alloy;
Hikvision White;",899.37,1304.09,45,HIKVISION SA,Bracket
DS-1271ZJ-135,"Pendent Mount for Dome Camera;
Aluminum Alloy;
Hikvision White;",918.21,1331.4,45,HIKVISION SA,Bracket
DS-1271ZJ-140,Pendent Mount for Dome Cameraqqq;;;Aluminum Alloyqqq;;;Hikvision Whiteqqq;;;,1313.88,1905.13,45,HIKVISION SA,Bracket
DS-1271ZJ-140-DM45,"Pendant Mount;
Aluminum Alloy;
Hikvision White;",1131.74,1641.02,45,HIKVISION SA,Bracket
DS-1271ZJ-DM25,"Pendant Mount for Fisheye Camera;
Aluminum Alloy;
Hikvision White;",1018.7,1477.12,45,HIKVISION SA,Bracket
DS-1271ZJ-DM30-E,"Pendent Mount for Dome Camera;
Aluminum Alloy;
Hikvision White;",2080.1,3016.14,45,HIKVISION SA,Bracket
DS-1271ZJ-DM32,"Pendent Mount for Dome Camera;
Aluminum Alloy;
Hikvision White;",1018.7,1477.12,45,HIKVISION SA,Bracket
DS-1271ZJ-PT10,"Pendent Mount;
Aluminum Alloy;
Hikvision White;",805.16,1167.48,45,HIKVISION SA,Bracket
DS-1297ZJ,"Pendant Mount;
Aluminum Alloy;
Hikvision White;",1018.7,1477.12,45,HIKVISION SA,Bracket
DS-1297ZJ-ES,"Pendent Mount;
Aluminum Alloy;
Hikvision White;",453.45,657.5,45,HIKVISION SA,Bracket
DS-1297ZJ-M,"Pendent Mount;
Aluminum Alloy;
Hikvision White;",955.89,1386.04,45,HIKVISION SA,Bracket
DS-1299ZJ,"Pendent Mount;
Aluminum Alloy;
Hikvision White;",221.07,320.55,45,HIKVISION SA,Bracket
DS-1471ZJ-135,"Pendant Mount;
Aluminum Alloy;
Hikvision White;",1075.22,1559.07,45,HIKVISION SA,Bracket
DS-1471ZJ-155,"Pendant Mount for Dome Camera;
Aluminum Alloy;
Hikvision White;",1194.55,1732.1,45,HIKVISION SA,Bracket
DS-1471ZJ-155(Black),"Pendent Mount;
Aluminum Alloy;
Hikvision Black;",1194.55,1732.1,45,HIKVISION SA,Bracket
DS-1619ZJ-HP2,"Gooseneck Mount;
Steel;
Platinum Gray;",3028.45,4391.25,45,HIKVISION SA,Bracket
DS-1661ZJ-P,"Pendant Mount for Speed Dome;
Aluminum Alloy;
Platinum Gray;",723.51,1049.09,45,HIKVISION SA,Bracket
DS-1663ZJ-P,"Ceiling Mount for Speed Dome;
Aluminum Alloy;
Platinum Gray;",365.52,530.0,45,HIKVISION SA,Bracket
DS-1667ZJ,"Extendable Pendant Mount for PTZ Camera;
Steel;
Hikvision White;",2726.99,3954.14,45,HIKVISION SA,Bracket
DS-1667ZJ-P,"Extendable Pendant Mount for PTZ Camera;
Steel;
Platinum Gray;",2318.76,3362.2,45,HIKVISION SA,Bracket
DS-1668ZJ(20)-P,"Pendant Mount;
Steel;
Platinum Gray;",484.85,703.03,45,HIKVISION SA,Bracket
DS-1668ZJ-P,"Extendable Pendant Mount for PTZ Camera;
Steel;
Platinum Gray;",422.05,611.97,45,HIKVISION SA,Bracket
DS-4612ZJ-PA,Pendant Mount,378.09,548.23,45,HIKVISION SA,Bracket
DS-4612ZJ-PAAC(O-STD),Pendant Mount,654.43,948.92,45,HIKVISION SA,Bracket
DS-4614ZJ-PAAC(O-STD),For Pendant Mount,1075.22,1559.07,45,HIKVISION SA,Bracket
DS-4614ZJ-PA(O-STD),For Pendant Mount,761.2,1103.74,45,HIKVISION SA,Bracket
DS-1691ZJ,"Extendable Pendant Mount for PTZ Camera;
Steel;
Hikvision White;",541.38,785.0,45,HIKVISION SA,Bracket
DS-1691ZJ-L,"Pendant Mount;
Steel;
Hikvision White;",899.37,1304.09,45,HIKVISION SA,Bracket
DS-1691ZJ-M,"Pendant Mount;
Steel;
Hikvision White;",660.71,958.03,45,HIKVISION SA,Bracket
DS-1691ZJ-X,"Pendant Mount;
SUS304;
Natural Stainless Steel Color;",4857.33,7043.13,45,HIKVISION SA,Bracket
DS-1661ZJ(Black),Pendant Mount,597.9,866.95,45,HIKVISION SA,Bracket
DS-1661ZJ-6D,Pendant Mount,1489.73,2160.11,45,HIKVISION SA,Bracket
DS-1694ZJ-X,"Pendant Mount;
SUS304;
Natural Steel Color;",792.6,1149.27,45,HIKVISION SA,Bracket
DS-1696ZJ-X-AC(OS),"anti-corrosion
SUS316L Stainless steel
Silver moon grey
136 mm × 136 mm × 306 mm
1.1 kg",4028.3,5841.03,45,HIKVISION SA,Bracket
DS-1697ZJ-X-AC(OS),"""Anti-corrosion
Silver moon grey
SUS316L Stainless Steel
136 mm × 204.2 mm × 353 mm
1.2 kg“",4518.18,6551.36,45,HIKVISION SA,Bracket
DS-1712ZJ,"Pendant Mount;
SUS304;
Unpainted Stainless Steel;",2513.45,3644.5,45,HIKVISION SA,Bracket
DS-2210ZJ-WA-140,Pendant Mount,1313.88,1905.13,45,HIKVISION SA,Bracket
DS-2664ZJ-P,"Pendent Mount;
Aluminum Alloy;
Platinum Gray;",5460.26,7917.38,45,HIKVISION SA,Bracket
DS-2665ZJ-P,"Column Mount;
ADC12;
Platinum Gray;",1489.73,2160.11,45,HIKVISION SA,Bracket
DS-4610ZJ-GSAC(O-STD),Pendant Mount,8494.99,12317.74,45,HIKVISION SA,Bracket
DS-1214ZJ-AC(OS),"Stainless steel with anti-corrosion surface spray treatment (excluding clamps)
 Adjustable pan angle from 0° to 90°, and tilt angle from 0° to 120°
 Applies to anti-corrosion bullet camera",2965.65,4300.19,45,HIKVISION SA,Bracket
DS-1275ZJ-4626,"Vertical Pole Mount Bracket;
Steel;
Hikvision white;",591.62,857.85,45,HIKVISION SA,Bracket
DS-1275ZJ(SPTZ),"Vertical Pole Mount;
Stainless Steel&Steel;
Hikvision White;",484.85,703.03,45,HIKVISION SA,Bracket
DS-1275ZJ-S-SUS,"Horizontal Pole Mount;
Stainless Steel;
Hikvision White;",660.71,958.03,45,HIKVISION SA,Bracket
DS-1275ZJ-SUS(Black),"Horizontal Pole Mount;
Stainless Steel;
Hikvision Black;",1018.7,1477.12,45,HIKVISION SA,Bracket
DS-1475ZJ-SUS,"Vertical Pole Mount;
Stainless Steel;
Hikvision White;",867.96,1258.54,45,HIKVISION SA,Bracket
DS-1475ZJ-SUS(Black),"Vertical Pole Mount;
Stainless Steel;
Hikvision Black;",867.96,1258.54,45,HIKVISION SA,Bracket
DS-1475ZJ-Y,"Vertical Pole Mount;
Stainless Steel;
Hikvision White;",1552.54,2251.18,45,HIKVISION SA,Bracket
DS-4650ZJ-WSLY(O-STD),"· SUS316L stainless steel material
· Vertical pole mount",3576.11,5185.36,45,HIKVISION SA,Bracket
DS-1602ZJ-BOX-POLE,"Vertical Pole Mount Bracket;
Aluminum Alloy & Steel;
Hikvision white;",2670.46,3872.17,45,HIKVISION SA,Bracket
DS-1602ZJ-pole-P,"Vertical Pole Mount for Speed Dome;
Aluminum Alloy;
Platinum Gray;",899.37,1304.09,45,HIKVISION SA,Bracket
DS-1603ZJ-Pole-P,"Vertical Pole Mount;
Aluminum Alloy, Steel, and Stainless Steel;
Platinum Gray;",1257.35,1823.16,45,HIKVISION SA,Bracket
DS-1684ZJ,"Vertical Pole Mount for PanoVu & Speed Dome;
Stainless Steel;
Hikvision White;",365.52,530.0,45,HIKVISION SA,Bracket
DS-1684ZJ-P,"· Stainless steel and steel material with surface spray treatment
· Made by one piece stainless steel and steel ensures the reliable structure
· Adjustable diameter from 67 mm to 127 mm",409.49,593.76,45,HIKVISION SA,Bracket
DS-4650ZJ-PC,"· For vertical pole mounting
· The clamps are made of carbon steel/stainless steel",1125.46,1631.92,45,HIKVISION SA,Bracket
DS-2115ZJ-P,· Horizontal pole mount,811.44,1176.59,45,HIKVISION SA,Bracket
DS-1276ZJ-P(O-STD),"· For corner mounting
· Add the field view angle of camera",635.59,921.61,45,HIKVISION SA,Bracket
DS-1276ZJ-P-Y(O-STD),"· Corner mount for speed dome
· Stainless steel with anti-corrosion feature
· Platinum gray",1609.06,2333.14,45,HIKVISION SA,Bracket
DS-4660ZJ-PC,"· Corner Mount
· Carbon Steel
· Platinum Gray",1345.28,1950.66,45,HIKVISION SA,Bracket
DS-1258ZJ(Black),"Wall Mount;
ABS+PC;
Hikvision Black;",189.67,275.02,45,HIKVISION SA,Bracket
DS-1258ZJ-L,"Good toughness and strength;
Beautiful design with wire outlet hole;
Coordination with small and nice appearance;",239.91,347.87,45,HIKVISION SA,Bracket
DS-1272ZJ-110B,"Aluminum alloy material with surface spray treatment;
Design of cable entrance hole;
Junction box for better cable arrangement;",805.16,1167.48,45,HIKVISION SA,Bracket
DS-1272ZJ-110B(Black),"Wall Mount;
With Junction Box;
Aluminum alloy;
Hikvision Black;",805.16,1167.48,45,HIKVISION SA,Bracket
DS-1272ZJ-110(Black),"Wall Mount;
Aluminum alloy;
Hikvision Black;",453.45,657.5,45,HIKVISION SA,Bracket
DS-1272ZJ-110-TRS,"Wall Mount;
Aluminum Alloy and Steel;
Hikvision White;",484.85,703.03,45,HIKVISION SA,Bracket
DS-1272ZJ-120B,"Wall Mount Bracket for Mini Dome Camera;
With Junction Box;
Aluminum Alloy;
Hikvision White;",867.96,1258.54,45,HIKVISION SA,Bracket
DS-1273ZJ-130,"Wall Mount;
Aluminum alloy;
Hikvision White;",541.38,785.0,45,HIKVISION SA,Bracket
DS-1273ZJ-130B,"Wall Mounting Bracket for Dome Camera;
With Junction Box;
Aluminum Alloy;
Hikvision White;",981.01,1422.46,45,HIKVISION SA,Bracket
DS-1273ZJ-130B-TRL,"Wall Mount;
With Junction Box;
Aluminum alloy;
Hikvision White;",1075.22,1559.07,45,HIKVISION SA,Bracket
DS-1273ZJ-130-TRL(Black),"Wall Mount;
Aluminum alloy;
Hikvision Black;",597.9,866.95,45,HIKVISION SA,Bracket
DS-1273ZJ-140,"Aluminum alloy material with surface spray treatment;
The outlet hole makes the feature looks better;
Convenient installation coordinating with lower bowl;",541.38,785.0,45,HIKVISION SA,Bracket
DS-1273ZJ-140(BLACK),"· Wall Mount
· Aluminum alloy
· Hikvision Black;",541.38,785.0,45,HIKVISION SA,Bracket
DS-1273ZJ-140B,"Wall Mount;
With Junction Box;
Aluminum alloy;
Hikvision White;",1018.7,1477.12,45,HIKVISION SA,Bracket
DS-1273ZJ-140-DM45,"Wall Mount;
Aluminum alloy;
Hikvision White;",723.51,1049.09,45,HIKVISION SA,Bracket
DS-1273ZJ-160,"Aluminum alloy material with surface spray treatment;
Design with cable entry hole;
Convenient installation coordinating with cap;",899.37,1304.09,45,HIKVISION SA,Bracket
DS-1273ZJ-DM25(M1),"Wall Mount for Dome;
Aluminum Alloy;
Hikvision White;",836.56,1213.01,45,HIKVISION SA,Bracket
DS-1273ZJ-DM26,"Aluminum alloy material with surface spray treatment;
Design of cap is for convenient wiring;",899.37,1304.09,45,HIKVISION SA,Bracket
DS-1273ZJ-DM30-B,"Wall Mount;
With Junction Box;
Aluminum alloy;
Hikvision Black;",1370.4,1987.08,45,HIKVISION SA,Bracket
DS-1273ZJ-DM32,"Wall Mount;
Aluminum alloy;
Hikvision White;",836.56,1213.01,45,HIKVISION SA,Bracket
DS-1273ZJ-PT6,"Wall Mount;
Aluminum alloy;
Hikvision White;",541.38,785.0,45,HIKVISION SA,Bracket
DS-1283ZJ,"Wall Mounting Bracket for Fisheye;
Aluminum Alloy;
Hikvision White;",1313.88,1905.13,45,HIKVISION SA,Bracket
DS-1284ZJ-M-AC3,"anti-corrosive
Stainless steel
Silver moon gray
229 mm × 210 mm × 135 mm
1981 g",8451.02,12253.98,45,HIKVISION SA,Bracket
DS-1292ZJ,"Wall Mount Bracket for Box Camera;
Aluminum alloy;
Hikvision White;",271.32,393.41,45,HIKVISION SA,Bracket
DS-1293ZJ,"Wall Mount;
Aluminum alloy;
Hikvision White;",327.84,475.37,45,HIKVISION SA,Bracket
DS-1293ZJ-P,"Wall Mount;
Aluminum alloy;
Platinum Gray;",334.12,484.47,45,HIKVISION SA,Bracket
DS-1294ZJ,"Wall Mount Bracket for PTZ Camera;
Plastic & Steel;
Hikvision White;",422.05,611.97,45,HIKVISION SA,Bracket
DS-1294ZJ-PT,"Wall Mount;
Plastic and Steel;
Hikvision White;",422.05,611.97,45,HIKVISION SA,Bracket
DS-1294ZJ-TRL,"Wall Mount;
Plastic;
Hikvision White;",484.85,703.03,45,HIKVISION SA,Bracket
DS-1473ZJ-135,"Aluminum alloy with surface spray treatment;
The cable hole design facilitates the cable routing;
The cap design facilitates the installation;",836.56,1213.01,45,HIKVISION SA,Bracket
DS-1473ZJ-135B,"Wall Mount;
With Junction Box;
Aluminum alloy;
Hikvision White;",1018.7,1477.12,45,HIKVISION SA,Bracket
DS-1473ZJ-135(Black),"Wall Mount;
Aluminum alloy;
Hikvision Black;",836.56,1213.01,45,HIKVISION SA,Bracket
DS-1473ZJ-155,"Wall Mount;
Aluminum alloy;
Hikvision White;",836.56,1213.01,45,HIKVISION SA,Bracket
DS-1473ZJ-155B,"Wall Mount;
With Junction Box;
Aluminum alloy;
Hikvision Black;",1552.54,2251.18,45,HIKVISION SA,Bracket
DS-1473ZJ-155B(Black),"Wall Mount;
With Junction Box;
Aluminum alloy;
Hikvision Black;",1552.54,2251.18,45,HIKVISION SA,Bracket
DS-1473ZJ-155(Black),"Wall Mount;
Aluminum alloy;
Hikvision Black;",836.56,1213.01,45,HIKVISION SA,Bracket
DS-1473ZJ-155-Y,"Wall Mount;
ADC12;
Hikvision White;",1552.54,2251.18,45,HIKVISION SA,Bracket
DS-1602ZJ-AKS,"Wall Mount;
alloy;
Hikvision White;",899.37,1304.09,45,HIKVISION SA,Bracket
DS-1602ZJ-P,"Wall Mount for Speed Dome;
Aluminum alloy;
Platinum Gray;",660.71,958.03,45,HIKVISION SA,Bracket
DS-1603ZJ,"Aluminum alloy material with surface spray treatment;
The hook for safety rope facilitates camera’s installation;",773.76,1121.95,45,HIKVISION SA,Bracket
DS-1603ZJ-P,"Wall Mount;
Aluminum alloy;
Platinum Gray;",899.37,1304.09,45,HIKVISION SA,Bracket
DS-1604ZJ-box,"Wall mounting bracket with the junction box;
Aluminum alloy material with surface spray treatment;
Supports bottom outlet and back outlet;
The hook for safety rope facilitates speed dome’s installation;",1791.2,2597.24,45,HIKVISION SA,Bracket
DS-1618ZJ-6D,"Wall Mount;
Aluminum alloy,stainless steel,and silicone rubber;
Hikvision White;",1489.73,2160.11,45,HIKVISION SA,Bracket
DS-1660ZJ,"Parapet Wall Mount;
Aluminum Alloy & Steel;
Hikvision White;",1609.06,2333.14,45,HIKVISION SA,Bracket
DS-1660ZJ-P,"Wall Mount;
Aluminum alloy;
Platinum Gray;",2017.29,2925.07,45,HIKVISION SA,Bracket
DS-1693ZJ,"Wall Mount Bracket for Positioning System;
Steel;
Hikvision White;",3858.73,5595.16,45,HIKVISION SA,Bracket
DS-1693ZJ-S,"Wall Mount Bracket for Positioning System;
Steel & Plastic;
Hikvision White;",955.89,1386.04,45,HIKVISION SA,Bracket
DS-1695ZJ,"Aluminum alloy and Plastic material with surface spray treatment;
Hikvision white;",597.9,866.95,45,HIKVISION SA,Bracket
DS-1695ZJ-X,"Wall Mount;
SUS304;
Natural Steel Color;",911.93,1322.3,45,HIKVISION SA,Bracket
DS-1697ZJ-X,"Wall Mount;
SUS316L;
Natural Steel Color;",2105.22,3052.57,45,HIKVISION SA,Bracket
DS-1697ZJ-Y3(OS),"Anti-corrosion
Silver moon grey
SUS316L
126 mm × 222 mm × 328 mm
2307g",7703.65,11170.29,45,HIKVISION SA,Bracket
DS-1701ZJ,"Anti-Corrosion Wall Mounting Bracket for Box Camera;
Stainless Steel;
Unpainted Stainless Steel;",2802.35,4063.41,45,HIKVISION SA,Bracket
DS-1701ZJ-AC1(OS),"anti-corrosive
Stainless Steel
Silver moon gray
228 mm × 140 mm × 412.5 mm 
3800 g",3858.73,5595.16,45,HIKVISION SA,Bracket
DS-1704ZJ,"Stainless steel;
Adjustable tilt angle from -45° to 45°, and pan angle from -45° to 45°;
Cable hole design facilitates the cable routing;",1408.09,2041.73,45,HIKVISION SA,Bracket
DS-1704ZJ-Y,"Wall Mount for Explosion-Proof Bullet Camera;
SUS316L;
Natural Steel Color;",1810.04,2624.56,45,HIKVISION SA,Bracket
DS-1704ZJ-Y-AC(OS),"""Stainless steel 
anti-corrosive 
silver moon gray
140 mm × 200 mm × 278 mm
2158 g""",2337.6,3389.52,45,HIKVISION SA,Bracket
DS-1705ZJ-DM35,"Formed from one-piece stainless steel for reliable structure;
Anti-corrosion material: 316L stainless steel;
Applicable to coastal area, vessel, chemical factory, etc.;",666.99,967.14,45,HIKVISION SA,Bracket
DS-1705ZJ-DM35-Y3,"Stainless steel 
anti-corrosive 
silver moon gray
180.6 mm × 150 mm × 74 mm 
498 g",1866.56,2706.51,45,HIKVISION SA,Bracket
DS-1707ZJ-E,"Wall Mount;
SUS304;
Natural Stainless Steel Color;",3689.16,5349.28,45,HIKVISION SA,Bracket
DS-1707ZJ-Y,"Adopts the stainless steel structure;
Applied to both indoor conditions, and outdoor conditions;",7163.52,10387.1,45,HIKVISION SA,Bracket
DS-1707ZJ-Y-E,"Wall Mount;
SUS316L;
Natural Steel Color;",4593.55,6660.65,45,HIKVISION SA,Bracket
DS-1707ZJ-Y-AC(OS),"""anti-corrosion
SUS316L Stainless steel
Silver moon grey
562.5 mm × 180 mm × 309 mm
7.02 kg""",9229.8,13383.21,45,HIKVISION SA,Bracket
DS-1713ZJ-Y(SUS316L),"Stainless steel with surface spray treatment;
Applies to both indoor conditions, and outdoor conditions;",7967.43,11552.77,45,HIKVISION SA,Bracket
DS-2102ZJ,"Wall Mount;
Steel;
Hikvision Black;",126.87,183.96,45,HIKVISION SA,Bracket
DS-2200ZJ-WA-140,Wall mount,597.9,866.95,45,HIKVISION SA,Bracket
DS-2202ZJ,"Wall Mount;
Aluminum alloy;
Hikvision Black;",1791.2,2597.24,45,HIKVISION SA,Bracket
DS-2204ZJ-P,"""Natural Stainless Steel Color
413.5*181.9*228.7mm""",1552.54,2251.18,45,HIKVISION SA,Bracket
DS-2601ZJ-P,"Wall Mount;
Aluminum alloy;
Platinum Gray;",2369.0,3435.05,45,HIKVISION SA,Bracket
DS-2702ZJ(OS),"277 mm × 180 mm × 200 mm,Wall mount",1012.41,1467.99,45,HIKVISION SA,Bracket
DS-2924ZJ,"Hik White
Aluminum Alloy
53.5mm × 102mm x 44.7 mm 
253 g
Tilt range: -30°---30°",591.62,857.85,45,HIKVISION SA,Bracket
DS-4604ZJ-PA,"· Wall mount bracket
· Aluminum alloy material
· Platinum Gray",1433.21,2078.15,45,HIKVISION SA,Bracket
DS-4600ZJ-GSAC(O-STD),Wall mount,9336.57,13538.03,45,HIKVISION SA,Bracket
DS-4603ZJ-PA(O-STD),Wall Mount,761.2,1103.74,45,HIKVISION SA,Bracket
DS-4603ZJ-PAAC(O-STD),Wall Mount,1125.46,1631.92,45,HIKVISION SA,Bracket
DS-4603ZJ-WA(O-STD),Wall mount bracket,761.2,1103.74,45,HIKVISION SA,Bracket
DS-1602ZJ-R/B(O-NEU),"· Die-casting aluminum alloys with powder coating on the surface
· Safety rope for easy and safe installation
· Camera connects with the bracket via alarm output interface, and controls the alarm light and buzzer to warn the intruders
· Supports red and blue warning light for strong light within 100 m
· Supports warning audio of up to 50 dB with a built-in buzzer, covering a range of 30 m",2639.06,3826.64,45,HIKVISION SA,Bracket
DS-1661ZJ-R/B(O-NEU),"· Die-casting aluminum alloys with powder coating on the surface
· Safety rope for easy and safe installation
· Camera connects with the bracket via alarm output interface, and controls the alarm light and buzzer to warn the intruders
· Supports red and blue warning light for strong light within 100 m
· Supports warning audio of up to 50 dB with a built-in buzzer, covering a range of 30 m",1791.2,2597.24,45,HIKVISION SA,Bracket
MF1214M-5MP,"Intellignet Traffic Camera Lens;
5MP;",3150.29,4567.92,45,HIKVISION SA,Lens
MF1614M-5MP,"Intellignet Traffic Camera Lens;
5MP;",3150.29,4567.92,45,HIKVISION SA,Lens
MF2514M-5MP,"Intellignet Traffic Camera Lens;
5MP;",3150.29,4567.92,45,HIKVISION SA,Lens
HV0415D-MP,"CCTV Camera Lens;
Auto-Iris;
IR;",2077.59,3012.51,45,HIKVISION SA,Lens
HV1050D-12MPIR,"CCTV Camera Lens;
Auto-Iris;
IR;
12MP;",6892.21,9993.7,45,HIKVISION SA,Lens
HV3816D-8MPIR,"CCTV Camera Lens;
Auto-Iris;
IR;
8MP;",2816.17,4083.45,45,HIKVISION SA,Lens
MV5721D-12MPIR,"CCTV Camera Lens;
Auto-Iris;
IR;
12MP;",7410.98,10745.92,45,HIKVISION SA,Lens
TV0550D-4MPIR,"CCTV Camera Lens;
Auto-Iris;
IR;
4MP;",2969.41,4305.64,45,HIKVISION SA,Lens
HV0880D-12MPIR,"CCTV Camera lens;12MP,IR,8-80mm,F1.6,CS,1/1.7""",9259.95,13426.93,45,HIKVISION SA,Lens
TV2710D-MPIR,"CCTV Camera Lens;
Auto-Iris;
IR;",1041.3,1509.88,45,HIKVISION SA,Lens
HV3816P-8MPIR,"CCTV Camera Lens;
Auto-Iris;
IR;
8MP;",2969.41,4305.64,45,HIKVISION SA,Lens
HD32×15.6R4A-CV1,"Motorized Zoom Lens;
CCTV Camera Lens;",277709.35,402678.56,45,HIKVISION SA,Lens
HD60×16.7R4DE-V21,"Motorized Zoom Lens;
CCTV Camera Lens;",1036765.34,1503309.74,45,HIKVISION SA,Lens
DS-1240ZJ,"Inclined Ceiling Mount;
Aluminum Alloy;
Hikvision White;",365.52,530.0,45,HIKVISION SA,Junction
DS-1259ZJ,"Inclined Ceiling Mount Bracket for Dome Camera;
Plastic;
Hikvision White;",126.87,183.96,45,HIKVISION SA,Junction
DS-1259ZJ(Black),"In-Ceiling Mount;
PC&ABS;
Hikvision Black;",126.87,183.96,45,HIKVISION SA,Junction
DS-1260ZJ,"Junction Box;
Aluminum Alloy;
Hikvision White;",365.52,530.0,45,HIKVISION SA,Junction
DS-1260ZJ(Black),"Junction Box;
Aluminum Alloy;
Hikvision Black;",365.52,530.0,45,HIKVISION SA,Junction
DS-1280ZJ-DE7,"Aluminum alloy material
Applies to the dual-lens network camera",597.9,866.95,45,HIKVISION SA,Junction
DS-1280ZJ-DM18(Black),"Junction Box;
Aluminum Alloy;
Hikvision Black;",277.6,402.52,45,HIKVISION SA,Junction
DS-1280ZJ-DM25(M1),"Junction Box;
Aluminum Alloy;
Hikvision White;",302.72,438.94,45,HIKVISION SA,Junction
DS-1280ZJ-DM45,"Junction Box;
Aluminum Alloy;
Hikvision White;",541.38,785.0,45,HIKVISION SA,Junction
DS-1280ZJ-DM46,"Junction Box;
Aluminum Alloy;
Hikvision White;",365.52,530.0,45,HIKVISION SA,Junction
DS-1280ZJ-DM46(Black),"Junction Box;
Aluminum Alloy;
Hikvision Black;",365.52,530.0,45,HIKVISION SA,Junction
DS-1280ZJ-DM55,"Junction Box;
Aluminum Alloy;
Hikvision White;",484.85,703.03,45,HIKVISION SA,Junction
DS-1280ZJ-DM55(Black),"Junction Box;
Aluminum Alloy;
Hikvision Black;",484.85,703.03,45,HIKVISION SA,Junction
DS-1280ZJ-DM8,"Junction Box;
Aluminum Alloy;
Hikvision White;",239.91,347.87,45,HIKVISION SA,Junction
DS-1280ZJ-DM8(Black),"Junction Box;
Aluminum Alloy;
Hikvision Black;",239.91,347.87,45,HIKVISION SA,Junction
DS-1280ZJ-M,"Junction Box;
Aluminum Alloy;
Hikvision White;",541.38,785.0,45,HIKVISION SA,Junction
DS-1280ZJ-M(SPTZ),"Junction Box;
Aluminum Alloy;
Hikvision White;",566.5,821.42,45,HIKVISION SA,Junction
DS-1280ZJ-PT3,"Junction Box;
Plastics;
Hikvision White;",271.32,393.41,45,HIKVISION SA,Junction
DS-1280ZJ-PT6,"Junction Box;
Aluminum Alloy;
Hikvision White;",390.65,566.44,45,HIKVISION SA,Junction
DS-1280ZJ-S,"Junction Box;
Aluminum Alloy;
Hikvision White;",541.38,785.0,45,HIKVISION SA,Junction
DS-1280ZJ-S(Black),"Junction Box;
Aluminum Alloy;
Hikvision Black;",541.38,785.0,45,HIKVISION SA,Junction
DS-1280ZJ-S-428C-ACY,Aluminum Alloy,1024.98,1486.22,45,HIKVISION SA,Junction
DS-1280ZJ-SD11,"Junction Box for 4-inch PTZ Camera;
Aluminum Alloy;
Hikvision White;",365.52,530.0,45,HIKVISION SA,Junction
DS-1280ZJ-TR12,"Junction Box;
Aluminum Alloy;
Hikvision White;",484.85,703.03,45,HIKVISION SA,Junction
DS-1280ZJ-TR13,"Junction Box;
Aluminum Alloy;
Hikvision White;",453.45,657.5,45,HIKVISION SA,Junction
DS-1280ZJ-XS,"Junction Box;
Aluminum Alloy;
Hikvision White;",334.12,484.47,45,HIKVISION SA,Junction
DS-1280ZJ-XS(Black),"Junction Box;
Aluminum Alloy;
Hikvision Black;",334.12,484.47,45,HIKVISION SA,Junction
DS-1281ZJ-DM23,"Inclined Ceiling Mount Bracket for Dome Camera;
Aluminum Alloy;
Hikvision White;",271.32,393.41,45,HIKVISION SA,Junction
DS-1281ZJ-DM25,"Inclined Ceiling Mount Bracket for Dome Camera;
Aluminum Alloy;
Hikvision White;",302.72,438.94,45,HIKVISION SA,Junction
DS-1281ZJ-DM27,"Inclined Ceiling Mount Bracket for Dome Camera;
Aluminum Alloy;
Hikvision White;",95.46,138.42,45,HIKVISION SA,Junction
DS-1281ZJ-DM45,"Inclined Ceiling Mount Bracket for Dome Camera;
Aluminum Alloy;
Hikvision White;",302.72,438.94,45,HIKVISION SA,Junction
DS-1281ZJ-M,"Inclined Ceiling Mount Bracket for Dome Camera;
Aluminum Alloy;
Hikvision White;",541.38,785.0,45,HIKVISION SA,Junction
DS-1281ZJ-M(Black),"In-Ceiling Mount;
Aluminum Alloy;
Hikvision Black;",541.38,785.0,45,HIKVISION SA,Junction
DS-1281ZJ-S,"Inclined Ceiling Mount Bracket for Dome Camera;
Aluminum Alloy;
Hikvision White;",509.98,739.47,45,HIKVISION SA,Junction
DS-1284ZJ-M,"Junction Box;
Stainless steel 316L;
Stainless steel color;",5253.0,7616.85,45,HIKVISION SA,Junction
DS-1674ZJ,"Power Box;
Aluminum Alloy;
Hikvision White;",2494.61,3617.18,45,HIKVISION SA,Junction
DS-1674ZJ-P,"· With cable outlet(s)
· Applies to both indoor conditions and outdoor conditions",2588.82,3753.79,45,HIKVISION SA,Junction
DS-1678ZJ,"Terminal Box;
Aluminum alloy;
Hikvision white;",3084.98,4473.22,45,HIKVISION SA,Junction
DS-2280ZJ-WA120(O-NEU),"Junction Box
Aluminum Alloy
Hikvision White",365.52,530.0,45,HIKVISION SA,Junction
DS-2280ZJ-WA140(O-NEU),· Junction box,541.38,785.0,45,HIKVISION SA,Junction
DS-2280ZJ-WA160(O-NEU),"· Junction Box
· Aluminum Alloy
· Hikvision White;",560.22,812.32,45,HIKVISION SA,Junction
DS-2290ZJ-WA160(O-NEU),"· Junction Box
· Aluminum Alloy
· Hikvision White;",685.83,994.45,45,HIKVISION SA,Junction
DS-2780ZJ-X(OS)(O-STD)/316L,Stainless steel 316L with anti-corrosion surface spray treatment,19206.99,27850.14,45,HIKVISION SA,Junction
DS-1330HZ,"Indoor Housing;
IP54;
Composite fiber;",541.38,785.0,45,HIKVISION SA,Housing
DS-1332HZ,"Indoor Housing;
IP54;
Main: aluminum alloy;
Window: glass;",1075.22,1559.07,45,HIKVISION SA,Housing
DS-1331HZ-B(O-STD),"""Built-in fan 
No heater. Fan normally open.
IK10
465.4 mm × 169.2 mm × 160 mm """,6818.1,9886.25,45,HIKVISION SA,Housing
DS-1331HZ-C,"Outdoor Housing;
IP67;
With fan;
suitable for high temperature environment;",2613.94,3790.21,45,HIKVISION SA,Housing
DS-1331HZ-CI,"Outdoor Housing;
IP67;
IK10;
With fan;
suitable for high temperature environment;",2902.84,4209.12,45,HIKVISION SA,Housing
DS-1331HZ-H,"Outdoor Housing;
IP67;
Contain heater, fan;
suitable for high temperature environment;",3204.3,4646.23,45,HIKVISION SA,Housing
DS-1331HZ-HW,"Outdoor Housing;
IP67;
With heater, fan, wiper;
suitable for high temperature environment;",3858.73,5595.16,45,HIKVISION SA,Housing
DS-1331HZ-R,"Heat-Resistant Outdoor Housing;
IP 66;
Main: aluminum alloy;",6818.1,9886.25,45,HIKVISION SA,Housing
DS-2FM2466,Alarm IO Hub,8077.96,11713.04,45,HIKVISION SA,Alarm IO Hub
DS-3WR3X-1(STD),"USB Wifi Dongle，Wi-Fi 6，
● Drive-free installation, plug and play
● Compatible and adaptable with Hikvision DVR （*Not supporting wireless access to IP Camera ）",138.17,200.35,45,HIKVISION SA,DVR WIFI Dongle
DS-52EX01HI-4K(STD),"1.Up to 4K resolution and stable 120 m long-distance transmission
2. Compatible with major video recorders in the market
3.Plug-and-play, synchronous transmission of video and audio
4.No latency in video image, extraordinary user experience",2125.32,3081.71,45,HIKVISION SA,HDMI Extender
DS-TF256G-L2,DS-TF256G-L2,491.13,712.14,45,HIKVISION SA,Surveillance SD Card
DS-TF512G-L2,DS-TF512G-L2,1078.99,1564.54,45,HIKVISION SA,Surveillance SD Card
32ch,"1. Pre-installed win 10 operating system and hikcentral profession software， plug and play
2. Pre-activated 32ch video channe & 4 access contrrl by default
Can be expanded to 128ch video channels  (Including ANPR Cameras and facial camera） and 16ch access control (Including Doors and Outdoor Station)",33186.1,48119.84,45,HIKVISION SA,VMS
32ch,i5-12500/8GB×2/1TB SSD×1/1GbE×1/300W/Win 10 IoT/3 years PSP,39378.66,57099.06,45,HIKVISION SA,VMS
32ch,i7-12700/8GB×2/1TB SSD×1/1GbE×1/300W/Win 10 IoT/3 years PSP,47259.41,68526.14,45,HIKVISION SA,VMS
64ch,E-2434×1/16GB DDR5*1/2T 7.2K SATA×2(RAID_1)/1GbE×2/600W(Dual power)/1U/No DVD/win Svr 2019 Std/3 years PSP,96749.66,140287.01,45,HIKVISION SA,VMS
300h,E-2434×1/16GB DDR5*1/2T 7.2K SATA×2(RAID_1)/1GbE×2/600W(Dual power)/1U/No DVD/win Svr 2019 Std/3 years PSP,176965.3,256599.68,45,HIKVISION SA,VMS
"i5-12500
8GB×2",i5-12500/8GB×2/1TB SSD×1/1GbE×1/300W/Win 10 IoT/3 years PSP,24325.59,35272.11,45,HIKVISION SA,VMS
"i7-12700
8GB×2",i7-12700/8GB×2/1TB SSD×1/1GbE×1/300W/Win 10 IoT/3 years PSP,31752.89,46041.69,45,HIKVISION SA,VMS
E-2434,E-2434×1/16GB DDR5*1/2T 7.2K SATA×2(RAID_1)/1GbE×2/600W(Single power)/R360/1U/No DVD/winserver 2019/3 years PSP,71328.76,103426.7,45,HIKVISION SA,VMS
E-2434,E-2434×1/16GB DDR5*1/2T 7.2K SATA×2(RAID_1)/1GbE×2/600W(Dual power)/1U/No DVD/win Svr 2019 Std/3 years PSP,74986.51,108730.44,45,HIKVISION SA,VMS
E-2434,E-2434×1/16GB DDR5*1/2T 7.2K SATA×2(RAID_1)/1GbE×2/600W(Dual power)/1U/No DVD/win Svr 2022 Std/5 years PSP,84129.65,121987.99,45,HIKVISION SA,VMS
E-2434,E-2434×1/16GB DDR5*1/960G SATA SSD*2(RAID_1)/2T 7.2K SATA×2(RAID_1)/1GbE×2/600W(Dual power)/1U/No DVD/win Svr 2022 Std/5 years PSP,105345.13,152750.44,45,HIKVISION SA,VMS
4410T,4410T×1/32GB×1/2TB 7.2K SATA×2(RAID_1)/SAS_H355/1 GbE×6/800W(Dual power)/win Svr 2022 Std/DVD/3 years PSP,129854.11,188288.46,45,HIKVISION SA,VMS
4410T,4410T×1/32GB×1/960GB SSD×2(RAID_1)/2TB 7.2K SATA×2(RAID_1)/SAS_H355/1 GbE×6/800W(Dual power)/win Svr 2022 Std/DVD/5 years PSP,160211.48,232306.65,45,HIKVISION SA,VMS
4410T,4410T×2/32GB×2/960GB SSD×2(RAID_1)/2TB 7.2K SATA×2(RAID_1)/H355/1 GbE×2+10 GbE x 2/800W(Dual power)/win Svr 2022 Std/DVD/5 years PSP,199351.48,289059.65,45,HIKVISION SA,VMS
Monthly,"Video Service
Prerequisite: NA
Warranty: NA
Supported:
—Validity Period: 1 Month
—Video Surveillance: 1 Channel Video Management.
—Others: Alarm management, Health monitoring, Archive management, Maintemance, GIS MAP.
Additional: Sold by license",40.2,58.29,45,HIKVISION SA,VMS
Yearly,"Video Service
Prerequisite: NA
Warranty: NA
Supported:
—Validity Period: 12 Months
—Video Surveillance: 1 Channel Video Management.
—Others: Alarm management, Health monitoring, Archive management, Maintemance, GIS MAP.
Additional: Sold by license",226.1,327.84,45,HIKVISION SA,VMS
Yearly,"Video Service Prerequisite: NA Warranty: NA Supported: —Validity Period: 36 Months —Video Surveillance: 1 Channel Video Management. —Others: Alarm management, Health monitoring, Archive management, Maintemance, GIS MAP. Additional: Sold by license",636.84,923.42,45,HIKVISION SA,VMS
Yearly,"Video Service Prerequisite: NA Warranty: NA Supported: —Validity Period: 60 Months —Video Surveillance: 1 Channel Video Management. —Others: Alarm management, Health monitoring, Archive management, Maintemance, GIS MAP. Additional: Sold by license",1003.62,1455.25,45,HIKVISION SA,VMS
Yearly,"Timelapse Prerequisite: NA Warranty: NA Supported: —Validity Period: 1 Year —Timelapse: Store snapshots of camera in HC Team for 365 days, Cycle coverage 365 days snapshots within 1 year, including 1 Video License for 1 Year. —Others: Generate Timelapse MP4 video automatically and by schedule. When License expired, users have extra one month to generate last 365 days timelpase. Additional: Sold by license",4228.02,6130.63,45,HIKVISION SA,VMS
Yearly,"Timelapse Prerequisite: NA Warranty: NA Supported: —Validity Period: 2 Year —Timelapse: Store snapshots of camera in HC Team for 730 days, Cycle coverage 730 days snapshots within 2 years, including 1 Video License for 2 Year. —Others: Generate Timelapse MP4 video automatically and by schedule. When License expired, users have extra one month to generate last 730 days timelpase. Additional: Sold by license",15296.76,22180.3,45,HIKVISION SA,VMS
Yearly,"Timelapse Prerequisite: NA Warranty: NA Supported: —Validity Period: 3 Year —Timelapse: Store snapshots of camera in HC Team for 1095 days, Cycle coverage 1095 days snapshots within 3 years, including 1 Video License for 3 Year. —Others: Generate Timelapse MP4 video automatically and by schedule. When License expired, users have extra one month to generate last 1095 days timelpase. Additional: Sold by license",30592.26,44358.78,45,HIKVISION SA,VMS
Monthly,"Video Service Prerequisite: NA Warranty: NA Supported: —Validity Period: 1 month —BI report:  1) Support heat mapping reports, display heat mapping data by camera and global, and can filter the threshold of people stayed number and Dwell time;  2)  Support people counting reports, display people counting data, and can count according to day, week, month, year, and custom duration;  Additional: Sold by license",280.11,406.16,45,HIKVISION SA,VMS
Yearly,"Video Service Prerequisite: NA Warranty: NA Supported: —Validity Period: 1 year —BI report:  1) Support heat mapping reports, display heat mapping data by camera and global, and can filter the threshold of people stayed number and Dwell time;  2)  Support people counting reports, display people counting data, and can count according to day, week, month, year, and custom duration;  Additional: Sold by license",2786.02,4039.73,45,HIKVISION SA,VMS
Monthly,"Event Based Cloud Storage Video Service
Prerequisite: NA
Warranty: NA
Supported:
—Validity Period: 1 Month
—Video Surveillance: 1 Channel Video Management, including 7days cloud storage with event recording. Motion dection, line crossing dection, instrusion dection supported.
—Event recording resolution up to 1080p, 15 fps.
—Others: Alarm management, Smart Video Search, Health monitoring, Archive management, Maintemance, GIS MAP.
Additional: Sold by license",84.16,122.03,45,HIKVISION SA,VMS
Monthly,"Event Based Cloud Storage Video Service
Prerequisite: NA
Warranty: NA
Supported:
—Validity Period: 1 Month
—Video Surveillance: 1 Channel Video Management, including 30days cloud storage with event recording. Motion dection, line crossing dection, instrusion dection supported.
—Event recording resolution up to 1080p, 15 fps.
—Others: Alarm management, Smart Video Search, Health monitoring, Archive management, Maintemance, GIS MAP.
Additional: Sold by license",204.74,296.87,45,HIKVISION SA,VMS
Yearly,"Event Based Cloud Storage Video Service
Prerequisite: NA
Warranty: NA
Supported:
—Validity Period: 12 Months
—Video Surveillance: 1 Channel Video Management, including 7days cloud storage with event recording. Motion dection, line crossing dection, instrusion dection supported.
—Event recording resolution up to 1080p, 15 fps.
—Others: Alarm management, Smart Video Search, Health monitoring, Archive management, Maintemance, GIS MAP.
Additional: Sold by license",817.72,1185.69,45,HIKVISION SA,VMS
Yearly,"Event-Based Cloud Storage Video Service
Prerequisite: NA
Warranty: NA
Supported:
—Validity Period: 12 Months
—Video Surveillance: 1 Channel Video Management, including 30days cloud storage with event recording. Motion dection, line crossing dection, instrusion dection supported.
—Event recording resolution up to 1080p, 15 fps.
—Others: Alarm management, Smart Video Search, Health monitoring, Archive management, Maintemance, GIS MAP.
Additional: Sold by license",2037.39,2954.22,45,HIKVISION SA,VMS
Yearly,"Event-Based Cloud Storage Video Service
Prerequisite: NA
Warranty: NA
Supported:
—Validity Period: 12 Months
—Video Surveillance: 1 Channel Video Management, including 90days cloud storage with event recording. Motion dection, line crossing dection, instrusion dection supported.
—Event recording resolution up to 1080p, 15 fps.
—Others: Alarm management, Smart Video Search, Health monitoring, Archive management, Maintemance, GIS MAP.
Additional: Sold by license",3969.27,5755.44,45,HIKVISION SA,VMS
Yearly,"Event-Based Cloud Storage Video Service
Prerequisite: NA
Warranty: NA
Supported:
—Validity Period: 12 Months
—Video Surveillance: 1 Channel Video Management, including 180days cloud storage with event recording. Motion dection, line crossing dection, instrusion dection supported.
—Event recording resolution up to 1080p, 15 fps.
—Others: Alarm management, Smart Video Search, Health monitoring, Archive management, Maintemance, GIS MAP.
Additional: Sold by license",5574.56,8083.11,45,HIKVISION SA,VMS
Yearly,"Event-Based Cloud Storage Video Service
Prerequisite: NA
Warranty: NA
Supported:
—Validity Period: 12 Months
—Video Surveillance: 1 Channel Video Management, including 365days cloud storage with event recording. Motion dection, line crossing dection, instrusion dection supported.
—Event recording resolution up to 1080p, 15 fps.
—Others: Alarm management, Smart Video Search, Health monitoring, Archive management, Maintemance, GIS MAP.
Additional: Sold by license",8935.88,12957.03,45,HIKVISION SA,VMS
Monthly,"On-Board Monitoring Service
Prerequisite: NA
Warranty: NA
Supported:
—Validity Period: 1 Month
—On-Board Monitoring: 1 Mobile Device  Management
—Others: Real-time location on GIS MAP, Vehicles tracking, Route playback, Live view and playback, Alarm management, Health monitoring, Archive management, Maintemance.
Additional: Sold by license",69.09,100.18,45,HIKVISION SA,VMS
Yearly,"On-Board Monitoring Service
Prerequisite: NA
Warranty: NA
Supported:
—Validity Period: 12 Months
—On-Board Monitoring: 1 Mobile Device  Management
—Others: Real-time location on GIS MAP, Vehicles tracking, Route playback, Live view and playback, Alarm management, Health monitoring, Archive management, Maintemance.
Additional: Sold by license",728.54,1056.38,45,HIKVISION SA,VMS
Monthly,"Alarm Detection Service
Prerequisite: NA
Warranty: NA
Supported:
—Validity Period: 1 Months
—Alarm Detection: 1 Alarm Device Management
—Others: Arming/Disarming Control with Alarm Panel, etc.
Additional: Sold by license",86.67,125.67,45,HIKVISION SA,VMS
Yearly,"Alarm Detection Service
Prerequisite: NA
Warranty: NA
Supported:
—Validity Period: 12 Months
—Alarm Detection: 1 Alarm Device Management
—Others: Arming/Disarming Control with Alarm Panel, etc.
Additional: Sold by license",837.82,1214.84,45,HIKVISION SA,VMS
Yearly,"Access Control & Time Attendance Service
Prerequisite: NA
Warranty: NA
Supported:
—Validity Period: 1 Year
—Access Control& Time Attendance: 1 Door Management
—Others: person management, access authority management, device management, remote door control, bluetooth door opening, attendance schedule setting, attendance report, Touch-free access,leave and attendance application,etc.
Additional: Sold by license",226.1,327.84,45,HIKVISION SA,VMS
Yearly,"Access Control & Time Attendance Service
Prerequisite: NA
Warranty: NA
Supported:
—Validity Period: 1 Year
—Access Control& Time Attendance: 5 Doors Management
—Others: person management, access authority management, device management, remote door control, bluetooth door opening, attendance schedule setting, attendance report, Touch-free access,leave and attendance application,etc.
Additional: Sold by license",1061.4,1539.03,45,HIKVISION SA,VMS
Yearly,"Access Control & Time Attendance Service
Prerequisite: NA
Warranty: NA
Supported:
—Validity Period: 1 Year
—Access Control& Time Attendance: 10 Doors Management
—Others: person management, access authority management, device management, remote door control, bluetooth door opening, attendance schedule setting, attendance report, Touch-free access,leave and attendance application,etc.
Additional: Sold by license",2005.99,2908.69,45,HIKVISION SA,VMS
Yearly,"Intercome Service
Prerequisite: NA
Warranty: NA
Supported:
—Validity Period: 12 Months
—Video Intercom: 1 Room Management (with 6 members/APP per room)
—Others:  device management, two-way voice intercom, remote door control, call records management, temporary access management, APP calling, etc.
Additional: Sold by license",141.94,205.81,45,HIKVISION SA,VMS
Yearly,"ANPR (Automatic Number Plate Recognition) Monthly Subscription Service Prerequisite: N.A Description: This license enables advanced vehicle management and monitoring through ANPR technology. It includes centralized license plate management, real-time vehicle reporting, and 1-channel unlimited video preview for continuous monitoring. Additionally, it supports remote barrier control via mobile phone, enhancing operational efficiency and security. Key features: License Plate Management: Manage license plates, vehicle lists, owner details, and validity periods. Vehicle Reporting: Generate detailed reports including entry/exit time, speed, direction, type, color, brand, and region. 1-Channel Unlimited Video Preview: Provides real-time, unrestricted video monitoring. Remote Barrier Control: Open gates remotely via mobile phone. Ideal for gated communities, parking lots, and industrial sites, this license streamlines vehicle access and enhances security.",158.27,229.49,45,HIKVISION SA,VMS
Yearly,"ANPR (Automatic Number Plate Recognition) Annual Subscription Service Prerequisite: N.A Description: This license enables advanced vehicle management and monitoring through ANPR technology. It includes centralized license plate management, real-time vehicle reporting, and 1-channel unlimited video preview for continuous monitoring. Additionally, it supports remote barrier control via mobile phone, enhancing operational efficiency and security. Key features: License Plate Management: Manage license plates, vehicle lists, owner details, and validity periods. Vehicle Reporting: Generate detailed reports including entry/exit time, speed, direction, type, color, brand, and region. 1-Channel Unlimited Video Preview: Provides real-time, unrestricted video monitoring. Remote Barrier Control: Open gates remotely via mobile phone. Ideal for gated communities, parking lots, and industrial sites, this license streamlines vehicle access and enhances security.",1532.44,2222.04,45,HIKVISION SA,VMS
One Time Payment,"Customization Service
Prerequisite: at least 2,000 cameras
Warranty: NA
Supported:
—Validity Period: will be kept in Cloud Baseline.
—Service Description: Provide Customization Service in Cloud. Features like OEM, SSO Login system etc. In principle, no customization for cloud service, but if must, Hikvision will evaluate very carefully.
—How to Pay: Hikvision will evaluate the customization function workload, for example, one function will take 10 R&D per day to develop the function, customer should buy 10 pieces of this license.
—Others: for each customization, Hikvision will evaluate the requirement case by case. 
Additional: Sold by license",27877.83,40422.85,45,HIKVISION SA,VMS
Yearly,Customized Client Maintenance /year/APP,127053.01,184226.86,45,HIKVISION SA,VMS
Base license,"Video Surveillance Base package – Including all fundamental features of video surveillance system, providing the prerequisite when Stand-alone use Entrance & Exit, UVSS, video intercom, Facial Recognition or any other application modules.Supported:2 years free SUP, Main/Auxiliary Storage, Alarm Management, Google Map, Evidence Management, Running on Virtual Machine, 100 Users Logged In Simultaneously, Heath Monitoring/History Maintenance Data, Client Operation (e.g. Visual Tracking, Custom Window Division),etc.",849.12,1231.22,45,HIKVISION SA,VMS
Base license,"Video Surveillance Base package 
Warranty: 3years SUP
Supported:
-Alarm System:Alarm Management supported;
-Video Surveillance: 16 Channel Video Management , monitoring supported, visual tracking supported, 
-Others: 64 storage server,open API supported, health monitoring supported, GIS supported, evidence supported;
Additional: none.",9296.38,13479.75,45,HIKVISION SA,VMS
Base license,"Delivery III, HikCentral video surveillance base package -hardware mode- which includes preinstalled all fundamental features of video surveillance system, 64 cameras manageable",33660.9,48808.31,45,HIKVISION SA,VMS
Base license,"Delivery III, HikCentral video surveillance base package -hardware mode- which includes preinstalled all fundamental features of video surveillance system, 300 cameras manageable",129497.38,187771.2,45,HIKVISION SA,VMS
Add-on license,"Automatic Number Plate Reognition Camera Expansion package
Prerequisite: Video Surveillance Base package
Warranty:none
Supported:
-Video Surveillance:1 ANPR camera manageable and video management supported;
Additional: none.",2332.57,3382.23,45,HIKVISION SA,VMS
Add-on license,"Delivery I,  1 camera connection.",586.6,850.57,45,HIKVISION SA,VMS
Add-on license,"Video Surveillance Expand package
Prerequisite: Video Surveillance Base package
Warranty: None
Supported:
-Cameras import from HPC and provide P2P connections.",1124.21,1630.1,45,HIKVISION SA,VMS
Add-on license,"Video Surveillance Expansion package Prerequisite: Video Surveillance Base package Warranty: none Supported:  -1 Third-Party camera management, support live view, playback, alarm, etc.  -Including 1 channel video surveillance.  -Cameras or video recorders from Dahua, Axis, and Hanwha are supported.  -ONVIF Profile S supported  -No need more VSS-1ch",960.91,1393.32,45,HIKVISION SA,VMS
Add-on license,"IP Speaker Expansion package
Prerequisite:Video Surveillance Base package 
Supported: 1 IP Speaker manageable.",586.6,850.57,45,HIKVISION SA,VMS
Module license,"AcuSeek Intelligent Expansion package
  Prerequisite: Video Surveillance Base package or Access control Base package
  Warranty: none
 Supported:
 - Video Surveillance: 4-ch Video Management
 - Facial & Human Body Recognition: 4-ch face comparison, human attribute retrieval, Archive Search
 - Cross-device natural language search (Device supports LLM)
 - Natural language search of Access Control & Visitor Records, Parking Records and ANPR Records (On the condition of corresponding licenses, Needs internet platform supports cloud LLM).",11529.72,16718.09,45,HIKVISION SA,VMS
Add-on license,"AcuSeek device Expansion package;
Prerequisite:Video Surveillance Base package;
Warranty:none;
Supported:;
-1 AcuSeek Camera Management; 
-Video Surveillance: 1-ch Video Management; 
-Facial & Human Body Recognition: 1-ch face comparison, human attribute retrieval, Archive Search;",2882.74,4179.97,45,HIKVISION SA,VMS
Base license,"Access Control Base package
Warranty: 3 years SUP
Supported: 
-Alarm System: Alarm Management supported;
-Access Control: 0 door management;
-Others: 64 storage server ,open API supported, health monitoring supported, GIS supported, evidence supported;
Additional: none.
Additional: Access control permission management, Real-time door status & event mornitoring, Advanced door control management, etc.",960.91,1393.32,45,HIKVISION SA,VMS
Base license,"Delivery I, HikCentral access control base package - which includes prerequisites for door expanding,  all fundamental features of ACS and 2 doors manageable.",2445.62,3546.15,45,HIKVISION SA,VMS
Base license,"New! Delivery I, HikCentral access control base package - which includes prerequisites for door expanding,  all fundamental features of ACS and 16 doors manageable.",2906.61,4214.58,45,HIKVISION SA,VMS
Add-on license,"Delivery I,  1  door manageable",586.6,850.57,45,HIKVISION SA,VMS
Module license,"Smart Wall Module package - including all functions of Smart Wall module without resourse limitation.Prerequisite:Video Surveillance Base package.Supported:Decoder&Controller&Keyboard management, Mutiple smart walls management, Grapic Card video wall management，Camera live view/playback/alarm linkage on video wall, Spanning/Roaming window,View scedule,etc.",5626.06,8157.79,45,HIKVISION SA,VMS
Module license,"Entrance & Exit Module Expansion package- including all functions of Entrance & Exit module.Prerequisite: Video Surveillance Base package.Supported: Basic functions of Entrance & Exit management（e.g. Display Screen, Calling Center from Video Intercom device, Access Control with Access Control devices, Barrier control），Full-featured management of 2 ANPR cameras, Entrance & Exit rule management, Entrance & Exit monitoring and operation, Vehicle list management, Overstated/Park in Forbidden period alarm, etc.",7233.87,10489.11,45,HIKVISION SA,VMS
Add-on license,"Lane Expansion Package.
Prerequisite: Entrance & Exit Module Expansion Package.
Supported: 1 lane and 1 ANPR camera manageable.",5825.78,8447.38,45,HIKVISION SA,VMS
Add-on license,"Parking Space Expansion Package
Prerequisite: Entrance & Exit Module Expansion Package.
Supported: 1 parking space manageable.",419.54,608.33,45,HIKVISION SA,VMS
Module license,"Parking Charging Module Expansion Package
Prerequisite: Entrance & Exit Module Expansion Package.
Supported: Charging Rule, Paper Coupon, Recharge, Center or Booth Charging, Charging Record Retrieval, Revenue and Expenditure Statistical Analysis Report, etc.",52391.83,75968.15,45,HIKVISION SA,VMS
Module license,"Parking Lot Analysis Module Expansion Package
Prerequisite: Entrance & Exit Module Expansion Package.
Supported: Parking lot operation analysis report, including real-time parking statistics, parking occupancy, parking time distribution, in/out flow, etc.",5825.78,8447.38,45,HIKVISION SA,VMS
Add-on license,Prerequisite: Entrance & Exit Module Expansion Package.  Supported: 1 Vehicle Inquiry Terminal manageable.  Remark: Up to 16 Vehicle Inquiry Terminal devices can be managed by each HikCentral Professional server.,2704.38,3921.35,45,HIKVISION SA,VMS
Module license,"Time and Attendance Module Expansion package - including all functions of time and attendance module.Prerequisite:Access Control Base package.Supported:Shift management,Attendance report,Attendence records and handing,Synchronize data to Third-Party Database,etc.",14492.85,21014.63,45,HIKVISION SA,VMS
Module license,"Visitor Management Module Expansion package - including all functions of visitor management module.Prerequisite:Access Control Base package.Supported:Visitor registration, Access permission assignation, Visitor log search,etc.",5780.56,8381.81,45,HIKVISION SA,VMS
Add-on license,"Elevator Control Module Expansion package- including all functions of elevator control module.Prerequisite:Access Control Base package.Supported:Elevator control configuration, Elevator event & alarm receive and search, Elevator operation,etc.",14492.85,21014.63,45,HIKVISION SA,VMS
Add-on license,Video Intercom Indoor Station Expansion package.Prerequisite:Video Intercom Module Expansion package.Supported: 1 indoor station manageable.,146.96,213.09,45,HIKVISION SA,VMS
Add-on license,"Video Intercom Outdoor Station Expansion package
Prerequisite:Access Control Base package
Warranty:none
Supported: 
-Access Control: 1 door manageable
-Video Intercom: 1 outdoor station manageable.;
Additional: Answering calls, Notice applying",670.76,972.6,45,HIKVISION SA,VMS
Add-on license,"Temperature&Mask Module Expansion Package- including all functions related to skin-surface temperature detection and Mask detection
Prerequisite:Video Base package or Access Control Base package 
Supported: Temperature&Mask detection, Statistics and Evidencing Records,etc.",1455.82,2110.94,45,HIKVISION SA,VMS
Base license,"Digital Signage Base package
Warranty:3 years SUP
Supported:
-DigitalSignage:support creat program(including picture, video and audio), setting display schedule and provide abundant programe templates.
-Centralized Device Control;including sending combined commands,App management and remote configuration.
Additional: Max 5 terminals manageable.Only supported digital signage terminal and interactive flat panel",3333.68,4833.84,45,HIKVISION SA,VMS
Add-on license,Terminal Expansion packagePrerequisite:Digital Signage Base packageSupported:1 terminal manageable,878.01,1273.11,45,HIKVISION SA,VMS
Add-on license,"Centralized Device Control Expansion package;
Prerequisite:Video Base package ;
Warranty:none;
 Supported:;
-Centralized Device Control :Support 1 terminal of commercial display device to centralized control, including sending combined commands, App management and remote configuration. ;
Additional: only supported digital signage terminal and interactive flat panel",501.18,726.71,45,HIKVISION SA,VMS
Module license,"Digital Signage Expansion package
Prerequisite:Digital Signage base;
Warranty:none;
Supported: 
-Digital Signage:Support third-party dynamic content display, including dynamic picture,text and chart.",5770.51,8367.24,45,HIKVISION SA,VMS
Add-on license,"Guard patrol module Expansion package
Prerequisite: Access Control Base Package
Warranty：none
Supported： 
- Acccess Control：guard patrol supported； 
Additional：Various patrol methods (face/card), basic configuration (patrol point / patrol group etc.), visual patrol route and plan arrangement, real-time monitoring, patrol alarm, realtime patrol abnormal report, patrol reports, dashboard",14845.82,21526.44,45,HIKVISION SA,VMS
Add-on license,"Mustering module Expansion package
Prerequisite: Access Control Base Package
Warranty:none
Supported: 
—Acccess Control:mustering supported；
Additional：Emergency response plan configuration (entrance/exit/mustering points, doors on escape routes, emergency counting group), emergency trigger(automatical, manual), roll call.",14555.66,21105.71,45,HIKVISION SA,VMS
Add-on license,"Alarm System Module Expansion package
Prerequisite:Video Surveillance Base package
Warranty:none
Supported: 
-Alarm System: 1 security alarm panel device manageable;
Additional: Arming/Disarming Control,etc.",1001.11,1451.61,45,HIKVISION SA,VMS
Add-on license,"Alarm System Module Expansion package
Prerequisite:Video Surveillance Base package
Warranty:none
Supported: 
-Alarm System: 1 emergency alarm device manageable;
Additional: Arming/Disarming Control, Answering calls, etc.",1327.7,1925.16,45,HIKVISION SA,VMS
Add-on license,"Radar Unit Expansion package - including all functions of Radar module and 1 Radar manageble.Prerequisite:Video Surveillance Base package.Supported:Radar calibration, Set linkage bewteen doom & radar, Receive event & alarm from radar, Show people's trajectories on the map,etc.",1426.93,2069.05,45,HIKVISION SA,VMS
Add-on license,"Type:Fire Detection Expand 
Prerequisite::Video Surveillance Base package
Warranty:none 
Supported:
 -Fire Detection:1 detector manageable",57.78,83.78,45,HIKVISION SA,VMS
Base license,"Mobile Surveillance Base package-Including prerequisites for device unit expanding, all fundamental features of mobile surveillance system and 10 device units manageable. Supported: 3 years free SUP, Real-time location on GIS MAP, Vehicles tracking, Route playback, Live view and playback, Health check, Alarm Management,100 Users Logged In Simultaneously, Heath Monitoring,etc.",2914.15,4225.52,45,HIKVISION SA,VMS
Add-on license,"Mobile Surveillance Expansion package
Prerequisite: Mobile Surveillance Base package.
Supported: 1 mobile device unit manageable.",1084.01,1571.81,45,HIKVISION SA,VMS
Add-on license,"Mobile Surveillance Expand package Prerequisite:Mobile Surveillance Base package 
Warranty:None 
Supported: Passenger Counting by Vehicles or Sites",4259.43,6176.17,45,HIKVISION SA,VMS
Add-on license,"Mobile Surveillance Expand package
Prerequisite: Mobile Surveillance Base package
Warranty: None
Supported:
-Route schedule,monitoring and analysis.
-Driver management and analysis.
-Fuel Comsumption management and analysis.",29108.8,42207.76,45,HIKVISION SA,VMS
Add-on license,"Mobile Surveillance ANPR Expansion package
Prerequisite: Mobile Surveillance Base package;
Warranty: none;
Supported:
- 1 ANPR channel management of mobile devices;
- ANPR functions like LPR monitoring and operation, Vehicle list management, History recognized license plate search, License plate matched/mismatched",2566.21,3721.0,45,HIKVISION SA,VMS
Module license,"Business Intelligent Report Module Expansion package - including  all fundamental report features without resource limitation.Prerequisite:Video Surveillance Base package.Supported: Exited/Entered/Entered and Exited Data, Remote Sites Data, Comparision Data between Regions, Waiting Time and Queue Status Data, Email Report,heatmap,etc.",14521.74,21056.52,45,HIKVISION SA,VMS
Add-on license,"Thermal Imaging Report Camera Expansion package
Prerequisite:Video Surveillance Base package
Warranty:none
Supported:
 —Video Surveillance:1 themometry camera manageable,themometry report supported;
Additional:Temperature Data on Thermal Imaging Camera Presets and Thermometry Point, Exception Statistic, Comparision Data, Remote Site Data, Email Report,etc.",3838.63,5566.01,45,HIKVISION SA,VMS
Add-on license,"Body worn camera expansion package
 Prerequisite:Any kind of Base package and Video base package is recommed
 Warranty:None
 Supported:
 - Mobile enforcement module.
 - 1 Body worn camera manageble
 - Realtime GPS positioning,tracking and history record retrival
 - Detailed body camera and person usage records
 - Evidence files (videos/pictures/audio)backup/viewing/export,etc.",1605.29,2327.67,45,HIKVISION SA,VMS
Module license,"Evidence management expansion package
 Prerequisite: Any kind of Base package
 Warranty:None
 Supported:
 - Uploading evidence from mobile client
 - Upload External files as excel,pdf,picture,etc.
 - Video Edit: clip videos and add text/mosaic/mute to the clips
 -Case management:case category, audit trail,files hash cryptgraphic,etc.",160074.56,232108.11,45,HIKVISION SA,VMS
RSM Base,"Remote Site Management Base package
Warranty: 3years SUP
Supported:
-Alarm System:Alarm management supported;
-Intelligence:Heat map, People Attribute Analysis, People Counting, Queue Management supported;
-Video Surveillance: 1 ANPR camera, 1 Face Recognition camera manageable, monitoring supported;
-Others:2 RSM manageable,64 storage server,open API supported, health monitoring supported, GIS supported, evidence supported;
Additional: none.",174220.73,252620.06,45,HIKVISION SA,VMS
Add 1 site,"Remote Site Management Expansion package
Prerequisite:Remote Site Management Base package
Warranty:none
Surpported:
-1 Remote Site manageable;
Additional: none.",8683.4,12590.93,45,HIKVISION SA,VMS
Add 1 slave server,"Resource Cluster Slave Server Expansion package
Prerequisite: Video Surveillance Base package
Warranty: none
Supported: 
-Resource cluster: 1 slave server 
Additional:  Only slave server are charged, with each slave server corresponding to one HikCentral-P-Cluster-1Slave. Standby servers for the slave servers are not charged.",66912.32,97022.86,45,HIKVISION SA,VMS
Module license,"BACnet protocol integration package;
Prerequisite: Any kind of Base package
Warranty: none;
Supported:
- Manage third-party BACnet devices;
- Reporting video, access control and other resources to the third-party platform through BACnet protocol;",33236.34,48192.69,45,HIKVISION SA,VMS
Module license,"SIA protocol integration package
Prerequisite: Any kind of Base package;
Warranty: none;
Supported:
- Manage third-party SIA devices;
- Reporting resources to the third-party platform through SIA protocol;",33236.34,48192.69,45,HIKVISION SA,VMS
Module license,"Modbus protocol integration package
Prerequisite: Any kind of Base package
Warranty:none
Supported: 
- Manage one third-party Modbus device",322.82,468.09,45,HIKVISION SA,VMS
Add-on license,"Optimus connector resource expansion package
Prerequisite: Any kind of Base package
Warranty: none
Supported:
- Manage resources of door, alarm input/output from Optimus Connector",74.11,107.46,45,HIKVISION SA,VMS
Add-on license,"AR Module Expansion package
Prerequisite:Video Surveillance Base package 
Warranty:none 
Supported: 
-AR Module:1 Scene manageable, the scene has contain a set management of high-point camera(s), tags, etc;
-Video Surveillance: 1 VSS channel manageable, the camera(s) installed as AR high-point camera(s), does not need to pay extra VSS fee",14157.48,20528.35,45,HIKVISION SA,VMS
Add-on license,"Walk-through Metal Detector Expansion package
Prerequisite: Security Inspection Module Expansion Package.
Supported: 1 walk-though metal detector manageable.",2332.57,3382.23,45,HIKVISION SA,VMS
Add-on license,"Security Inspection Analyzer Expansion package
Prerequisite: Security Inspection Module Expansion Package.
Supported: 1 security inspection analyzer manageable.",2332.57,3382.23,45,HIKVISION SA,VMS
Module license,"Delivery I, HikCentral under vehicle surveillance system base package - which includes all functions of UVSS module and 4 UVSSs manageable.",46439.18,67336.81,45,HIKVISION SA,VMS
Add-on license,"Consumption Terminal Expansion package 
Prerequisite: Access Control Base package
 Warranty: none 
Supported: 
-Consumption: 1 consumption terminal manageable
 Additional: Basic  parameters configuration, Service category Consumption rules and consumption control on different roles, Consumption records for differrent person group and the abnormal consumption records,Consumption statistic report for different department, person and different canteen service windows.",1605.29,2327.67,45,HIKVISION SA,VMS
Module license,Class Attendance Expansion Package; Prerequisite: Video Surveillance Base package or Access Control Base package; Warranty: none; Supported: My Course，Class Attendance，Student Attendance.; Additional: none.;,16011.48,23216.65,45,HIKVISION SA,VMS
Module license,"Student Retrieval Expansion Package
 Prerequisite: Video Surveillance Base package
 Warranty: none
 Supported: Student Retrival，School Arrival Record.
 Additional: none.",24016.59,34824.06,45,HIKVISION SA,VMS
Module license,"Course Inspection Expansion Package
 Prerequisite: Video Surveillance Base package
 Warranty: none
 Supported: Real-Time Inspection，Video Playback Inspection，Inspection Record
 Additional: none.",8008.88,11612.88,45,HIKVISION SA,VMS
Add-on license,"Remote Share Tool Base Package - Including connect and manage classroom video devices, share the video remotely to students' PC and mobile phone client through the tripartite video conferencing software (such as Zoom and WebEx) through the digital-to-analogue conversion of the local camera video stream access via USB. Supported:  Provides functions as devices management,  share the video remotely and etc.",586.6,850.57,45,HIKVISION SA,VMS
Add-on license,"Dock Manaement Expansion Package. 
Prerequisite: Dock Management Base Package. 
Supported: 1 dock manageable.",3204.3,4646.23,45,HIKVISION SA,VMS
Add-on license,"Parcel Tracking Expansion package-including all fundamental features of Parcel tracking with all associated applications such as barcode tracking/goods tracking and 1 check point management. 
Prerequisite: HikCentral-P-PT-Module/2Units. 
Supported: add 1 check point manageable",2244.65,3254.74,45,HIKVISION SA,VMS
Module license,"Asset Inspection Expansion Package
Prerequisite: Video Surveillance Base package 
Warranty:none 
Supported:
-Quick inspection, On-site inspection Scheduled inspection，lncluding manage track and evaluate the standardization of each inspection task by video or picture . Additional：Support Asset Management,including link camera to each asset for inspection",128062.91,185691.22,45,HIKVISION SA,VMS
Module license,"Video Inspection Expansion Package 
Prerequisite: Video Surveillance Base package 
Warranty :none 
Supported: 
-Qucik inspection, On-site inspection Scheduled inspection，lncluding manage track and evaluate the standardization of each inspection task by video or picture .",64033.34,92848.34,45,HIKVISION SA,VMS
Module license,"Description: pStor Cluster Management module 
Prerequisite: none
Warranty: none 
Supported: 
- Enable to use the pStor video storage cluster
Additional: 
- Used with the HikCentral
- Used with the pStor video storage channel or picture storage module
- Active on the pStor application",66912.32,97022.86,45,HIKVISION SA,VMS
Add-on license,"Description: pStor Video Storage Expansion package
Prerequisite: none
Warranty: none 
Supported: 
- Enable to use the pStor video storage with 1 VSS channel
Additional: 
- Used with the HikCentral
- Active on the pStor application
- 3rd party storage resources(IPSAN/FCSAN/NAS) are supported.",731.05,1060.02,45,HIKVISION SA,VMS
Module license,"Description: pStor Picture Storage module
Prerequisite: none
Warranty: none 
Supported: 
- Enable to use the pStor picture storage
Additional: 
- Used with the HikCentral
- Active on the pStor application",2906.61,4214.58,45,HIKVISION SA,VMS
Add-on license,"Maintenance Base package-Including prerequisites for maintenance channel expanding, all features of maintenance module and 16 maintenance channel manageable. 
Supported:Health mornitoring&History maintenance data,Alarm management,Maintenance channels are limited to encoding devices and do not have any video features.",469.78,681.18,45,HIKVISION SA,VMS
Add-on license,"Maintenance Expansion package.
Prerequisite:Maintenance Base package
Supported:1 maintenance channel manageable.",35.17,51.0,45,HIKVISION SA,VMS
Rose Replicator Plus,"USB Key license mode, with 1year warranty, mainly used for 1+1 VMS server  backup,Only used for local back up of servers,with 1 year warranty and upgrade support",48182.65,69864.84,45,HIKVISION SA,VMS
Rose Replicator Plus,"USB Key license mode, with 3year warranty, mainly used for 1+1 VMS server  backup,Only used for local back up of servers,, with 3 years warranty and upgrade support",52737.26,76469.03,45,HIKVISION SA,VMS
Rose Replicator Plus,Rose back-up system with 3 years warranty and upgrade support.,57475.26,83339.13,45,HIKVISION SA,VMS
Add-on license,"Delivery I, software remote upgrade service for 1 camera per year  when beyond free SUP period (24 months)",37.68,54.64,45,HIKVISION SA,VMS
Add-on license,Software remote upgrade service per camera in 2 years  when beyond free SUP period (36 months),50.24,72.85,45,HIKVISION SA,VMS
Add-on license,Software remote upgrade service per camera in 3 years  when beyond free SUP period (36 months),69.09,100.18,45,HIKVISION SA,VMS
DVD Package,"Delivery II, incuding DVD package, software installnation package and manuals.",586.6,850.57,45,HIKVISION SA,VMS
Add-on license,"Delivery I, HikCentral new function customization (per day per engineer)",32841.93,47620.8,45,HIKVISION SA,VMS
Base license,"Smart Lock Management Base package  Warranty：3 years  SUP Supported: -Others: OpenAPI supported，health monitoring supported. Additional: Room management, Room access permission assignment and apply, Temporary password assignment, Door open records search, Exception alarm/event search, etc.",3204.3,4646.23,45,HIKVISION SA,VMS
Add-on license,Smart Lock Unit Expansion package  Prerequisite: Smart Lock Management Base package  Warranty：none Supported: -Smart Lock: 1 smart lock manageable. Additional: none.,644.38,934.35,45,HIKVISION SA,VMS
Add-on license,"Description:Including Fall Detection Radar and Auxiliary Care Radar and 1 Device management.  Prerequisite:Video Surveillance Base package Supported: -Fall detect alarm management; -Vital signs analysis report,etc.",878.01,1273.11,45,HIKVISION SA,VMS
Module license,Reguard expansion package Prerequisite: Video Surveillance Base package Warranty: none Supported: Site management，alarm access and management，alarm distribution，visualized alarm，alarm search，statistics report Additional：none.,10977.04,15916.71,45,HIKVISION SA,VMS
Add-on license,Reguard virtual guard expansion package Prerequisite: Video Surveillance Base package，Reguard expansion package Warranty: none Supported: virtual guard function Additional：none.,11665.38,16914.8,45,HIKVISION SA,VMS
Add-on license,"Additional: Vibration Sensor device management, vibration relatived alarm, latitude and longitude calibration, video linkage and review, real-time status and alarm monitoring on E-map, etc.",8736.16,12667.43,45,HIKVISION SA,VMS
Add-on license,HikCentral-P-CNR-1Ch,2943.04,4267.41,45,HIKVISION SA,VMS
Base Module,"Basic Module
1.Permission Management: Support Department Management, user Management,role Managemen. support setting user Permission,support setting user login authentication password, authentication method, online policy and login address binding, etc.
2.Directory Resource Management:Supporting area directory management,resource management
3.Log Management: Support storage and query operation log, system log, 
4.Time synchronization: Support time synchronization of front-end camera and platform server through NTP service.",128029.0,185642.05,45,HIKVISION SA,VMS
Video,"Basic Video System Application
Including real-time video viewing and video inquiry, video map application, real-time preview and video playback through collection, label video, pre-plan",15977.56,23167.46,45,HIKVISION SA,VMS
Video,One license per camera,1573.89,2282.14,45,HIKVISION SA,VMS
Face&Body,"Application of Face Intelligence 
face attribute query, face search
Body Analysis：
Human Data Statistics, Human Search and Human Attribute Query",320116.46,464168.87,45,HIKVISION SA,VMS
MAP,"Electronic Map Applications: 
Basic Video Applications (Video Preparedness, Video Tracking, Visual Field Linkage), Data Analysis Applications (Track Analysis, Regional Collision, Track Check), GPS Applications (Line Preparedness, GPS Location, GPS Track), Basic Map Functions (Basic Operations, Resource Display)",160043.16,232062.58,45,HIKVISION SA,VMS
Face Arming,"Face Picture Arming Alarm Application
Carry out deployment control to the personnel in the system and query the corresponding alarm information.
Prerequisite: HikCentral-M-Lite-Facial&Body-Module
Supported: Face arming management, face alarm search,frequently appeared person search.",96014.84,139221.52,45,HIKVISION SA,VMS
Vehicle Arming,"Vehicle Arming Alarm Application
Carry out deployment control to the vehicles in the system and query the corresponding alarm information.
Prerequisite: HikCentral-M-Lite-Vehicle-Module
Supported: Vehicle arming management, vehicle alarm search.",63999.43,92799.17,45,HIKVISION SA,VMS
Behavior Analysis,"Behavior Analysis：
Total number of alarms; statistics of the distribution of the number of people falling to the ground, gathering, fast moving, violent exercise, etc.",320116.46,464168.87,45,HIKVISION SA,VMS
Parse,"Video Parsing
Provides visual intelligent task resolution configuration and management capabilities.Support real-time video, history recording, support add, delete, modify and search, start and stop the offline file task , analysis results statistics, data export, quick jump to the task strategy functions.",181410.63,263045.41,45,HIKVISION SA,VMS
APP,"Mobile Application
Support mobile application.By module.Personal Center support to check user account, department, version update, and version number, support Live View and Playback, File Management, Video Displaying, Map Application, Vehicle Search, Vehicle Arming, support to check Alarm Information, Alarm Message List.",31985.27,46378.64,45,HIKVISION SA,VMS
Road Lane,One license per road lane,6374.7,9243.31,45,HIKVISION SA,VMS
Vehicle,"Vehicle Intelligent Application 
Traffic flow statistics,  passing inspection, lane snapshots, as well as uploading, storing, querying (vehicle attribute retrieval) of traffic events, basic reporting capabilities, and description refinement,  etc",320116.46,464168.87,45,HIKVISION SA,VMS
Segment Speed,"Segment Speed Detection Application
Customize the bayonet zone, store the passing data of the zone, and intelligently manage the speeding information of the zone. 
Supported:  Segment speed detection search, segment speed detection configuration, segment speeding statistics, segment speed detection statistics.",256085.63,371324.16,45,HIKVISION SA,VMS
Traffic Event,"Traffic Event Application
Search the traffic events by checkpoint, direction, event type, status, time period and traffic event statistics by status, checkpoint, time and type;
Supported: Traffic event search, traffic event statistics,traffic event real-time map;",224072.73,324905.46,45,HIKVISION SA,VMS
"Traffic Flow
Statistics","Traffic Flow Statistics Application
Provide traffic flow statistics through different modes, time, checkpoint;
Prerequisite: HikCentral-M-Lite-Vehicle-Module
Supported: Land speed statistics, time headway statistics, space headway statistics, space occupancy rate statistics, etc.",128029.0,185642.05,45,HIKVISION SA,VMS
Vehicle Panoramic,"Vehicle Panoramic Application
Through artificial intelligence technology, rapid query, global retrieval and trajectory application of vehicles are realized.",224072.73,324905.46,45,HIKVISION SA,VMS
Violation Management,"Violation Management Application
Provide comprehensive violation search service based on license plate number, license plate type, violation time period, checkpoint, violation behavior and other query conditions.",320116.46,464168.87,45,HIKVISION SA,VMS
"Violation Data
Verification","Violation Data Verification Application
Provide violation data verification and violation review;
Prerequisite: HikCentral-M-Lite-Violation-Module
Supported: Violation statistics, violation data verification, violation review",320116.46,464168.87,45,HIKVISION SA,VMS
License Plate Restriction,"License Plate Restriction Application
Restrict license plate to the vehicles in the system; it supports license plate restriction and vehicle passing rule configuration;
Prerequisite: HikCentral-M-Lite-Vehicle-Module
Supported: List of enabled rule, list of disabled rule.",320116.46,464168.87,45,HIKVISION SA,VMS
Road Network,"Road Network Application
Road network application provides road network real-time monitoring to view the congestion status of the selected road segments, historical congestion statistics and configuration for the road congestion level. Road network is consisted of multiple road segments; it supports view the real-time congestion status of the selected road segments and view the historical road network statistics.
Prerequisite: HikCentral-M-Lite-Vehicle-Module
Supported: Road network monitoring, road network statistics, road network configuration.",725724.18,1052300.06,45,HIKVISION SA,VMS
Emergency Alarm,"Emergency Alarm Application
Add alarm resources, such as emergency alarm devices and security control panels, to the platform, and configure event/alarm linkages for them.
Supported: Emergency Alarm Center, Emergency Alarm Statistics, Emergency Event.",63999.43,92799.17,45,HIKVISION SA,VMS
Emergency Alarm,"One license per device for Emergency Alarm Application
Prerequisite: HikCentral-M-Lite-Emergency Alarm-Module",6374.7,9243.31,45,HIKVISION SA,VMS
Base Module,"1.Permission Management: Support Department Management, user Management,role Managemen. support setting user Permission,support setting user login authentication password, authentication method, online policy and login address binding, etc.
2.Directory Resource Management:Supporting area directory management,resource management,
3.Log Management: Support storage and query operation log, system log, 
4.Time synchronization: Support time synchronization of front-end camera and platform server through NTP service.",145120.72,210425.04,45,HIKVISION SA,VMS
Video,"Basic Video System Management
Real-time video viewing and video inquiry, video map application, real-time preview and video playback through collection, label video, pre-plan",18111.67,26261.92,45,HIKVISION SA,VMS
Video,One license per camera,1778.63,2579.01,45,HIKVISION SA,VMS
Face Intelligence,"Application of Face Intelligence 
Face data statistics, face attribute query, face search, peer analysis, personnel foothold, frequent passing, face real-time alarm, face history alarm, face 1V1 comparison, face real-time capture",544284.66,789212.76,45,HIKVISION SA,VMS
Body Analysis,"Body Analysis：
Human Data Statistics, Human Search and Human Attribute Query",544284.66,789212.76,45,HIKVISION SA,VMS
Vehicle,One license per road lane,7226.33,10478.18,45,HIKVISION SA,VMS
Vehicle,"Vehicle Intelligent Application 
Traffic flow statistics, vehicle trajectory query, vehicle attribute query, vehicle search by vehicle, traffic law analysis, vehicle foothold, frequent passing, regional collision, passing vehicles, interval speed measurement, passing inspection, etc",544284.66,789212.76,45,HIKVISION SA,VMS
Violation,"Illegal management application
Provide comprehensive illegal query service based on license plate number, vehicle type, illegal type, license plate color and other query conditions",362848.9,526130.91,45,HIKVISION SA,VMS
MAP,"Electronic Map Applications: 
Basic Video Applications (Video Preparedness, Video Tracking, Visual Field Linkage), Data Analysis Applications (Track Analysis, Regional Collision, Track Check), GPS Applications (Line Preparedness, GPS Location, GPS Track), Basic Map Functions (Basic Operations, Resource Display)",181410.63,263045.41,45,HIKVISION SA,VMS
Arming,"Arming alarm
Support target arming, and alarm search. It is mainly used for  arming vehicles and persons added to the system, configuring arming schedule template, and configuring alarm linkage.",181410.63,263045.41,45,HIKVISION SA,VMS
Parese,"Task Management of Video Parsing 
The information of face, human body and vehicle in pure video can be parsed out by using video structured technology to provide clues of relevant cases and events.",181410.63,263045.41,45,HIKVISION SA,VMS
AR,"AR scenario number 
Number of AR real application access scenarios, providing label application",471279.01,683354.56,45,HIKVISION SA,VMS
App,"Mobile Application
Support mobile application.By module.Personal Center support to check user account, department, version update, and version number, support Live View and Playback, File Management, Video Displaying, Map Application, Vehicle Search, Vehicle Arming, support to check Alarm Information, Alarm Message List.",32960.0,47792.0,45,HIKVISION SA,VMS
2D Dashboard,"2D Dashboard
Provide a variety of data source docking,  achieve worksheets and visualization and other functional modules based on the data model, and finally provide visual presentation of topics and works on the large screen and PC. Help users make analytical decisions. it includes: 
1) 2D Map rendering
2) Animation, such as weather animation,congestion status animation,violation animation
3) data demonstration via chart
Notes: Dashboard demonstrates particular map,data charts,animation and others, it is purely depends on project requirement and design, therefore it will be Project-based pricing,please consult Hikvison local representative for more details",1270044.01,1841563.81,45,HIKVISION SA,VMS
Customized Service,New function customization (per day per engineer),36289.91,52620.37,45,HIKVISION SA,VMS
Delivery,"Project delivery (remote or on-site), Software installation, debugging and deployment services (10% of the total software price). (per day per engineer)",36254.74,52569.37,45,HIKVISION SA,VMS
Training,"One time whole system training. Including:
1.Standard hikvision training documentation
2.System function introduction, including system architecture, hardware and software fuctions and feature
3.Hardware installation, and maintenance
4.troubleshoot introduction, including hardware and software
5.Q&A.",108830.8,157804.66,45,HIKVISION SA,VMS
Technical Support,Technical support services for one year,181410.63,263045.41,45,HIKVISION SA,VMS
USB,"Incuding USB, software installnation package and manuals.",732.3,1061.83,45,HIKVISION SA,VMS
Centralized Device Control,"Type:Centralized Device Control Expansion package 
Prerequisite: Digital Signage Base package 
Warranty:none 
Supported: 
-Centralized Device Control :Support 1 terminal of commercial display device to centralized control，including sending combined commands，App management and remote configuration. 
Additional: supported digital signage terminal and interactive flat panel",501.18,726.71,45,HIKVISION SA,VMS
Base,"Type:Base package 
Warranty:3 Years
Supported: 
-Digital Signage：supported to create programs and release to devices，including video,audio,picture,website,video wall and so on 
-Centralized Device Control：support create device commands and send to device，APP installation management for devices 
Additional：Max 5 terminals manageable , including digital signage terminal and interactive flat panel",3336.2,4837.49,45,HIKVISION SA,VMS
Digital Signage,"Type:DynamicContent Expansion Package 
Prerequisite:base pakckage 
Warranty:none 
Supported: 
-Digital Signage:Support third-party dynamic content display，including dynamic picture,text and chart.",5886.07,8534.8,45,HIKVISION SA,VMS
Digital Signage,"Device Expansion package
Warranty:none 
Prerequisite:Base package
Supported:
-1 Devicel manageable, including digital signage terminal and interactive flat panel",878.01,1273.11,45,HIKVISION SA,VMS
DS-D5019S0-1P0(O-STD),"18.5"" 1366*768, HDMI/VGA input, view angle:178°/178°, plastic casing, ERP level A,VESA, base bracket included",1192.04,1728.46,45,HIKVISION SA,Transmission&Display&Accessory
DS-D5022F2-1V2S(O-STD)(European),"21.5'', VA,HDMI/VGA input, Audio Input, 100Hz, Speaker included, Brightness 250nits, Contrast ratio 1000:1, Response time 6.5ms.",2028.6,2941.47,45,HIKVISION SA,Transmission&Display&Accessory
DS-D5022F2-2V2(O-STD)(EU),"21.5'', VA, HDMI/VGA input, Audio Output, 100Hz, ""V"" shaped base, Brightness 250nits, Contrast ratio 1000:1, Response time 6.5ms.",2048.7,2970.61,45,HIKVISION SA,Transmission&Display&Accessory
DS-D5024F2-AV2(O-STD)(EU),"23.8"" 1080P, HDMI/VGA input, view angle:178°/178°, plastic casing, VESA, base bracket included, 12V DC",2342.62,3396.8,45,HIKVISION SA,Transmission&Display&Accessory
DS-D5024F2-BP2(O-STD)(EU),23.8 inch FHD 100Hz IPS Monitor，VGA+HDMI+Audio-out，V stand,2374.02,3442.33,45,HIKVISION SA,Transmission&Display&Accessory
DS-D5027F3-2P2S(O-STD)(EU),27 inch FHD 100Hz IPS Monitor with Speaker，HDMI+VGA，V stand,3140.24,4553.35,45,HIKVISION SA,Transmission&Display&Accessory
DS-D5032F3-1V0S(European standard),"32'', VA, HDMI/VGA input, speaker included, Brightness 300nits, Contrast ratio 4000:1, Response time 8ms,",4699.06,6813.64,45,HIKVISION SA,Transmission&Display&Accessory
DS-D5043F3-1V0S(O-STD)(EU),43 inch FHD 60Hz VA Monitor,6424.94,9316.16,45,HIKVISION SA,Transmission&Display&Accessory
DS-D5227U3-1P0(O-STD)(European),"27"" 4K, DP, HDMI input, audio input, build-in speaker, view angle 178°/178°, plastic casing, VESA, 7*24h",7699.88,11164.83,45,HIKVISION SA,Transmission&Display&Accessory
DS-D5043U3-1V0S(O-STD)(EU),"Ultra HD 3840 ×2160 @60 Hz.
Wide viewing angle: Horizontal 178°, Vertical 178°.
Ultra-thin device body with ultra-thin border for 3 sides.
Multiple interfaces: HDMI,USB 2.0
Build-in speaker, Audio 10W*2.
Low blue light design for eye care.
3D noise reduction.
Support VESA wall mount.",12469.28,18080.46,45,HIKVISION SA,Transmission&Display&Accessory
DS-D5050U3-1V0S(O-STD)(EU),"4K (3840 ×2160) resolution, providing a wider view and more fine detail
VA technology, Wide view angle: Horizontal 178°, Vertical 178°
Ultra-thin device body with ultra-thin border for 3 sides
3D noise reduction
Multiple inputs: HDMI, USB",16111.96,23362.34,45,HIKVISION SA,Transmission&Display&Accessory
DS-D5055U3-1V0S(O-STD),"Ultra HD 3840 ×2160 @60 Hz.
Wide viewing angle: Horizontal 178°, Vertical 178°.
Ultra-thin device body with ultra-thin border for 3 sides.
Multiple interfaces: HDMI，USB
Build-in speaker, Audio 10W*2.
Low blue light design for eye care.
3D noise reduction.
Support VESA wall mount",19228.34,27881.09,45,HIKVISION SA,Transmission&Display&Accessory
DS-D5065UC-C(O-STD),"65"" 4K, HDMI*2, VGA*1, USB*1, Audio in, build-in speaker, view angle 178°/178°, plastic casing, VESA, 7*24h",30005.66,43508.21,45,HIKVISION SA,Transmission&Display&Accessory
DS-DM1940W,"Wall-mounted bracket, Dimension 250 mm × 220 mm × 25mm, VESA 200 (H) mm × 200 (V) mm, recommended for small size monitor (≤40-inch)",165.8,240.41,45,HIKVISION SA,Transmission&Display&Accessory
DS-DM4255W,"Wall-mounted bracket, available for 43""-55"" monitors",212.28,307.81,45,HIKVISION SA,Transmission&Display&Accessory
DS-DM6586W,"Wall-mounted bracket,available for 65""-86"" monitors",661.96,959.84,45,HIKVISION SA,Transmission&Display&Accessory
DS-3E0105D-O(O-STD),"L2, Unmanaged, 5 10/100M RJ45 ports, desktop plastic switch",97.98,142.07,45,HIKVISION SA,Transmission&Display&Accessory
DS-3E0108D-O(O-STD),"L2, Unmanaged, 8 10/100M RJ45 ports, desktop plastic switch",126.87,183.96,45,HIKVISION SA,Transmission&Display&Accessory
DS-3E0505D-O(O-STD),"L2, Unmanaged, 5 Gigabit RJ45 ports, desktop plastic switch",141.94,205.81,45,HIKVISION SA,Transmission&Display&Accessory
DS-3E0508D-O(O-STD),"L2, Unmanaged, 8 Gigabit RJ45 ports, desktop plastic switch",229.87,333.31,45,HIKVISION SA,Transmission&Display&Accessory
DS-3E0508-O(O-STD),"8  Gigabit RJ45 ports, Desktop Steel Case Unmanaged Switch",314.02,455.33,45,HIKVISION SA,Transmission&Display&Accessory
DS-3E0516-E(C),"16  Gigabit RJ45 ports, 19-inch Rack-mountable Steel Case Unmanaged Switch",859.17,1245.8,45,HIKVISION SA,Transmission&Display&Accessory
DS-3E0524-E(C),"24  Gigabit RJ45 ports, 19-inch Rack-mountable Steel Case Unmanaged Switch",1176.96,1706.59,45,HIKVISION SA,Transmission&Display&Accessory
DS-3E0516R-O,"16  Gigabit RJ45 ports, 13-inch Rack-mountable Steel Case Unmanaged Switch",751.15,1089.17,45,HIKVISION SA,Transmission&Display&Accessory
DS-3E0524R-O,"24  Gigabit RJ45 ports, 13-inch Rack-mountable Steel Case Unmanaged Switch",915.7,1327.77,45,HIKVISION SA,Transmission&Display&Accessory
DS-3E0105P-E(B)(O-STD),"L2, Unmanaged, 4 10/100M RJ45 PoE ports, 1 10/100M RJ45 uplink port, 802.3af/at, PoE power budget 60W, max. 300m long distance transmission, 6KV surge protection",520.02,754.03,45,HIKVISION SA,Transmission&Display&Accessory
DS-3E0109P-E(C)(O-STD),"L2, Unmanaged, 8 10/100M RJ45 PoE ports, 1 10/100M RJ45 uplink port, 802.3af/at, PoE power budget 115W, max. 300m long distance transmission, 6KV surge protection",883.04,1280.41,45,HIKVISION SA,Transmission&Display&Accessory
DS-3E0318P-E(C)(O-STD),"L2, Unmanaged, 16 10/100M RJ45 PoE ports, 2 Gigabit combo ports, 802.3af/at, PoE power budget 225W, ports 9-16 support up to 300meter, 6KV surge protection, VIP port, Isolation mode, PoE watchdog",2522.24,3657.25,45,HIKVISION SA,Transmission&Display&Accessory
DS-3E0326P-E(C)(O-STD),"L2, Unmanaged, 24 10/100M RJ45 PoE ports, 2 Gigabit combo ports, 802.3af/at, PoE power budget 370W, ports 17-24 support up to 300meter, 6KV surge protection, VIP port, Isolation mode, PoE watchdog",3240.73,4699.06,45,HIKVISION SA,Transmission&Display&Accessory
DS-3E0106HP-E（O-STD）,"L2, Unmanaged, 4 10/100M RJ45 PoE ports, 2 10/100M RJ45 uplink ports, 802.3af/at/bt, port 1 support HiPoE 60w, PoE power budget 60W, max. 250m long distance transmission, 6KV surgy protection",520.02,754.03,45,HIKVISION SA,Transmission&Display&Accessory
DS-3E0310HP-E(C)(O-STD),"L2, Unmanaged, 8 10/100M RJ45 PoE ports, 2 Gigabit RJ45 uplink ports, 802.3af/at/bt, port 1-2 support Hi-PoE 90w, PoE power budget 110W, max. 300m long distance transmission, 6KV surge protection",1138.02,1650.13,45,HIKVISION SA,Transmission&Display&Accessory
DS-3E0505P-E(O-STD)(B),"L2, Unmanaged, 4 Gigabit POE ports, 1 Gigabit RJ45 uplink port, 802.3af/at, PoE power budget 60w",607.95,881.53,45,HIKVISION SA,Transmission&Display&Accessory
DS-3E0510P-E(O-STD)(B),"L2, Unmanaged, 8 Gigabit POE ports, 1 Gigabit RJ45 uplink port, 1 Gigabit SFP uplink port, 802.3af/at, PoE power budget 110w",1225.95,1777.63,45,HIKVISION SA,Transmission&Display&Accessory
DS-3E0510P-E(O-STD),"L2, Unmanaged, 8 Gigabit POE ports, 1 Gigabit RJ45 uplink port, 1 Gigabit SFP uplink port, 802.3af/at, PoE power budget 110w",1170.68,1697.49,45,HIKVISION SA,Transmission&Display&Accessory
DS-3E0518P-E(O-STD)(B),"L2, Unmanaged, 16 Gigabit POE ports, 1 Gigabit RJ45 uplink port, 1 Gigabit SFP uplink port, 802.3af/at, PoE power budget 230w",2788.54,4043.38,45,HIKVISION SA,Transmission&Display&Accessory
DS-3E0526P-E(O-STD)(B),"L2, Unmanaged, 24 Gigabit POE ports, 1 Gigabit RJ45 uplink port, 1 Gigabit SFP uplink port, 802.3af/at, PoE power budget 370w",4126.28,5983.11,45,HIKVISION SA,Transmission&Display&Accessory
DS-3E0505HP-E(O-STD),"L2, Unmanaged, 4 Gigabit RJ45 PoE ports, 1 Gigabit RJ45 uplink port, 802.3af/at/bt, port 1 support Hi-PoE 60w, PoE power budget 60W, ports 3-4 support up to 300meter, 6KV surge protection, supports POE watchdog, port isolation",867.96,1258.54,45,HIKVISION SA,Transmission&Display&Accessory
DS-3E0510HP-E(O-STD),"L2, Unmanaged, 8 Gigabit RJ45 PoE ports, 1 Gigabit RJ45, 1 Gigabit SFP uplink port, 802.3af/at/bt, port 1-2 support Hi-PoE 90w, PoE power budget 110W, ports 7-8 support up to 300meter, 6KV surge protection, supports POE watchdog, port isolation",1751.0,2538.95,45,HIKVISION SA,Transmission&Display&Accessory
DS-3E0520HP-E(O-STD),"L2, Unmanaged, 16 Gigabit RJ45 PoE ports, 2 Gigabit RJ45, 2 Gigabit SFP uplink ports, 802.3af/at/bt, port 1-4 support Hi-PoE 90w, PoE power budget 225W, ports 13-16 support up to 300meter, 6KV surge protection, supports POE watchdog, port isolation",4038.35,5855.61,45,HIKVISION SA,Transmission&Display&Accessory
DS-3E0528HP-E(O-STD),"L2, Unmanaged, 24 Gigabit RJ45 PoE ports, 2 Gigabit RJ45, 2 Gigabit SFP uplink ports, 802.3af/at/bt, port 1-4 support Hi-PoE 90w, PoE power budget 370W, ports 21-24 support up to 300meter, 6KV surge protection, supports POE watchdog, port isolation",5359.77,7771.67,45,HIKVISION SA,Transmission&Display&Accessory
DS-3E0524TF(B)(O-STD),"L2, Unmanaged, 12  Gigabit RJ45 ports, 12 Gigabit SFP ports, Back plane bandwidth: 48Gbps",3800.95,5511.38,45,HIKVISION SA,Transmission&Display&Accessory
DS-3E1508-EI(O-STD)V2,"L2, Smart Managed, 8 Gigabit RJ45 ports, Supports Hik-Central/iVMS 4200/Hik-Partner Pro Unified Topology Management, cloud management, health monitor",551.43,799.57,45,HIKVISION SA,Transmission&Display&Accessory
DS-3E1516-EI(O-STD)V3,"L2, Smart Managed, 16 Gigabit RJ45 ports, Supports Hik-Central/iVMS 4200/Hik-Partner Pro Unified Topology Management, cloud management, health monitor",1041.3,1509.88,45,HIKVISION SA,Transmission&Display&Accessory
DS-3E1524-EI(O-STD)V3,"L2, Smart Managed, 24 Gigabit RJ45 ports, Supports Hik-Central/iVMS 4200/Hik-Partner Pro Unified Topology Management, cloud management, health monitor",1484.71,2152.83,45,HIKVISION SA,Transmission&Display&Accessory
DS-3E1105P-EI(O-STD)V2,"L2, Smart Managed, 4 10/100M RJ45 PoE ports, 1 10/100M RJ45 port, 802.3af/at, PoE power budget 60W, HPP Cloud managed, VLAN, STP/RSTP loop prefention, PoE watchdog, Max. 300 meter PoE transmission, Desktop/Wall mount",575.29,834.17,45,HIKVISION SA,Transmission&Display&Accessory
DS-3E1106HP-EI(O-STD),"L2, Smart Managed, 4 10/100M RJ45 PoE ports, 2 10/100M RJ45 port, 802.3af/at/bt, port 1 support Hi-PoE 60w, PoE power budget 60W, Max. 300 meter long distance PoE transmission, Visualized Topology Management, Network Health Monitor, Real-Time Alarm Push and Video Control and Preview",727.28,1054.56,45,HIKVISION SA,Transmission&Display&Accessory
DS-3E1309P-EI(O-STD)(B),"L2, Smart Managed, 8 10/100M RJ45 PoE ports, 1 Gigabit RJ45 port, 802.3af/at, PoE power budget  110W, HPP Cloud managed, VLAN, STP/RSTP loop prefention, PoE watchdog, Max. 300 meter PoE transmission, Desktop/Wall mount",1058.89,1535.39,45,HIKVISION SA,Transmission&Display&Accessory
DS-3E1310P-EI(O-STD)(B),"L2, Smart Managed, 8 10/100M RJ45 PoE ports, 2 Gigabit RJ45 port, 802.3af/at, PoE power budget  110W, HPP Cloud managed, VLAN, STP/RSTP loop prefention, PoE watchdog, Max. 300 meter PoE transmission, Desktop/Wall mount",1208.37,1752.14,45,HIKVISION SA,Transmission&Display&Accessory
DS-3E1310HP-EI(O-STD)(B),"L2, Smart Managed, 8 10/100M RJ45 PoE ports, 2 Gigabit RJ45 port, 802.3af/at/bt, Port 1-2 support Hi-PoE 90w, PoE power budget  110W, HPP Cloud managed, VLAN, STP/RSTP loop prefention, PoE watchdog, Max. 300 meter PoE transmission, Desktop/Wall mount",1445.77,2096.37,45,HIKVISION SA,Transmission&Display&Accessory
DS-3E1318P-EI(O-STD)(B),"L2, Smart Managed, 16 10/100M RJ45 PoE ports, 2 Gigabit combo ports, 802.3af/at, PoE power budget  230W, Max. 300 meter long distance PoE transmission, Visualized Topology Management, Network Health Monitor, Real-Time Alarm Push and Video Control and Preview",2713.17,3934.1,45,HIKVISION SA,Transmission&Display&Accessory
DS-3E1326P-EI(O-STD)(B),"L2, Smart Managed, 24 10/100M RJ45 PoE ports,  2 Gigabit combo ports, 802.3af/at, PoE power budget  370W,HPP Cloud managed, VLAN, STP/RSTP loop prefention, PoE watchdog, Max. 300 meter PoE transmission, Rack Mounted",3484.41,5052.39,45,HIKVISION SA,Transmission&Display&Accessory
DS-3E1510P-EI/M(O-STD)(B),"L2, Smart Managed, 8 Gigabit RJ45 PoE ports, 2 Gigabit RJ45 port, 802.3af/at, PoE power budget 80W, HPP Cloud managed, VLAN, STP/RSTP loop prefention, PoE watchdog, Max. 300 meter PoE transmission, Desktop/Wall mount",1058.89,1535.39,45,HIKVISION SA,Transmission&Display&Accessory
DS-3E1510P-EI/M-8P2F(O-STD),"L2, Smart Managed, 8 Gigabit RJ45 PoE ports, 2 Gigabit SFP port, 802.3af/at, PoE power budget  80W, HPP Cloud managed, VLAN, STP/RSTP loop prefention, PoE watchdog, Max. 300 meter PoE transmission, Desktop/Wall mount",1269.91,1841.37,45,HIKVISION SA,Transmission&Display&Accessory
DS-3E1518P-EI/M(O-STD),"L2, Smart Managed, 16 Gigabit RJ45 PoE ports, 1 Gigabit RJ45 port, 1 Gigabit SFP port, 802.3af/at, PoE power budget  130W, HPP Cloud managed, VLAN, STP/RSTP loop prefention, PoE watchdog, Max. 300 meter PoE transmission, Rack mount",2873.95,4167.23,45,HIKVISION SA,Transmission&Display&Accessory
DS-3E1526P-EI/M(O-STD),"L2, Smart Managed, 24 Gigabit RJ45 PoE ports, 1 Gigabit RJ45 port, 1 Gigabit SFP port, 802.3af/at, PoE power budget  230W, HPP Cloud managed, VLAN, STP/RSTP loop prefention, PoE watchdog, Max. 300 meter PoE transmission, Rack mount",3996.9,5795.51,45,HIKVISION SA,Transmission&Display&Accessory
DS-3E1505P-EI(O-STD),"L2, Smart Managed, 4 Gigabit RJ45 PoE ports, 1 Gigabit RJ45 port, 802.3af/at, PoE power budget 60W, HPP Cloud managed, VLAN, STP/RSTP loop prefention, PoE watchdog, Max. 300 meter PoE transmission, Desktop/Wall mount",692.11,1003.56,45,HIKVISION SA,Transmission&Display&Accessory
DS-3E1506P-EI(O-STD),"L2, Smart Managed, 4 Gigabit RJ45 PoE ports, 2 Gigabit RJ45 port, 802.3af/at, PoE power budget 60W, HPP Cloud managed, VLAN, STP/RSTP loop prefention, PoE watchdog, Max. 300 meter PoE transmission, Desktop/Wall mount",751.15,1089.17,45,HIKVISION SA,Transmission&Display&Accessory
DS-3E1510P-EI(O-STD)V2,"L2, Smart Managed, 8 Gigabit RJ45 PoE ports, 2 Gigabit RJ45 port, 802.3af/at, PoE power budget 110W, HPP Cloud managed, VLAN, STP/RSTP loop prefention, PoE watchdog, Max. 300 meter PoE transmission, Desktop/Wall mount",1399.29,2028.97,45,HIKVISION SA,Transmission&Display&Accessory
DS-3E1518P-EI(O-STD)V2,"L2, Smart Managed, 16 Gigabit RJ45 PoE ports, 1 Gigabit RJ45 port, 1 Gigabit SFP port, 802.3af/at, PoE power budget  230W, HPP Cloud managed, VLAN, STP/RSTP loop prefention, PoE watchdog, Max. 300 meter PoE transmission, Rack mount",3328.66,4826.56,45,HIKVISION SA,Transmission&Display&Accessory
DS-3E1526P-EI(O-STD)V2,"L2, Smart Managed, 24 Gigabit RJ45 PoE ports, 1 Gigabit RJ45 port, 1 Gigabit SFP port, 802.3af/at, PoE power budget  370W, HPP Cloud managed, VLAN, STP/RSTP loop prefention, PoE watchdog, Max. 300 meter PoE transmission, Rack mount",4928.93,7146.95,45,HIKVISION SA,Transmission&Display&Accessory
DS-3E1510P-SI(O-STD),"L2, Smart Managed, 8 Gigabit PoE ports, 2 Gigabit SFP ports,  802.3af/at, PoE power budget 110W, max. 300 meter long distance PoE transmission, PoE watchdog, VLAN, QoS, SNMP, Port Mirroring, Storm Control, Visualized Topology Management, Network Health Monitor, Real-Time Alarm Push and Video Control and Preview",1832.65,2657.34,45,HIKVISION SA,Transmission&Display&Accessory
DS-3E1518P-SI(O-STD),"L2, Smart Managed, 16 Gigabit PoE ports, 2 Gigabit SFP ports,  802.3af/at, PoE power budget 225W, max. 300 meter long distance PoE transmission, PoE watchdog, VLAN, QoS, SNMP, Port Mirroring, Storm Control, Visualized Topology Management, Network Health Monitor, Real-Time Alarm Push and Video Control and Preview",3427.89,4970.44,45,HIKVISION SA,Transmission&Display&Accessory
DS-3E1526P-SI(O-STD),"L2, Smart Managed, 24 Gigabit PoE ports, 2 Gigabit SFP ports,  802.3af/at, PoE power budget 370W, max. 300 meter long distance PoE transmission, PoE watchdog, VLAN, QoS, SNMP, Port Mirroring, Storm Control, Visualized Topology Management, Network Health Monitor, Real-Time Alarm Push and Video Control and Preview",5004.29,7256.22,45,HIKVISION SA,Transmission&Display&Accessory
DS-3E1528P-SI-24P4F(O-STD),"L2, Smart Managed, 24 Gigabit PoE ports, 4 Gigabit SFP ports,  802.3af/at, PoE power budget 370W, HPP Cloud managed, VLAN, STP/RSTP loop prefention,  DHCP Snooping, ACL, IP&MAC filter based on port, SNMP V1/V2C, Max. 300 meter PoE transmission, Rack mount",5024.39,7285.37,45,HIKVISION SA,Transmission&Display&Accessory
DS-3E1552P-SI(O-STD),"L2, Smart Managed, 48 Gigabit PoE ports, 2 Gigabit RJ45, 2 Gigabit SFP uplink ports,  802.3af/at, PoE power budget 470W, max. 300 meter long distance PoE transmission, PoE watchdog, VLAN, QoS, SNMP, Port Mirroring, Storm Control, Visualized Topology Management, Network Health Monitor, Real-Time Alarm Push and Video Control and Preview",8214.88,11911.58,45,HIKVISION SA,Transmission&Display&Accessory
DS-3E1512HP-SI-8P2T2F(O-STD),"L2, Smart Managed, 8 Gigabit PoE ports, 2 Gigabit RJ45, 2 Gigabit SFP ports,  802.3af/at/bt, port 1-4 support Hi-PoE 90w, PoE power budget 130W, HPP Cloud managed, VLAN, STP/RSTP loop prefention,  DHCP Snooping, ACL, IP&MAC filter based on port, SNMP V1/V2C, Max. 300 meter PoE transmission, Rack mount",2434.32,3529.76,45,HIKVISION SA,Transmission&Display&Accessory
DS-3E1520HP-SI-16P2T2F(O-STD),"L2, Smart Managed, 16 Gigabit PoE ports, 2 Gigabit RJ45, 2 Gigabit SFP ports,  802.3af/at/bt, port 1-4 support Hi-PoE 90w, PoE power budget 230W, HPP Cloud managed, VLAN, STP/RSTP loop prefention,  DHCP Snooping, ACL, IP&MAC filter based on port, SNMP V1/V2C, Max. 300 meter PoE transmission, Rack mount",4295.85,6228.98,45,HIKVISION SA,Transmission&Display&Accessory
DS-3E1528HP-SI-24P2T2F(O-STD),"L2, Smart Managed, 24 Gigabit PoE ports, 2 Gigabit RJ45, 2 Gigabit SFP ports,  802.3af/at/bt, port 1-4 support Hi-PoE 90w, PoE power budget 370W, HPP Cloud managed, VLAN, STP/RSTP loop prefention,  DHCP Snooping, ACL, IP&MAC filter based on port, SNMP V1/V2C, Max. 300 meter PoE transmission, Rack mount",5594.66,8112.26,45,HIKVISION SA,Transmission&Display&Accessory
DS-3E1524-SI-16F8T(O-STD),"L2, Smart Managed, 8 Gigabit ports, 16 Gigabit SFP ports, HPP Cloud managed, VLAN, STP/RSTP/ERPS loop prevention, DHCP Snooping, ACL, IP&MAC filter based on port, SNMP V1/V2C, Rack mount",3920.28,5684.41,45,HIKVISION SA,Transmission&Display&Accessory
DS-3E1528-SI-24T4F(O-STD),"L2, Smart Managed, 24 Gigabit ports, 4 Gigabit SFP ports, HPP Cloud managed, VLAN, STP/RSTP loop prefention,  DHCP Snooping, ACL, IP&MAC filter based on port, SNMP V1/V2C, Max. 300 meter PoE transmission, Rack mount",2730.76,3959.6,45,HIKVISION SA,Transmission&Display&Accessory
DS-3E2728-HI-24T4X(O-STD),"L2+, Smart Managed, 24 Gigabit RJ45 ports, 4 10G SFP+ ports, Up to 6k IPv4 routing numbers, Loop prevention(RSTP/MSTP/PVST+/RPVST+), Routing(RIP/OSPF/Static), Stackable, IGMP, QoS(SP/WRR/SP+WRR), VLAN(VLAN MAPPING/QinQ), SNMP V1/2/3, Traffic Shaping, HPP/SSH/Console management",4073.52,5906.6,45,HIKVISION SA,Transmission&Display&Accessory
DS-3E2736-HI-24F8T4X(O-STD),"L2+, Smart Managed, 24 Gigabit SFP ports, 8 Gigabit RJ45 ports, 6 10G SFP+ ports, Up to 6k IPv4 routing numbers, Loop prevention(RSTP/MSTP/PVST+/RPVST+), Routing(RIP/OSPF/Static), Stackable, IGMP, QoS(SP/WRR/SP+WRR), VLAN(VLAN MAPPING/QinQ), SNMP V1/2/3, Traffic Shaping, HPP/SSH/Console management",8928.34,12946.09,45,HIKVISION SA,Transmission&Display&Accessory
DS-3E2754-HI-48T6X(O-STD),"L2+, Smart Managed, 48 Gigabit RJ45 ports, 6 10G SFP+ ports, Up to 6k IPv4 routing numbers, Loop prevention(RSTP/MSTP/PVST+/RPVST+), Routing(RIP/OSPF/Static), Stackable, IGMP, QoS(SP/WRR/SP+WRR), VLAN(VLAN MAPPING/QinQ), SNMP V1/2/3, Traffic Shaping, HPP/SSH/Console management",8423.39,12213.92,45,HIKVISION SA,Transmission&Display&Accessory
DS-3E2528-HI-24T4F(O-STD),"L2+, Smart Managed, 24 Gigabit RJ45 ports, 4 Gigabit SFP ports, Up to 512 IPv4 routing numbers, Loop prevention(RSTP/MSTP/PVST+/RPVST+), Routing(RIP/OSPF/Static), Stackable, IGMP, QoS(SP/WRR/SP+WRR), VLAN(VLAN MAPPING/QinQ), SNMP V1/2/3, Traffic Shaping, HPP/SSH/Console management",2781.0,4032.45,45,HIKVISION SA,Transmission&Display&Accessory
DS-3E2552-HI-48T4F(O-STD),"L2+, Smart Managed, 48 Gigabit RJ45 ports, 4 Gigabit SFP ports, Up to 512 IPv4 routing numbers, Loop prevention(RSTP/MSTP/PVST+/RPVST+), Routing(RIP/OSPF/Static), Stackable, IGMP, QoS(SP/WRR/SP+WRR), VLAN(VLAN MAPPING/QinQ), SNMP V1/2/3, Traffic Shaping, HPP/SSH/Console management",5256.77,7622.32,45,HIKVISION SA,Transmission&Display&Accessory
DS-3E2326P(O-STD),"L2, Full managed, 24 10/100M RJ45 PoE ports, 2 Gigabit combo ports, 802.3af/at, PoE power budget 380W, VLAN, QoS, SNMP, IGMP snooping,STP",6553.06,9501.94,45,HIKVISION SA,Transmission&Display&Accessory
DS-3E2510P(B)(O-STD),"L2, Full managed, 8 100M PoE port, 2 1000M combo port, 802.3af/at, PoE power budget 125W",5673.79,8227.0,45,HIKVISION SA,Transmission&Display&Accessory
DS-3E2528P(B)(O-STD),"L2, Full managed, 24 Gigabit RJ45 PoE ports, 4 Gigabit SFP ports, 802.3af/at, PoE power budget 380W, VLAN, RSTP, IGMP, QoS, ERPS",10508.51,15237.34,45,HIKVISION SA,Transmission&Display&Accessory
DS-3T3512P(O-STD)/No Power unit,"L3, Full managed, 8 Gigabit RJ45 PoE Ports, 4 Gigabit SFP uplink ports, 802.3af/at, power budget ≤240w( based on power supply, power supply unit not included ), -40°C to 75°C, VLAN, QoS, STP, OSPF, CLI, SNMP, DIN rail",8163.38,11836.9,45,HIKVISION SA,Transmission&Display&Accessory
DS-3T2506P(O-STD)/No Power unit,"L2+, Full managed, 4 Gigabit RJ45 PoE Ports, 2 Gigabit SFP uplink ports, 802.3af/at, power budget ≤120w( based on power supply, power supply unit not included), IP40, -40°C to 75°C, VLAN, QoS, STP, CLI, SNMP,802.1X, DIN rail",3528.38,5116.15,45,HIKVISION SA,Transmission&Display&Accessory
DS-3T2510P(O-STD)/No Power unit,"L2+, Full managed, 8 Gigabit RJ45 PoE Ports, 2 Gigabit SFP uplink ports, 802.3af/at, power budget ≤240w( based on power supply, power supply unit not included), IP40, -40°C to 75°C, VLAN, QoS, STP, CLI, SNMP,802.1X, DIN rail",4275.76,6199.85,45,HIKVISION SA,Transmission&Display&Accessory
DS-3T1506HP-SI-4P2F(O-STD)/No Power unit,"L2, Smart Managed, 4 Gigabit PoE ports, 4 Gigabit SFP ports, 802.3af/at/bt, port 1-4 support Hi-PoE 90w, power budget<300w( based on power supply, power unit is not included ), -40°C to 75°C, HPP Cloud managed, VLAN, STP/RSTP /ERPS, DHCP Snooping, ACL, IP&MAC filter based on port, SNMP V1/V2C, Max. 300 meter PoE transmission, DIN rail, IP40",1962.02,2844.93,45,HIKVISION SA,Transmission&Display&Accessory
DS-3T1512HP-SI-8P4F(O-STD)/No Power unit,"L2, Smart Managed, 8 Gigabit PoE ports, 4 Gigabit SFP ports,  802.3af/at/bt, port 1-4 support Hi-PoE 90w, power budget ≤300w( based on power supply, power supply unit not included ), -40°C to 75°C, HPP Cloud managed, VLAN, STP/RSTP /ERPS,  DHCP Snooping, ACL, IP&MAC filter based on port, SNMP V1/V2C, Max. 300 meter PoE transmission, DIN rail, IP40",2193.15,3180.07,45,HIKVISION SA,Transmission&Display&Accessory
DS-3T1528HP-SI-24P4F(O-STD)/No Power,"L2, Smart Managed, 24 Gigabit PoE ports, 4 Gigabit SFP ports,  802.3af/at/bt, port 1-4 support Hi-PoE 90w, power budget ≤480w( based on power supply, power supply unit not included ), -40°C to 75°C, HPP Cloud managed, VLAN, STP/RSTP /ERPS,  DHCP Snooping, ACL, IP&MAC filter based on port, SNMP V1/V2C, Max. 300 meter PoE transmission, Rack mount",5579.59,8090.41,45,HIKVISION SA,Transmission&Display&Accessory
DS-3T1506HP-EI-UPS(O-STD)/No Power unit,"L2, Smart Managed, Industrial Solar Powered PoE Switch, 4 Gigabit PoE ports, 2 Gigabit SFP ports, 1 x RS485 port, 802.3af/at/bt, Port 1 support HiPoE, Port 3-4 support 24V passive poe and at PoE Switchable, DC 12-24V input, -40°C to 75°C, DIN Rail/Wall Mount, IP30, Solar battery health monitor",2157.98,3129.07,45,HIKVISION SA,Transmission&Display&Accessory
DS-3T0306HP(O-STD)/No Power unit,"L2, Unmanaged, 4 10/100M PoE ports, 1 Gigabit RJ45, 1 Gigabit SFP Uplink,  802.3af/at/bt, port 1 support Hi-PoE 60w, power budget≤110w ( based on power supply, power supply unit not included ), ports 3-4 support up to 300meter, 6KV surge protection, supports POE watchdog, port isolation, -40~75°C, DIN rail",695.88,1009.03,45,HIKVISION SA,Transmission&Display&Accessory
DS-3T0310HP(O-STD)/No Power unit,"L2, Unmanaged, 8 10/100M PoE ports, 1 Gigabit RJ45, 1 Gigabit SFP Uplink,  802.3af/at/bt, port 1-2 support Hi-PoE 60w, power budget≤110w ( based on power supply, power supply unit not included ), ports 7-8 support up to 300meter, 6KV surge protection, supports POE watchdog, port isolation, -40~75°C, DIN rail",1214.65,1761.24,45,HIKVISION SA,Transmission&Display&Accessory
DS-3T1306P-SI/HS(O-STD),"L2, Smart Managed, 4 10/100M PoE ports, 1 Gigabit RJ45, 1 Gigabit SFP Uplink,  802.3af/at, PoE power budget 60w, max. 300 meter long distance PoE transmission, PoE watchdog, VLAN, QoS, SNMP, STP/RSTP, ERPS, Visualized Topology Management, -30~65°C, DIN rail, IP40, Network Health Monitor, power supply unit is included by default, industrial power supply optional",1091.55,1582.75,45,HIKVISION SA,Transmission&Display&Accessory
DS-3T1310P-SI/HS(O-STD),"L2, Smart Managed, 8 10/100M PoE ports, 1 Gigabit RJ45, 1 Gigabit SFP Uplink,  802.3af/at, PoE power budget 110w, max. 300 meter long distance PoE transmission, PoE watchdog, VLAN, QoS, SNMP, STP/RSTP, ERPS, Visualized Topology Management, -30~65°C, DIN rail, IP40, Network Health Monitor, power supply unit is included by default, industrial power supply optional",1818.83,2637.3,45,HIKVISION SA,Transmission&Display&Accessory
DS-3T0506HP-E/HS(O-STD),"L2, Unmanaged, 4 Gigabit RJ45 PoE ports, 2 Gigabit SFP uplink ports, 802.3af/at/bt, port 1 support Hi-PoE 60w, PoE power budget 60W, ports 3-4 support up to 300meter, 6KV surge protection, supports POE watchdog, port isolation, -30~65°C, DIN rail",1091.55,1582.75,45,HIKVISION SA,Transmission&Display&Accessory
DS-3T0510HP-E/HS(O-STD),"L2, Unmanaged, 8 Gigabit RJ45 PoE ports, 2 Gigabit SFP uplink ports, 802.3af/at/bt, port 1-2 support Hi-PoE 90w, PoE power budget 110W, ports 7-8 support up to 300meter, 6KV surge protection, supports POE watchdog, port isolation, -30~65°C, DIN rail",1818.83,2637.3,45,HIKVISION SA,Transmission&Display&Accessory
DS-3T1512HP-SI-8P4F(O-STD)KIT(240W),"L2, Smart Managed, 8 Gigabit PoE ports, 4 Gigabit SFP ports, 802.3af/at/bt, port 1-4 support Hi-PoE 90w, power budget 240w, -40°C to 75°C, HPP Cloud managed, VLAN, STP/RSTP /ERPS, DHCP Snooping, ACL, IP&MAC filter based on port, SNMP V1/V2C, Max. 300 meter PoE transmission, DIN rail, IP40
240W KIT, KIT included model: DS-3T1512HP-SI-8P4F x 1, NDR-240-48 x 1",3243.24,4702.7,45,HIKVISION SA,Transmission&Display&Accessory
DS-3T1512HP-SI-8P4F(O-STD)KIT(75W),"L2, Smart Managed, 8 Gigabit PoE ports, 4 Gigabit SFP ports, 802.3af/at/bt, port 1-4 support Hi-PoE 90w, power budget 75w, -40°C to 75°C, HPP Cloud managed, VLAN, STP/RSTP /ERPS, DHCP Snooping, ACL, IP&MAC filter based on port, SNMP V1/V2C, Max. 300 meter PoE transmission, DIN rail, IP40
75W KIT, KIT included model: DS-3T1512HP-SI-8P4F x 1, NDR-240-48 x 1",2601.38,3772.0,45,HIKVISION SA,Transmission&Display&Accessory
DRL-48V75W1AZ,"75W industrial power supply, output48V, 1.57A, working temp. -20~70°C, DIN rail",425.82,617.44,45,HIKVISION SA,Transmission&Display&Accessory
DRL-48V240W1EN,"240W industrial power supply, output48V, 5.0A, working temp. -30~70°C, DIN rail",1087.78,1577.28,45,HIKVISION SA,Transmission&Display&Accessory
NDR-75-48,"75W industrial power supply，AC/DC Power Supply, Output 48V-55V, 0-5A, 240watts, Input 90-264VAC, 127-370VDC, DIN rail, -20~70°C",502.44,728.54,45,HIKVISION SA,Transmission&Display&Accessory
NDR-240-48,"240W industrial power supply，AC/DC Power Supply, Output 48V-55V, 0-10A, 480watts, Input 90-264VAC, 127-370VDC, DIN rail, -20~70°C",1087.78,1577.28,45,HIKVISION SA,Transmission&Display&Accessory
NDR-480-48,"480Watts Industrial Power supply unit for industrial PoE switch,AC/DC Power Supply, Output 48V-55V, 0-10A, 480watts, Input 90-264VAC, 127-370VDC, DIN rail, -20~70°C",2170.54,3147.28,45,HIKVISION SA,Transmission&Display&Accessory
DS-3E0502P-E(O-STD),"PoE Injector, 1 × Gigabit PoE port out,1 × Gigabit RJ45 port, 30 W, 6 kV Surge Protection, Desktop/Wall Installation",321.56,466.26,45,HIKVISION SA,Transmission&Display&Accessory
DS-3E0103DP-E/R(O-STD),"PoE Repeater, 1 × 10/100 Mbps PoE IN port and 2 × 10/100 Mbps PoE OUT port, PoE power budget 30W",197.21,285.95,45,HIKVISION SA,Transmission&Display&Accessory
DS-3E0503DP-E/R,"PoE Repeater, 1 × Gigabit PoE IN port and 2 × Gigabit PoE OUT port, PoE power budget 30W",340.4,493.58,45,HIKVISION SA,Transmission&Display&Accessory
DS-3E0505P-E/R(O-STD),"PoE Repeater, 4 × Gigabit PoE port (Output),1 × Gigabit PoE port (Input), PoE power budget 60W",586.6,850.57,45,HIKVISION SA,Transmission&Display&Accessory
DS-3D501T-A(O-STD),"Fiber optical transceiver, 1 Gigabit RJ45 ports, 1 Gigabit SFP ports(SC optical module intergrated, Single-mode, Singlle-fiber), 20KM distance, Tx1310nm/Rx1550nm,-20 °C to 60 °C",368.04,533.66,45,HIKVISION SA,Transmission&Display&Accessory
DS-3D501R-A(O-STD),"Fiber optical Receiver, 1 Gigabit RJ45 ports, 1 Gigabit SFP ports(SC optical module intergrated, Single-mode, Singlle-fiber), 20KM distance, Tx1550nm/Rx1310nm,-20 °C to 60 °C",391.9,568.25,45,HIKVISION SA,Transmission&Display&Accessory
DS-3D01T-A(B)(O-STD),"Fiber optical transceiver, 1 10/100M RJ45 ports, 1 10/100M SFP ports(SC optical module intergrated, Single-mode, Singlle-fiber), 20KM distance, Tx1310nm/Rx1550nm,-20 °C to 60 °C",283.88,411.63,45,HIKVISION SA,Transmission&Display&Accessory
DS-3D01R-A(B)(O-STD),"Fiber optical Receiver, 1 10/100M RJ45 ports, 1 10/100M SFP ports(SC optical module intergrated, Single-mode, Singlle-fiber), 20KM distance, Tx1550nm/Rx1310nm,-20 °C to 60 °C",273.83,397.05,45,HIKVISION SA,Transmission&Display&Accessory
DS-3D501T-3(O-STD),"Fiber optical transceiver, 1 Gigabit RJ45 ports, 1 Gigabit SFP ports(SC optical module intergrated, Single-mode, Singlle-fiber), 3KM distance, Tx1310nm/Rx1550nm,-20 °C to 60 °C",317.79,460.8,45,HIKVISION SA,Transmission&Display&Accessory
DS-3D501R-3(O-STD),"Fiber optical Receiver, 1 Gigabit RJ45 ports, 1 Gigabit SFP ports(SC optical module intergrated, Single-mode, Singlle-fiber), 3KM distance, Tx1550nm/Rx1310nm,-20 °C to 60 °C",324.07,469.9,45,HIKVISION SA,Transmission&Display&Accessory
DS-3WR3N(O-STD)/EU,"11n 300M WiFi4 wireless router, 2.4GHz 300Mbps, 3 × 100 Mbps LAN ports, 1 × 100 Mbps WAN port, 2× 5-dBi antennas, Hik-Connect App",206.0,298.7,45,HIKVISION SA,Transmission&Display&Accessory
DS-3WR12C(O-STD)/EU,"AC1200 Dual-band WiFi4 router, 5GHz: 867Mbps + 2GHz 300Mbps, 4 × 100 Mbps LAN ports, 4 × 5-dBi antennas, Hik-Connect App",320.3,464.44,45,HIKVISION SA,Transmission&Display&Accessory
DS-3WR12GC(O-STD)/EU,"AC1200M Dual-band WiFi5 wireless router, 5GHz: 867Mbps + 2.4GHz 300Mbps, 3 × Gigabit LAN ports, 1 × Gigabit WAN port, 4 × 5-dBi antennas, Hik-Connect App",361.76,524.55,45,HIKVISION SA,Transmission&Display&Accessory
DS-3WR12C-H(O-STD)/EU,"AC1200M Dual-band WiFi5 wireless router, 5GHz: 867Mbps + 2.4GHz 300Mbps, 3 × 100 Mbps LAN ports, 1 × 100 Mbps WAN port, 4 × 5-dBi antennas，Hik-Connect, Hik-partner Pro App,Hikvision Mesh",384.37,557.34,45,HIKVISION SA,Transmission&Display&Accessory
DS-3WR12GC-H(O-STD)/EU,"AC1200M Dual-band WiFi5 wireless router, 5GHz: 867Mbps + 2.4GHz 300Mbps, 3 × Gigabit LAN ports, 1 × Gigabit WAN port, 4 × 5-dBi antennas，Hik-Connect, Hik-partner Pro App,Hikvision Mesh",476.06,690.29,45,HIKVISION SA,Transmission&Display&Accessory
DS-3WR15X(O-STD)/EU,"AX1500M Dual-band WiFi 6 wireless router, 5GHz: 1201Mbps + 2.4GHz 300Mbps, 3 × 1000 Mbps LAN ports, 1 × 1000 Mbps WAN port, 4 × high gain antennas, Hik-Connect App",493.65,715.79,45,HIKVISION SA,Transmission&Display&Accessory
DS-3WR18X(O-STD)/EU,"AX1800M Dual-band WiFi 6 wireless router, 5GHz: 1201Mbps + 2.4GHz 574Mbps, 3 × 1000 Mbps LAN ports, 1 × 1000 Mbps WAN port, 5 × high gain antennas, Hik-Connect, Hik-partner Pro App",569.01,825.06,45,HIKVISION SA,Transmission&Display&Accessory
DS-3WR30X(O-STD)/EU,"AX3000M Dual-band WiFi 6 wireless router, 5GHz: 2402Mbps + 2.4GHz 3574Mbps, 4 × 10/100/1000Mbps Adaptive WAN/LAN Ports, 5 × high gain antennas, Hik-Connect, Hik-partner Pro App",634.33,919.78,45,HIKVISION SA,Transmission&Display&Accessory
DS-3WR30X-V(O-STD)/EU,"AX3000M Dual-band WiFi 6 wireless router, vertical shape，5GHz: 2402Mbps + 2.4GHz 3574Mbps, 4 × 10/100/1000Mbps Adaptive WAN/LAN Ports, 5 × high gain antennas, Hik-Connect, Hik-partner Pro App",634.33,919.78,45,HIKVISION SA,Transmission&Display&Accessory
DS-3WR4G3N(O-STD)/EU,"4G LTE Wi-Fi Router, Max 4G speed: DL:150Mbps; UL:50Mbps
Wi-Fi speed: 2.4GHz:300Mbps
4G Cartgory LTE CAT.4
Support FDD LTE,TDD-LTE,WCDMA",537.61,779.53,45,HIKVISION SA,Transmission&Display&Accessory
DS-3WR4G12C(O-STD)/EU,"4G LTE Wi-Fi Router, Max 4G speed: DL:150Mbps; UL:50Mbps
Wi-Fi speed: 2.4GHz:300Mbps ; 5GHz:867Mbps
4G Cartgory LTE CAT.4
Support FDD LTE,TDD-LTE,WCDMA",771.24,1118.3,45,HIKVISION SA,Transmission&Display&Accessory
DS-3WRE12C(O-STD)/EU,"AC1200M Dual-band WiFi5 wireless extender, 5GHz: 867Mbps + 2.4GHz 300Mbps, 1 × 100 Mbps LAN port, 2 × 5-dBi antennas",320.3,464.44,45,HIKVISION SA,Transmission&Display&Accessory
DS-3WRE3N(O-STD)/EU,"300M WiFi4 wireless extender, 2.4GHz 300Mbps, 2 × 3-dBi antennas",206.0,298.7,45,HIKVISION SA,Transmission&Display&Accessory
DS-3WRM12GC(O-STD)/EU,"AC1200M Dual-band WiFi5 Mesh Wi-Fi Router, 5GHz: 867Mbps + 2.4GHz 300Mbps, 3 × Gigabit LAN ports, 1 × Gigabit WAN port, Hik-Connect, Hik-partner Pro App,Hikvision Mesh, 1pcs",607.95,881.53,45,HIKVISION SA,Transmission&Display&Accessory
DS-3WRM12GC/2(O-STD)/EU,"AC1200M Dual-band WiFi5 Mesh Wi-Fi Router, 5GHz: 867Mbps + 2.4GHz 300Mbps, 3 × Gigabit LAN ports, 1 × Gigabit WAN port, Hik-Connect, Hik-partner Pro App,Hikvision Mesh, 2 pcs",1176.96,1706.59,45,HIKVISION SA,Transmission&Display&Accessory
DS-3WRM12GC/3,"AC1200M Dual-band WiFi5 Mesh Wi-Fi Router, 5GHz: 867Mbps + 2.4GHz 300Mbps, 3 × Gigabit LAN ports, 1 × Gigabit WAN port, Hik-Connect, Hik-partner Pro App,Hikvision Mesh, 3 pcs",1766.07,2560.8,45,HIKVISION SA,Transmission&Display&Accessory
DS-3WRU3X(0-STD),"AX300 Wi-Fi 6 Nano USB Adapter, Speed up to 286Mbps.Compatible with Windows 7/10/11, Linux",65.32,94.71,45,HIKVISION SA,Transmission&Display&Accessory
DS-3WRU3X-H(0-STD),"AX300 Wi-Fi 6 High Gain USB Adapter, Speed up to 286Mbps.Compatible with Windows 7/10/11, Linux",82.9,120.2,45,HIKVISION SA,Transmission&Display&Accessory
DS-3WRU9X(O-STD),"AX900 Wi-Fi 6 Nano USB Adapter, Speed up to 886Mbps.Compatible with Windows 7/10/11, Linux",109.28,158.46,45,HIKVISION SA,Transmission&Display&Accessory
DS-3WRU9X-H,"AX900 Wi-Fi 6 High Gain USB Adapter, Speed up to 886Mbps.Compatible with Windows 7/10/11, Linux",126.87,183.96,45,HIKVISION SA,Transmission&Display&Accessory
DS-3WAP522-SI(O-STD),"1200 Mbps Dual-band Wi-Fi 5 Gigabit ceiling mount indoor AP, 2x2 MIMO, 1 Gigabit port with PoE in, Max/Recommend user access is 256/80, HPP/HC unified cloud app management, Support batch managed via AC Router, Support standalone configuration via AP's web, DC 12V(Note: power adapter is not included, suggest using POE for power supply, no need aditional power adapter)",906.9,1315.0,45,HIKVISION SA,Transmission&Display&Accessory
DS-3WAP622G-SI(O-STD),"1800 Mbps Dual-band Wi-Fi 6 Gigabit ceiling mount indoor AP, 2x2 MIMO, 1 Gigabit port with PoE in, Max/Recommend user access is 256/100, HPP/HC unified cloud app management, Support batch managed via AC Router, Support standalone configuration via AP's web, DC 12V(Note: power adapter is not included, suggest using POE for power supply, no need aditional power adapter)",1401.8,2032.61,45,HIKVISION SA,Transmission&Display&Accessory
DS-3WAP622E-SI(O-STD),"3000 Mbps Dual-band Wi-Fi 6 Gigabit ceiling mount indoor AP, 2x2 MIMO, 1 2.5G Multi-Giga port with PoE in, Max/Recommend user access is 256/100, HPP/HC unified cloud app management, Support batch managed via AC Router, Support standalone configuration via AP's web, DC 12V(Note: power adapter is not included, suggest using POE for power supply, no need aditional power adapter)",1718.34,2491.59,45,HIKVISION SA,Transmission&Display&Accessory
DS-3WAP521-SI(O-STD),"1200 Mbps Dual-band Wi-Fi 5 Gigabit in-Wall indoor AP, 2x2 MIMO, 2 Gigabit port with 1 PoE in, Max/Recommend user access is 128/50, HPP/HC unified cloud app management, Support batch managed via AC Router, Support standalone configuration via AP's web, 86 mm standard wall junction box",909.41,1318.64,45,HIKVISION SA,Transmission&Display&Accessory
DS-3WAP621E-SI(O-STD),"3000 Mbps Dual-band Wi-Fi 6 Gigabit in-Wall indoor AP, 2x2 MIMO, 2 Gigabit port with 1 PoE in, Max/Recommend user access is 256/70, HPP/HC unified cloud app management, Support batch managed via AC Router, Support standalone configuration via AP's web, 86 mm standard wall junction box",1425.67,2067.22,45,HIKVISION SA,Transmission&Display&Accessory
DS-3WAP623E-SI(O-STD),"3000 Mbps Dual-band Wi-Fi 6 Gigabit outdoor AP, 2x2 MIMO, 1 Gigabit port with PoE in, IP68, Max/Recommend user access is 256/100, HPP/HC unified cloud app management, Support batch managed via AC Router, Support standalone configuration via AP's web, DC 12V(Note: power adapter is not included, suggest using POE for power supply, no need aditional power adapter)",2078.84,3014.32,45,HIKVISION SA,Transmission&Display&Accessory
DS-3WG105G-SI(O-STD),"Concurrent Users 100, Up to 4 WAN Loadbalancing, 2 Gigabit WAN Ports with 1 WAN/LAN Switchable, 3 Gigabit LAN Ports with 2 LAN/WAN Switchable, 32 APs, IPSec throughput 100Mpbs, 40K Concurrent sessions, Desktop/Wall",1105.37,1602.79,45,HIKVISION SA,Transmission&Display&Accessory
DS-3WG105GP-SI(O-STD),"Concurrent Users 100, Up to 2 WAN Loadbalancing,  1 Gigabit WAN Port, 4 Gigabit PoE LAN Ports with 1 LAN/WAN Switchable, 32 APs, 58w, IPSec throughput 100Mpbs, 40K Concurrent sessions, Desktop/Wall",1340.26,1943.38,45,HIKVISION SA,Transmission&Display&Accessory
DS-3WG210GP-SI(O-STD),"Concurrent Users 200, Up to 4 WAN Loadbalancing, 2 Gigabit WAN Ports with 1 WAN/LAN Switchable, 8 Gigabit PoE LAN Ports with 2 LAN/WAN Switchable, 200 APs, 75w, IPSec throughput 100Mpbs, 40K Concurrent sessions, Desktop",2032.37,2946.94,45,HIKVISION SA,Transmission&Display&Accessory
DS-3WG507G-SI(O-STD),"Concurrent Users 500, Up to 6 WAN Loadbalancing, 1 Gigabit RJ45/SFP Optional Combo WAN Port, 1 Gigabit RJ45 WAN Port WAN/LAN Switchable, 1 Gigabit SFP WAN Port WAN/LAN Switchable, 4 Gigabit LAN Ports with 3 LAN/WAN Switchable, 288 APs,  IPSec throughput 300Mpbs, 160K Concurrent sessions, Rack",3064.88,4444.08,45,HIKVISION SA,Transmission&Display&Accessory
DS-3WF0EC-5ACT(B)(O-STD),"Elevator 5GHz wireless bridge, Max.distance 500m,  2×2 MIMO antenna with 867Mbps thoughput, IEEE 802.11ac, Angle H: 50° V: 50°,2 10/100M RJ45, 2 × 10/100 Mbps RJ45 ports, support Standard PoE input&Output, DFS,TPC, HPP
Tested Throughput at different distance:
PTP: 40Mbps/500M, 80Mbps/200M",1355.33,1965.23,45,HIKVISION SA,Transmission&Display&Accessory
DS-3WF0EC-2NT(O-STD),"Elevator 2.4GHz wireless bridge, Max.distance 500m,  2×2 MIMO antenna with 300Mbps thoughput, IEEE 802.11n, Angle H: 65° V: 65°,2 10/100M RJ45, 2 × 10/100 Mbps RJ45 ports, support 12~24V DC and passive PoE input, HPP
Tested Throughput at different distance:
PTP: 30Mbps/500m, 50Mbps/200M",663.22,961.67,45,HIKVISION SA,Transmission&Display&Accessory
DS-3WF0FA-5AC/O,"Outdoor 5GHz wireless BaseStation Bridge, Max.distance 1km, 2×2 MIMO antenna with 867Mbps thoughput, 802.11ac, Angle H: 360°, 2 Gigabit RJ45 ports, Support  Standard PoE Power supply, Support Web, iVMS-4200, HCP
Point to multi-point: Support up to 16-ch IPC (2MP) in Max. 1 KM distance and Max. 80 Mbps bandwidth within 360°, Max. 1 to 8 PTMP connection",2583.79,3746.5,45,HIKVISION SA,Transmission&Display&Accessory
DS-3WF1000-EI-2N(O-STD),"Outdoor 2.4GHz wireless bridge Kit, Max.distance 1km, 2×2 MIMO antenna with 300Mbps thoughput, 7dBi gain, 802.11n, Angle H: 60°, 2 100Mbps RJ45 ports, Support 12 VDC or Passive PoE Power supply, Support Web, iVMS-4200, HCP, HPP
Tested Throughput at different distance:
PTP: 70Mbps/1KM, 90Mbps/500M, 90Mbps/200M
PTMP(1 to 4): 40Mbps/1KM",713.46,1034.52,45,HIKVISION SA,Transmission&Display&Accessory
DS-3WF1000S-EI-2N(O-STD),"Outdoor 2.4GHz wireless bridge CPE, Max.distance 1km, 2×2 MIMO antenna with 300Mbps thoughput, 7dBi gain, 802.11n, Angle H: 60°, 2 100Mbps RJ45 ports, Support 12 VDC or Passive PoE Power supply, Support Web, iVMS-4200, HCP, HPP
Tested Throughput at different distance:
PTP: 70Mbps/1KM, 90Mbps/500M, 90Mbps/200M
PTMP(1 to 4): 40Mbps/1KM",393.16,570.08,45,HIKVISION SA,Transmission&Display&Accessory
DS-3WF1000-EI-2N/P(O-STD),"Outdoor 2.4GHz wireless bridge Kit, Max.distance 1km, 2×2 MIMO antenna with 300Mbps thoughput, 7dBi gain, 802.11n, Angle H: 60°, 2 100Mbps RJ45 ports, Support Standard PoE input&Output, Support Web, iVMS-4200, HCP, HPP
Tested Throughput at different distance:
PTP: 70Mbps/1KM, 90Mbps/500M, 90Mbps/200M
PTMP(1 to 4): 40Mbps/1KM",889.32,1289.51,45,HIKVISION SA,Transmission&Display&Accessory
DS-3WF1000S-EI-2N/P(O-STD),"Outdoor 2.4GHz wireless bridge CPE, Max.distance 1km, 2×2 MIMO antenna with 300Mbps thoughput, 7dBi gain, 802.11n, Angle H: 60°, 2 100Mbps RJ45 ports, Support Standard PoE Output, Support Web, iVMS-4200, HCP, HPP
Tested Throughput at different distance:
PTP: 70Mbps/1KM, 90Mbps/500M, 90Mbps/200M
PTMP(1 to 4): 40Mbps/1KM",496.16,719.43,45,HIKVISION SA,Transmission&Display&Accessory
DS-3WF3000-EI-5AC/P(O-STD),"Outdoor 5GHz wireless bridge Kit, Max.distance 3km, 2×2 MIMO antenna with 867Mbps thoughput, 8dBi gain, 802.11n, Angle H: 50°, 2 100Mbps RJ45 ports, support Standard PoE input&Output, Support Web, iVMS-4200, HCP, HPP
Tested Throughput at different distance:
PTP: 40Mbps/3KM, 90Mbps/1KM, 90Mbps/500M
PTMP(1 to 4): 30Mbps/3KM",1176.96,1706.59,45,HIKVISION SA,Transmission&Display&Accessory
DS-3WF3000S-EI-5AC/P(O-STD),"Outdoor 5GHz wireless bridge CPE, Max.distance 3km, 2×2 MIMO antenna with 867Mbps thoughput,8dBi gain, 802.11n, Angle H: 50°, 2 100Mbps RJ45 ports, support Standard PoE Output, Support Web, iVMS-4200, HCP, HPP
Tested Throughput at different distance:
PTP: 40Mbps/3KM, 90Mbps/1KM, 90Mbps/500M
PTMP(1 to 4): 30Mbps/3KM",625.54,907.03,45,HIKVISION SA,Transmission&Display&Accessory
DS-3WF02-5AC/D(O-STD),"Outdoor 5GHz wireless bridge CPE, Max.distance 5km, 2×2 MIMO antenna with 867Mbps thoughput, 9dBi gain, output power 22dBm, 802.11a/n/ac, Angle H: 35°,  2 × 10/100 Mbps RJ45 ports, support Standard PoE input&Output",1425.67,2067.22,45,HIKVISION SA,Transmission&Display&Accessory
DS-3WF02C-5AC/O(O-STD)V3,"Outdoor 5GHz wireless bridge CPE, Max.distance 5km, 2×2 MIMO antenna with 867Mbps thoughput, 9dBi gain, output power 22dBm, 802.11a/n/ac, Angle H: 35°,  1 Gigabit RJ45, 1 Gigabit RJ45 with passive PoE input, TDMA, DFS, TPC, Smart Managed",786.32,1140.16,45,HIKVISION SA,Transmission&Display&Accessory
DS-3WF03C-5AC/O(O-STD)V3,"Outdoor 5GHz wireless bridge CPE, Max.distance 15km, 2×2 MIMO antenna with 867Mbps thoughput, 12dBi gain, output power 27dBm, 802.11a/n/ac, Angle H: 35°,  1 Gigabit RJ45, 1 Gigabit RJ45 with passive PoE input, TDMA, DFS, TPC, Smart Managed",1035.02,1500.78,45,HIKVISION SA,Transmission&Display&Accessory
DS-1LN5E-S(O-STD),"UTP CAT 5E, 305 meters,Core diameter: 0.5mm,OFC,CM,gray",1997.2,2895.94,45,HIKVISION SA,Transmission&Display&Accessory
DS-1LN5E-E/E(O-STD),"UTP CAT 5E, 305 meters,Core diameter: 0.45mm,OFC,CMX,gray",1693.22,2455.17,45,HIKVISION SA,Transmission&Display&Accessory
DS-1LN5EO-UU/E(O-STD),"UTP CAT 5E, outdoor, PE, 305 meters, Core diameter: 0.5mm, Solid Copper, black",1959.51,2841.29,45,HIKVISION SA,Transmission&Display&Accessory
DS-1LN5EOFPSPE(O-STD) black 305m,Cat 5e，SF/UTP，24AWG 0.505mm，LSZH，CPR Fca，Black，305 m,2482.05,3598.97,45,HIKVISION SA,Transmission&Display&Accessory
DS-1LN6-UU(O-STD),"UTP CAT 6, 305 meters,Core diameter: 0.565mm,OFC,CM,orange",2768.44,4014.24,45,HIKVISION SA,Transmission&Display&Accessory
DS-1LN6UTC0(O-STD) grey 305m,CAT6，U/UTP，4P，0.515mm，PVC，grey，305 m，-20~75℃,2201.94,3192.81,45,HIKVISION SA,Transmission&Display&Accessory
DS-1LN6U-G(O-STD),Cat6，U/UTP，23AWG 0.55mm，PVC，grey，305 m,2458.18,3564.36,45,HIKVISION SA,Transmission&Display&Accessory
DS-1LN6U-SC0(O-STD),"UTP CAT 6, 305 meters,Core diameter: 0.55mm,Solid Copper, Orange",2458.18,3564.36,45,HIKVISION SA,Transmission&Display&Accessory
DS-1LN6OUTPE(O-STD) black 305m,Cat6，U/UTP，24AWG，0.515mm，PE，black，305 m,2458.18,3564.36,45,HIKVISION SA,Transmission&Display&Accessory
DS-1LN6OUSPE(O-STD) black 305m,Cat6，U/UTP，23AWG，0.55mm，PE，black，305 m,2806.12,4068.87,45,HIKVISION SA,Transmission&Display&Accessory
DS-1LN6OPSPE(O-STD)/Black 305m,Cat 6，F/UTP，23AWG，0.565mm，PE，305m,3442.96,4992.29,45,HIKVISION SA,Transmission&Display&Accessory
DS-1LN6APSL4(O-STD)/Blue 305m,"Cat6A U/FTP LSZH Dca 23AWG, 305m",3689.16,5349.28,45,HIKVISION SA,Transmission&Display&Accessory
DS-1LC1SCA2C-200B(O-STD),"RG59 Cable, 200m, Conductor material OFC(Oxygen Free Copper), Braiding material CCA, power cable is Copper, VW-1 flame retardant rating, Excellent anti-interference and anti-aging performance",2067.54,2997.93,45,HIKVISION SA,Transmission&Display&Accessory
DS-1LH1SCAM592C(O-STD) 90m,"mini RG59 Cable , CU，26AWG， 2*Power  Cable（0.2），PVC，black，90 meter",462.24,670.25,45,HIKVISION SA,Transmission&Display&Accessory
DS-1LH1SCAM592C(O-STD) 180m,"mini RG59 Cable , CU，26AWG， 2*Power  Cable（0.2），PVC，black，180 meter",914.44,1325.94,45,HIKVISION SA,Transmission&Display&Accessory
DS-1AC4AUC0M(O-STD) 100m,"4-core CCA cable: 4 * 0.22 mm2; 
7*0.18 ± 0.008 mm per core.",165.8,240.41,45,HIKVISION SA,Transmission&Display&Accessory
DS-1AC6AUC0M(O-STD) 100m,"6-core CCA cable: 6 * 0.22 mm2
7*0.18 ± 0.008 mm per core.",233.63,338.76,45,HIKVISION SA,Transmission&Display&Accessory
DS-1AC8AUC0M(O-STD) 100m,"8-core CCA cable: 8 * 0.22 mm3
7*0.18 ± 0.008 mm per core.",277.6,402.52,45,HIKVISION SA,Transmission&Display&Accessory
DS-FOGX-B6A1-L0(O-STD) 1C 1km,"Self-support FTTH (Fiber to the Home) drop cable: GJYXFCH, G.657A1  single-mode, LSZH sheath, black, 1 core, 1 KM",1086.52,1575.45,45,HIKVISION SA,Transmission&Display&Accessory
DS-FOGX-B6A1-L0(O-STD) 1C 2km,"Self-support FTTH (Fiber to the Home) drop cable: GJYXFCH, G.657A1  single-mode, LSZH sheath, black, 1core, 2 KM",2131.6,3090.82,45,HIKVISION SA,Transmission&Display&Accessory
DS-FOGX-B6A1-L0(O-STD) 2C 1km,"Self-support FTTH (Fiber to the Home) drop cable: GJYXFCH, G.657A1  single-mode, LSZH sheath, Black, 2 cores, 1 KM",1230.98,1784.92,45,HIKVISION SA,Transmission&Display&Accessory
DS-FOGX-B6A1-L0(O-STD) 2C 2km,"Self-support FTTH (Fiber to the Home) drop cable: GJYXFCH, G.657A1  single-mode, LSZH sheath, black, 2 cores, 2 KM",2438.09,3535.23,45,HIKVISION SA,Transmission&Display&Accessory
DS-1NP6UEC0(O-STD) orange 0.5m,"Patch cord, CAT6，U/UTP，24AWG，CU，PVC sheath，30U， orange，0.5 m",17.59,25.51,45,HIKVISION SA,Transmission&Display&Accessory
DS-1NP6UEC0(O-STD) grey 0.5m,"Patch cord, CAT6，U/UTP，24AWG，CU，PVC sheath，30U， grey，0.5 m",17.59,25.51,45,HIKVISION SA,Transmission&Display&Accessory
DS-1NP6UEC0(O-STD) orange 1m,"Patch cord, CAT6，U/UTP，24AWG，CU，PVC sheath，30U， orange，1 m",27.63,40.06,45,HIKVISION SA,Transmission&Display&Accessory
DS-1NP6UEC0(O-STD) grey 1m,"Patch cord, CAT6，U/UTP，24AWG，CU，PVC sheath，30U， grey，1 m",27.63,40.06,45,HIKVISION SA,Transmission&Display&Accessory
DS-1NP6UEC0(O-STD) orange 2m,"Patch cord, CAT6，U/UTP，24AWG，CU，PVC sheath，30U， orange，2 m",37.68,54.64,45,HIKVISION SA,Transmission&Display&Accessory
DS-1NP6UEC0(O-STD) grey 2m,"Patch cord, CAT6，U/UTP，24AWG，CU，PVC sheath，30U， grey，2 m",37.68,54.64,45,HIKVISION SA,Transmission&Display&Accessory
DS-1NP6UEC0(O-STD) orange 3m,"Patch cord, CAT6，U/UTP，24AWG，CU，PVC sheath，30U， orange，3 m",51.5,74.67,45,HIKVISION SA,Transmission&Display&Accessory
DS-1NP6UEC0(O-STD) grey 3m,"Patch cord, CAT6，U/UTP，24AWG，CU，PVC sheath，30U， grey，3 m",51.5,74.67,45,HIKVISION SA,Transmission&Display&Accessory
DS-1NP6UEC0(O-STD) orange 5m,"Patch cord, CAT6，U/UTP，24AWG，CU，PVC sheath，30U， orange，5 m",81.65,118.39,45,HIKVISION SA,Transmission&Display&Accessory
DS-1NP6UEC0(O-STD) grey 5m,"Patch cord, CAT6，U/UTP，24AWG，CU，PVC sheath，30U， grey，5 m",81.65,118.39,45,HIKVISION SA,Transmission&Display&Accessory
DS-1NP6UEC0(O-STD) orange 10m,"Patch cord, CAT6，U/UTP，24AWG，CU，PVC sheath，30U， orange，10 m",139.43,202.17,45,HIKVISION SA,Transmission&Display&Accessory
DS-1NP6UEC0(O-STD) grey 10m,"Patch cord, CAT6，U/UTP，24AWG，CU，PVC sheath，30U， grey，10 m",139.43,202.17,45,HIKVISION SA,Transmission&Display&Accessory
DS-1M5EUA-15U(O-STD)/100PCS,"RJ45 Plug for Cat.5E, gold plated, Polycarbonate, UL94V-2, 100 units/box",84.16,122.03,45,HIKVISION SA,Transmission&Display&Accessory
DS-1M6UA-15U(O-STD)/100PCS,"RJ45 Plug for Cat.6, gold plated, Polycarbonate, UL94V-2, 100 units/box",151.99,220.39,45,HIKVISION SA,Transmission&Display&Accessory
DS-1M5EUA-30U(O-STD)/100,"CAT5E，unsheilded, 30U，one piece ，100 units per bottle，ROHS 2.0",111.79,162.1,45,HIKVISION SA,Transmission&Display&Accessory
DS-1M6UA-30U(O-STD)/100,"CAT6，unsheilded, 30U，one piece ，100 units per bottle, ROHS 2.0",182.13,264.09,45,HIKVISION SA,Transmission&Display&Accessory
DS-1H18S/E(C)(O-STD),"TVI convert to UTP transmission with extend cable, passive",32.66,47.36,45,HIKVISION SA,Transmission&Display&Accessory
DS-1FPA1(O-STD) 20PCS,"1-port RJ45 Plane Faceplate, White ,UL94V-0 flame retardant;  20 pcs/box",238.66,346.06,45,HIKVISION SA,Transmission&Display&Accessory
DS-1FPA2(O-STD) 20PCS,"2-port RJ45 Plane Faceplate, White,UL94V-0 flame retardant; 20 pcs/box",278.85,404.33,45,HIKVISION SA,Transmission&Display&Accessory
DS-1CM1U12(O-STD),"1U, 12-slot Cable Management",99.23,143.88,45,HIKVISION SA,Transmission&Display&Accessory
DS-1CM1U24(O-STD),"1U, 24-slot cable management",116.82,169.39,45,HIKVISION SA,Transmission&Display&Accessory
DS-1CP0P24-1U(O-STD) Black,"Sheilded 24-port Blanck Patch Panel, 1U",197.21,285.95,45,HIKVISION SA,Transmission&Display&Accessory
DS-1CP0U24-1U(O-STD) Black,"Unsheilded 24-port Blanck Patch Panel, 1U",187.16,271.38,45,HIKVISION SA,Transmission&Display&Accessory
DS-1CP6U24-1U(O-STD) Black,"Cat6 Unsheilded 24-port Patch Panel, 1U",556.45,806.85,45,HIKVISION SA,Transmission&Display&Accessory
DS-1CK6U90T(O-STD) White 50PCS,Cat6 Unsheilded 90° Punch Down Keystone Jack,862.94,1251.26,45,HIKVISION SA,Transmission&Display&Accessory
DS-1CK6U90T(O-STD) Blue 50PCS,Cat6 Unsheilded 90° Punch Down Keystone Jack,844.1,1223.94,45,HIKVISION SA,Transmission&Display&Accessory
DS-1CK6U90T(O-STD)  Orange 50PCS,Cat6 Unsheilded 90° Punch Down Keystone Jack,844.1,1223.94,45,HIKVISION SA,Transmission&Display&Accessory
DS-1CK6U90N(O-STD)  White 50PCS,Cat6 Unsheilded 90° Toolless Keystone Jack,1032.51,1497.14,45,HIKVISION SA,Transmission&Display&Accessory
DS-1CK6U90N(O-STD)  Blue 50PCS,Cat6 Unsheilded 90° Toolless Keystone Jack,1032.51,1497.14,45,HIKVISION SA,Transmission&Display&Accessory
DS-1CK6U180T(O-STD)  White 50PCS,"White, Cat6 Unsheilded 180° Punch Down Keystone Jack",693.37,1005.39,45,HIKVISION SA,Transmission&Display&Accessory
DS-1CK6U180T(O-STD) Blue 50PCS,"Blue, Cat6 Unsheilded 180° Punch Down Keystone Jack",693.37,1005.39,45,HIKVISION SA,Transmission&Display&Accessory
DS-1CK6U180T(O-STD) Orange 50PCS,"Orange, Cat6 Unsheilded 180° Punch Down Keystone Jack",693.37,1005.39,45,HIKVISION SA,Transmission&Display&Accessory
DS-1CK6U180N(O-STD) White 50PCS,Cat6 UTP 180 Degree keystone Jack 50U,1179.48,1710.25,45,HIKVISION SA,Transmission&Display&Accessory
DS-1CK6U180N(O-STD) Blue 50PCS,Cat6 UTP 180 Degree keystone Jack 50U,1179.48,1710.25,45,HIKVISION SA,Transmission&Display&Accessory
DS-1CK6P180N(O-STD) Silvery 50PCS,"Silver, Zink Alloy, Cat6 Sheilded 180° Toolless Keystone Jack",2340.11,3393.16,45,HIKVISION SA,Transmission&Display&Accessory
DS-1CK6AU180T(O-STD) White 50PCS,Cat6a Unsheilded 180° Punch Down Keystone Jack,1330.21,1928.8,45,HIKVISION SA,Transmission&Display&Accessory
DS-1CK6AU180T(O-STD) Blue 50PCS,Cat6a Unsheilded 180° Punch Down Keystone Jack,1330.21,1928.8,45,HIKVISION SA,Transmission&Display&Accessory
DS-1CK6AP180N(O-STD) Silvery 50PCS,Cat6a Sheilded 180° Toolless Keystone Jack,2509.68,3639.04,45,HIKVISION SA,Transmission&Display&Accessory
DS-2FA1225-C4(EUR)(O-STD),"12V/1A/ch,4ch,30W,European standard",145.71,211.28,45,HIKVISION SA,Transmission&Display&Accessory
DS-2FA1205-C8(EUR)(O-STD),"12V/1A/ch,8ch,60W,European standard",193.44,280.49,45,HIKVISION SA,Transmission&Display&Accessory
DS-2FA1208-C16(EUR)(Africa),"12V/1A/ch,16ch,120W,European standard",232.38,336.95,45,HIKVISION SA,Transmission&Display&Accessory
DS-UPS600/SA,"600VA/360W,12V/7Ah Battery x1",628.05,910.67,45,HIKVISION SA,Transmission&Display&Accessory
DS-UPS1000/SA,"1000VA/600W,12V/9Ah Battery x1",775.01,1123.76,45,HIKVISION SA,Transmission&Display&Accessory
DS-UPS2000/SA,"2000VA/1200W, 12 V/9 Ah Battery x 2",1962.02,2844.93,45,HIKVISION SA,Transmission&Display&Accessory
DS-UPS3000/SA,"3000VA/1800W, 12 V/9 Ah Battery x 4",3208.07,4651.7,45,HIKVISION SA,Transmission&Display&Accessory
DS-XS6404-S/B(O-STD)/Overseas,"4U, 600*450*281mm
 Load bearing: 40kg
 (Fan and shelf need to order separately）",1140.54,1653.78,45,HIKVISION SA,Transmission&Display&Accessory
DS-XS6406-S/B(O-STD)/Overseas,"6U, 600*450*368mm
 Load bearing: 40kg
 (Fan and shelf need to order separately）",1398.04,2027.16,45,HIKVISION SA,Transmission&Display&Accessory
DS-XS6409-S/B(O-STD)/Overseas,"9U, 600*450*501mm
 Load bearing: 40kg
 (Fan and shelf need to order separately）",1576.4,2285.78,45,HIKVISION SA,Transmission&Display&Accessory
DS-XS6412-S/B(O-STD)/Overseas,"12U, 600*450*635mm
 Load bearing: 40kg
 (Fan and shelf need to order separately）",1935.65,2806.69,45,HIKVISION SA,Transmission&Display&Accessory
DS-XSPB04-S/B(O-STD)/Overseas,Standard shelf for 4/6/9/12U,183.39,265.92,45,HIKVISION SA,Transmission&Display&Accessory
FD1238A2(O-STD)/Overseas,"Two-unit cabinet fan, European standard plug (220v)",388.13,562.79,45,HIKVISION SA,Transmission&Display&Accessory
DS-XS6627-E/DG,"27U, 600*600*1385mm(including casters); Load bearing: 500kg;Front door with single opening glass door, rear door with single opening steel door",4303.39,6239.92,45,HIKVISION SA,Transmission&Display&Accessory
DS-XS6627-E/DW,"27U, 600*600*1385mm(including casters); Load bearing: 500kg; Front door with single mesh door, rear door with double mesh door",4789.5,6944.77,45,HIKVISION SA,Transmission&Display&Accessory
DS-XS6842-E/DG,"42U, 600*800*2050mm(including casters); Load bearing: 1000kg; Front door with single opening glass door, rear door with single opening steel door",7709.93,11179.4,45,HIKVISION SA,Transmission&Display&Accessory
DS-XS6842-E/DW,"42U, 600*800*2050mm(including casters); Load bearing: 1000kg; Front door with single mesh door, rear door with double mesh door",8040.28,11658.41,45,HIKVISION SA,Transmission&Display&Accessory
DS-XS8842-E/DG(O-STD),"42U, 800*800*2050mm(including casters); Load bearing: 1000kg;  Front door with single opening glass door, rear door with single opening steel door",9144.39,13259.37,45,HIKVISION SA,Transmission&Display&Accessory
DS-XS8842-E/DW,"42U, 800*800*2050mm(including casters); Load bearing: 1000kg; Front door with single mesh door, rear door with double mesh door",9855.34,14290.24,45,HIKVISION SA,Transmission&Display&Accessory
DS-XSPB06-E,Accessory：Standard Tray for 18-42U 600mm depth cabinet,183.39,265.92,45,HIKVISION SA,Transmission&Display&Accessory
DS-XSPB08-E,Accessory：Standard Tray for 18-42U 800mm depth cabinet,253.73,367.91,45,HIKVISION SA,Transmission&Display&Accessory
DS-XSFS06-E,"Accessory: Fan for 18-42U 600mm depth cabinet,, EU/UK/US standard plug selectable and 220v / 110v selectable",525.05,761.32,45,HIKVISION SA,Transmission&Display&Accessory
DS-XSFS08-E,"Accessory: Fan for 18-42U 800mm depth cabinet,, EU/UK/US standard plug selectable and 220v / 110v selectable",866.71,1256.73,45,HIKVISION SA,Transmission&Display&Accessory
DS-XPEUR08-Y/KYL(O-STD)/Overseas,"8-ports PDU, European standard, Switch, 16A，1.5m input power cable",538.87,781.36,45,HIKVISION SA,Transmission&Display&Accessory
DS-3E7806,"Enterprise core network switch, 13u chassis, include 6 LPU slots, 2 MPU slots, 2 Power Module slots, OSPF, IPv6, 1+1 redundancy for power module, 575mm×436mm×420mm (13U)",65972.76,95660.5,45,HIKVISION SA,6 LPU Slots Chassis
DS-3E7806-MPU,"DS-3E7806 MPU module, used in MPU slot, Main processing unit with switching",52778.71,76529.13,45,HIKVISION SA,MPU
DS-3E7806-PWR650A,"DS-3E7806 AC power supply module, 650W, used in power module slots",17595.41,25513.34,45,HIKVISION SA,AC Power Module
DS-3E7806-PWR650D,"DS-3E7806 DC power supply module, 650W, used in power module slots",17595.41,25513.34,45,HIKVISION SA,DC Power Module
DS-3E7800-16X24F-SC,"DS-3E7806 LPU module, used in LPU slot
16 10G SFP+ ports(LC), 24 Gigabit SFP ports",109952.5,159431.12,45,HIKVISION SA,16 10G 24 Gigabit SFP Card
DS-3E7800-24T20F4X-SC,"DS-3E7806 LPU module, used in LPU slot
24 Gigabit RJ45 ports, 20 Gigabit SFP ports(LC), 4 10G SFP+ ports",92358.34,133919.59,45,HIKVISION SA,24 RJ45 24 SFP Card
DS-3E7800-48F-SC,"DS-3E7806 LPU module, used in LPU slot
48 Gigabit SFP ports",55417.77,80355.77,45,HIKVISION SA,48 SFP Card
DS-3E7800-48T-SC,"DS-3E7806 LPU module, used in LPU slot
48 Gigabit RJ45 ports",55417.77,80355.77,45,HIKVISION SA,48 RJ45 Card
DS-3E7803M,"Enterprise core network switch, 4u chassis, 3 LPU slots with 2 MPU intergrated, 2 Power Module slots, OSPF, IPv6, 1+1 redundancy for power module, 175mm×436mm×420mm (4U)
MPU slots: 2 slots, slot-0 is only for MPU card, slot-1 is flexible slot for MPU and LPU card
LPU slots: 2 slots, slot-2 is only for LPU card, slot-1 is flexible slot for MPU and LPU card",10558.76,15310.2,45,HIKVISION SA,3 LPU Slots
DS-3E7803-PWR300A,"DS-3E7803M AC power supply module, 300W, used in power module slots",14077.09,20411.78,45,HIKVISION SA,AC Power Module
DS-3E7803M-MPU-24F4X,"DS-3E7803M MPU module, used in MPU slot, intergrated with LPU function, 24 Gigabit SFP ports(LC), 4 10G SFP ports(LC)",87963.26,127546.73,45,HIKVISION SA,"24 GE SFP, 4 10G SFP MPU"
DS-3E7803M-MPU-24T4X,"DS-3E7803M MPU module, used in MPU slot, intergrated with LPU function, 24 Gigabit RJ45 ports, 4 10G SFP ports(LC)",55417.77,80355.77,45,HIKVISION SA,"24 GE RJ45, 4 10G SFP MPU"
DS-3E7800-48X-SE,"DS-3E78XX series LPU module, used in LPU slot
48 10G SFP+ ports(LC)",153929.73,223198.11,45,HIKVISION SA,48 10G SFP
DS-3E3728-H,"Enterprise core aggregationg network switch, 16 Gigabit RJ45 ports, 8 Gigabit Combo ports, 4 10G SFP+ ports, 1 expansion slot,1+1 redundancy for power module, RSTP, QinQ vlan, OSPF, Stackable, CLI",30786.95,44641.08,45,HIKVISION SA,24 RJ45 L3 Aggregation Switch
DS-3E3728F-H,"Enterprise core aggregationg network switch, 16 Gigabit SFP ports, 8 Gigabit Combo ports, 4 10G SFP+ ports, 1 expansion slot, 1+1 redundancy for power module, RSTP, QinQ vlan, OSPF, Stackable, CLI",35187.06,51021.24,45,HIKVISION SA,24 SFP L3 Aggregation Switch
DS-3E3752-H,"Enterprise core aggregationg network switch, 48 Gigabit RJ45 ports, 10 10G SFP+ ports, 1 expansion slot, 1+1 redundancy for power module, RSTP, QinQ vlan, OSPF, Stackable, CLI",37386.49,54210.41,45,HIKVISION SA,48 RJ45 L3 Aggregation Switch
DS-3E2528P-H,"Enterprise accesss network switch, 24 Gigabit RJ45 PoE ports, 4 Gigabit SFP ports, 802.3af/at, PoE power budget 370W, VLAN, RSTP, IGMP, QoS, ERPS",12758.18,18499.36,45,HIKVISION SA,24 POE Access Switch
DS-3E2528-H,"Enterprise accesss network switch, 24 Gigabit RJ45 ports, 4 Gigabit SFP ports, VLAN, RSTP, IGMP, QoS, ERPS",6600.79,9571.15,45,HIKVISION SA,24 RJ45 Access Switch
DS-3E2552-H,"Enterprise accesss network switch, 48 Gigabit RJ45 ports, 4 Gigabit SFP ports, VLAN, RSTP, IGMP, QoS, ERPS",17595.41,25513.34,45,HIKVISION SA,48 RJ45 Access Switch
DS-3E2510P-H,"Enterprise accesss network switch, 8 Gigabit RJ45 PoE ports, 2 Gigabit SFP ports, 802.3af/at, PoE power budget 125W, VLAN, RSTP, IGMP, QoS, ACL, 802.1x",6161.16,8933.68,45,HIKVISION SA,8 RJ45 Access Switch
DS-3E-PWR150A-H,"DS-3E37XX series AC power supply module, 150W, DS-37XX already include 1 power supply module by default, support 1+1 redundancy",4401.37,6381.99,45,HIKVISION SA,AC Power Module
DS-3E-PWR150D-H,"DS-3E37XX series DC power supply module, 150W, DS-37XX already include 1 power supply module by default, support 1+1 redundancy",7040.43,10208.62,45,HIKVISION SA,DC Power Module
HK-SFP-1.25G-20-1310,"TX1310nm/1.25G, RX1550nm/1.25G, LC, single mode and single fiber, 20km, 0～70℃, SFP, should work with HK-SFP-1.25G-20-1550 as a pair",337.89,489.94,45,HIKVISION SA,SFP Module
HK-SFP-1.25G-20-1550,"TX1550nm/1.25G, RX1310nm/1.25G, LC, single mode and single fiber, 20km, 0～70℃, SFP, should work with HK-SFP-1.25G-20-1310 as a pair",445.91,646.57,45,HIKVISION SA,SFP Module
HK-SFP-1.25G-1310-DF-MM,"TX1310nm/1.25G, RX1310nm/1.25G, LC, Multi mode and duplex fiber, 1km, 0～70℃, SFP",252.48,366.1,45,HIKVISION SA,SFP Module
HK-SFP-1.25G-20-1310-DF,"TX1310nm/1.25G, RX1310nm/1.25G, LC, Single mode and duplex fiber, 20km, 0～70℃, SFP",226.1,327.84,45,HIKVISION SA,SFP Module
HK-SFP+-10G-20-1270,"Tx1270nm/10G, Rx1330nm/10G, LC, single mode and single fiber, 20km, 0～70℃, SFP+, should work with HK-SFP+-10G-20-1330 as a pair",1801.24,2611.8,45,HIKVISION SA,SFP Module
HK-SFP+-10G-20-1330,"Tx1330nm/10G, Rx1270nm/10G, LC, single mode and single fiber, 20km, 0～70℃, SFP+, should work with HK-SFP+-10G-20-1270 as a pair",1801.24,2611.8,45,HIKVISION SA,SFP Module
HK-SFP-1.25G-850-DF-MM,"TX850nm/1.25G, RX850nm/1.25G, LC, Multi mode and duplex fiber, 500m, 0～70℃, SFP",226.1,327.84,45,HIKVISION SA,SFP Module
HK-SFP+-10G-20-1310-DF,"TX1310nm/10G, RX1310nm/10G, LC, Single mode and duplex fiber, 20km, 0～70℃, SFP",8790.17,12745.75,45,HIKVISION SA,SFP Module
DS-K1T671TM-3XF,"MinMoe Temperature Screening Terminal 
7-inch LCD touch screen,2 Mega pixel wide-angle lens 
Built-in M1 card reading module;
Max.50,000 faces capacity , Max.50,000 cards;
verification methods：Supporting fast temperature measurement and face/card recognition with  temperature screening
Authentication distance: 0.3-2.0m.
Temperature range: 30-45℃, accuracy: ±0.5℃;
Supports 6 attendance status, including check in, check out, break in, break out, overtime in, overtime out
Face Recognition Duration(1:N) ≤0.2s
Mask detection：Supporting face mask wearing alert and forced mask wearing alert
without power supply.",16643.29,24132.77,45,HIKVISION SA,"Facial Recognition Terminal
(Stock Clearance)"
DS-K1TA70MI-T,"MinMoe Temperature Screening Terminal
7-inch LCD touch screen,2 Mega pixel wide-angle lens 
Built-in M1 card reading module;
Max.6,000 faces capacity , Max.6,000 cards;
verification methods：Supporting fast temperature measurement and face/card recognition with temperature screening
Authentication distance: 0.3-1.8m.
Temperature range: 30-45℃, accuracy: ±0.5℃;
Supports 6 attendance status, including check in, check out, break in, break out, overtime in, overtime out
Face Recognition Duration(1:N) ≤0.2s
Mask detection：Supporting face mask wearing alert and forced mask wearing alert
without power supply.",7925.98,11492.67,45,HIKVISION SA,"Facial Recognition Terminal
(Stock Clearance)"
DS-K1T6240MIWB-QR,"Face Recognition Terminal, 4.3-inch LCD touch screen,2 Mega pixel wide-angle lens,Built-in Mifare1  card reading module;
Max.10,000 faces capacity ，Max.50,000 cards;
Removable battery last 3-5hours, Type-C port for fast charging
Supports TCP/IP, WiFi, DC 12V/2A
Portable or wall mount
Supports ISUP5.0, ISAPI",5039.46,7307.22,45,HIKVISION SA,Portable Facial Recognition Terminal
DS-K1T341CMW,"Face Recognition Terminal, 4.3-inch LCD touch screen,2 Mega pixel wide-angle lens,Built-in Mifare card reading module;
Max.3000 faces capacity , Max.3000 cards;
Face recognition in dark environment
Two-way audio with client software, indoor station, and master station
Supports TCP/IP, WiFi,DC 12V/2A
Supports ISUP5.0, ISAPI
Configuration via the web client
Supports 6 attendance status, including check in, check out, break in, break out, overtime in, overtime out
multiple languages: English, Spanish, Arabic, Thai, Indonesian, Russian,  Vietnamese, Portuguese (Brazil) and Korean
 IP65
 Face Recognition Accuracy Rate > 99%
Face Recognition Duration(1:N) ≤0.2s
Face Recognition Distance: 0.3m ~ 1.5m
Power adapter included in the package（European Standard）",3144.01,4558.81,45,HIKVISION SA,Facial Recognition Terminal
DS-K1T341CMFW,"Face Recognition Terminal, 4.3-inch LCD touch screen,2 Mega pixel wide-angle lens,Built-in Mifare card reading module;
Max.3000 faces capacity  and Max.3000 fingerprints capacity, Max.3000 cards;
Face recognition in dark environment
Two-way audio with client software, indoor station, and master station
Supports TCP/IP, WiFi, DC 12V/2A
Supports ISUP5.0, ISAPI
Configuration via the web client
Supports 6 attendance status, including check in, check out, break in, break out, overtime in, overtime out
multiple languages: English, Spanish, Arabic, Thai, Indonesian, Russian,  Vietnamese, Portuguese (Brazil) and Korean
IP65
 Face Recognition Accuracy Rate > 99%
Face Recognition Duration(1:N) ≤0.2s
Face Recognition Distance: 0.3m ~ 1.5m
Fingerprint devices are  recommended for using in indoor environment
Power adapter included in the package（European Standard）",3805.98,5518.67,45,HIKVISION SA,Facial Recognition Terminal
DS-K1T342MWX-E1,"Face Recognition Terminal, 4.3-inch LCD touch screen,2 Mega pixel wide-angle lens,Built-in Mifare card reading module;
Max.1,500 faces capacity ，Max.3,000 cards;
Face recognition in dark environment
Two-way audio with client software, indoor station, and master station
Supports TCP/IP, WiFi,DC 12V/1A, Standard PoE
Supports ISUP5.0, ISAPI
Supports 6 attendance status, including check in, check out, break in, break out, overtime in, overtime out
multiple languages:   English, Spanish (South America), Arabic, Thai, Indonesian, Russian, Vietnamese, Portuguese (Brazil)
Configuration via the web client
 IP65
Power adapter included in the package（European Standard）",2847.57,4128.98,45,HIKVISION SA,PoE facial recognition Terminal
DS-K1T342MFWX-E1,"Face Recognition Terminal, 4.3-inch LCD touch screen,2 Mega pixel wide-angle lens,Built-in Mifare card reading module;
Max.1,500 faces capacity ，Max.3,000 cards;Max.3,000 fingerprints capacity
Supports TCP/IP, WiFi,DC 12V/1A, Standard PoE
IP65
Supports ISUP5.0, ISAPI
Supports 6 attendance status, including check in, check out, break in, break out, overtime in, overtime out
multiple languages:   English, Spanish (South America), Arabic, Thai, Indonesian, Russian, Vietnamese, Portuguese (Brazil)
Configuration via the web client
Face recognition in dark environment
Two-way audio with client software, indoor station, and master station
Power adapter included in the package（European Standard）",3348.76,4855.7,45,HIKVISION SA,PoE facial recognition Terminal
DS-KAB34X-S1,Protective shield for DS-K1T341 and DS-K1T342 series Face Recognition Terminal.,214.79,311.45,45,HIKVISION SA,K1T34X Bracket
DS-K1T343MWX,"Face Recognition Terminal, 4.3-inch LCD touch screen,2 Mega pixel wide-angle lens,Built-in Mifare card reading module;
Max.1,500 faces capacity ，Max.3,000 cards;
Face recognition in dark environment
Two-way audio with client software, indoor station, and master station
Supports TCP/IP,WiFi,DC 12V/1A
Supports ISUP5.0, ISAPI
Supports 6 attendance status, including check in, check out, break in, break out, overtime in, overtime out
multiple languages:   English, Spanish (South America), Arabic, Thai, Indonesian, Russian, Vietnamese, Portuguese (Brazil)
Configuration via the web client
 Face Recognition Accuracy Rate > 99%
Face Recognition Duration(1:N) ≤0.2s
Face Recognition Distance: 0.3m ~ 1.5m
Application Situation: Indoor
Power adapter included in the package（European Standard）",1900.48,2755.7,45,HIKVISION SA,Facial Recognition Terminal
DS-K1T343MFWX,"Face Recognition Terminal, 4.3-inch LCD touch screen,2 Mega pixel wide-angle lens,Built-in Mifare card reading module;
Max.1,500 faces capacity  Max.3,000 fingerprints capacity，Max.3,000 cards;
Face recognition in dark environment
Two-way audio with client software, indoor station, and master station
Supports TCP/IP,Wi-Fi,DC 12V/1A
Supports ISUP5.0, ISAPI
Supports 6 attendance status, including check in, check out, break in, break out, overtime in, overtime out
multiple languages:   English, Spanish (South America), Arabic, Thai, Indonesian, Russian, Vietnamese, Portuguese (Brazil)
Configuration via the web client
 Face Recognition Accuracy Rate > 99%
Face Recognition Duration(1:N) ≤0.2s
Face Recognition Distance: 0.3m ~ 1.5m
Application Situation: Indoor
Power adapter included in the package（European Standard）",2176.82,3156.39,45,HIKVISION SA,Facial Recognition Terminal
"DS-K1T344MBWX-E1
（physical button）","Supports 4.5-inch LCD touch screen, 2 Mega pixel wide-angle lens, and built-in M1 card reading module
 Max.3000 faces capacity, and Max.3000 cards
 Face Recognition Distance: 0.3 m to 1.5 m; Duration ＜ 0.2 s/User; Accuracy rate ≥ 99%
 Supports face, card, and PIN authentication
 Two-way audio with client software, indoor station, and main station. Physical button and touch button are supported
WiFi、Bluetooth
 Supports mobile web and PC web for configuration
 Supports powered by 12 VDC or PoE and supports powering for device and door lock.
 IP65
Power adapter included in the package（European Standard）",3979.32,5770.01,45,HIKVISION SA,PoE facial recognition Terminal
DS-K1T344MBFWX-E1,"Supports 4.5-inch LCD touch screen, 2 Mega pixel wide-angle lens, and built-in M1 card reading module
Max.3000 faces capacity, Max.3000 fingerprints capacity, and Max.3000 cards
 Face Recognition Distance: 0.3 m to 1.5 m; Duration ＜ 0.2 s/User; Accuracy rate ≥ 99%
 Supports face, card, and PIN authentication
 Two-way audio with client software, indoor station, and main station. touch button is supported
WiFi、Bluetooth
 Supports mobile web and PC web for configuration
 Supports powered by 12 VDC or PoE and supports powering for device and door lock.
 IP65
Power adapter included in the package（European Standard）",4364.94,6329.16,45,HIKVISION SA,PoE facial recognition Terminal
DS-K1T344MBWX-QRE1,"Supports 4.5-inch LCD touch screen, 2 Mega pixel wide-angle lens, and built-in M1 card reading module
 Max.3000 faces capacity, and Max.3000 cards
 Face Recognition Distance: 0.3 m to 1.5 m; Duration ＜ 0.2 s/User; Accuracy rate ≥ 99%
Supports face, card, PIN, and QR code authentication
 Two-way audio with client software, indoor station, and main station. touch button is supported
WiFi、Bluetooth
 Supports mobile web and PC web for configuration
 Supports powered by 12 VDC or PoE and supports powering for device and door lock.
 IP65
Power adapter included in the package（European Standard）",4364.94,6329.16,45,HIKVISION SA,PoE facial recognition Terminal
DS-KAB344-S1,"Protective shield for DS-K1T344 Series Face Recognition Terminal
Dimension (W × H × D)：178.08 mm × 85 mm × 42.06 mm (7.01"" × 3.35"" × 1.66"") 
Weight:210 g（0.463 lb) 
Material:  SGCC",246.2,356.99,45,HIKVISION SA,KAB344 Bracket
DS-K1T981MF,"Iris Recognition Terminal, 8-inch bezel-less touch screen,2 Mega pixel wide-angle lens for face recognition, and 5 Mega pixel single lens for iris recognition
Max. 10,000 irises capacity, Max.100,000 faces capacity , Max.100,000 cards, and Max.5,000 fingerprints capacity; Presents card on the screen to authentication（(Mifare1)
Face mask detection
Two-way audio with client software, indoor station, and master station
Configuration via the web client
Supports TCP/IP,WiFi
DC 12V/3A
Supports ISAPI and ISUP5.0 protocol
Iris recognition duration ＜ 1 s 
Iris recognition distance: 40 cm to 70 cm 
 Face Recognition Accuracy Rate > 99%
Face Recognition Duration(1:N) ≤0.2s
Face Recognition Distance: 0.3m ~ 3m
Iris recognition and fingerprint recognition are  recommended for using in indoor environment",25605.55,37128.05,45,HIKVISION SA,Iris Recognition Terminal
DS-K1T681DBWX,"Android 11 operation system with 8-inch touch screen design
Face Recognition Terminal,,2 Mega pixel wide-angle lens,Built-in Mifare card, Felica card,DESfire card reading module; Max.100,000 faces capacity , Max.500,000 cards;Two-way audio with client software, indoor station, and master station, Supports TCP/IP,WIFI,  DC 12-24V/2A, supports Bluetooth 
IP65",16114.48,23366.0,45,HIKVISION SA,Android  System Facial Recognition Terminal
DS-KAB681-QRF,Fingerprint & QR Code module for DS-K1T681 MinMoe series,1792.45,2599.05,45,HIKVISION SA,Facial Recognition Terminal
DS-K1T680DF-E1,"Face Recognition Terminal, 8-inch bezel-less touch screen,2 Mega pixel wide-angle lens
Max.100,000 faces capacity , and Max.10,000 fingerprints capacity, Max.100,000 cards; Presents card on the screen to authentication（(Felica, DESfire, Mifare1)
Two-way audio with client software, indoor station, and master station
Configuration via the web client
Supports TCP/IP,POE, DC 12-24V/3A
Supports 6 attendance status, Customizes attendance status name
multiple languages: English, Thai, Brazilian Portuguese, Russian, Spanish, Arabic, Japanese, Ukrainian, and Indonesian
Supports ISAPI and ISUP5.0 protocol
 Face Recognition Accuracy Rate > 99%
Face Recognition Duration(1:N) ≤0.2s
Face Recognition Distance: 0.3m ~ 3m
IP65
Fingerprint devices are  recommended for using in indoor environment",15707.5,22775.88,45,HIKVISION SA,Facial Recognition Terminal
DS-K1T673DWX,"Face Recognition Terminal, 7-inch LCD touch screen,2 Mega pixel wide-angle lens,Built-in Mifare card, Felica card,DESfire card reading module;
Max.10,000 faces capacity , Max.50,000 cards;
Two-way audio with client software, indoor station, and master station
Supports TCP/IP,WIFI, DC 12-24V/2A
Supports 6 attendance status, including check in, check out, break in, break out, overtime in, overtime out
multiple languages: English, Spanish (South America), Arabic, Thai, Indonesian, Russian, Vietnamese, Portuguese (Brazil), Japanese, Korean
Face mask detection
Supports Peripheral Module: DS-KAB673-B, DS-KAB673-BQR, DS-KAB673-FB, DS-KAB673-FBQR （B：Bluetooth; QR：QR Code; F：fingerprint）
Supports single person and multiple people (Up to 5 people) recognition
Face Recognition Accuracy Rate > 99%
Face Recognition Duration(1:N) ≤0.2s
Face Recognition Distance: 0.3m ~ 3m
 IP65",6599.54,9569.33,45,HIKVISION SA,Facial Recognition Terminal
DS-K1T673DX(O-STD)/SA/DS-K1T673DGX,DS-K1T673DX 4G Version,6845.73,9926.31,45,HIKVISION SA,4G Facial Recognition Terminal
DS-K1T673TDWX,"Face Recognition Terminal, 7-inch LCD touch screen,2 Mega pixel wide-angle lens,Built-in Mifare card, Felica card,DESfire card reading module;
Max.100,000 faces capacity , Max.500,000 cards;
Two-way audio with client software, indoor station, and master station
Supports TCP/IP, WiFi, DC 12-24V/2A
Supports 6 attendance status, including check in, check out, break in, break out, overtime in, overtime out
multiple languages: English, Spanish (South America), Arabic, Thai, Indonesian, Russian, Vietnamese, Portuguese (Brazil), Japanese, Korean
Face mask detection
Supports Peripheral Module: DS-KAB673-B, DS-KAB673-BQR, DS-KAB673-FB, DS-KAB673-FBQR （B：Bluetooth; QR：QR Code; F：fingerprint）
Supports single person and multiple people (Up to 5 people) recognition
Face Recognition Accuracy Rate > 99%
Face Recognition Duration(1:N) ≤0.2s
Face Recognition Distance: 0.3m ~ 3m
 IP65",12627.55,18309.95,45,HIKVISION SA,Facial Recognition Terminal
DS-KAB673-FB,Fingerprint & bluetooth module for DS-K1T673 MinMoe series,940.82,1364.19,45,HIKVISION SA,peripherals
DS-KAB673-FBQR,Fingerprint & bluetooth & QR Code module for DS-K1T673 MinMoe series,1321.41,1916.04,45,HIKVISION SA,peripherals
DS-KAB673-EDB,"Dual-frequency module for DS-K1T673 MinMoe series，which can support EM card, M1 card, DESfire card, bluetooth",732.3,1061.83,45,HIKVISION SA,peripherals
DS-KAB673-P,Palm prints & palm veins recognition module for DS-K1T673 MinMoe series,2357.7,3418.66,45,HIKVISION SA,peripherals
DS-KAB673-A,"Alcohol detection module, used with DS-K1T673 Series Face Recognition Terminal for alcohol detection
Measurement mode: Non-contact measurement 
Sensor: Electrochemical alcohol sensor 
Detectable range: 0.000 mg/L to 2.000 mg/L",9854.09,14288.43,45,HIKVISION SA,peripherals
DS-K7MX-A0,"Mouthpiece, including 40 pcs, used with DS-KAB673-A alcohol detection module of DS-K1T673 Series Face Recognition Terminal for alcohol detection
Dimensions：42.5 mm × 42.5 mm × 35.9 mm (1.7"" × 1.7"" × 1.4"")",275.09,398.88,45,HIKVISION SA,peripherals
DS-KAB673-S1,"Dimensions：42.5 mm × 42.5 mm × 35.9 mm (1.7"" × 1.7"" × 1.4"")",332.87,482.66,45,HIKVISION SA,K1T673 Bracket
DS-KAB6-D1,"Table bracket for DS-K1T671 series（including temperature screening series）,DS-K1T672 series, DS-K1T673 series, DS-K1T680 series, DS-K1TA70 series, DS-K1T341 series.
Material：ZAMAK, ABS
Dimension (W  × H × D)：127.97 mm × 215.49 mm × 133.97 mm",1209.62,1753.95,45,HIKVISION SA,6 series Table bracket
DS-KAB6-W1,"MinMoe wall mounting bracket(all series)
User friendly: supports wiring from the bottom for better
Installation angle adjustable: ± 45° (for left and right), ± 15° (for up and down)",332.87,482.66,45,HIKVISION SA,Angle Adjustment Bracket
DS-K5033MW-D,"Assisted visitor terminal,  Android 11 system
Dual-screen design. 10.1-inch main screen and 10.1-inch auxiliary screen
Supports both stand-alone and networking application. 
TCP/IP and Wi-Fi are available for networking application.
Supports advertisements playing
Supports QR code scanning and swiping card for visitor pass
Up to 300,000 visitor records can be stored on the device",43111.78,62512.08,45,HIKVISION SA,Visitor terminal
DS-K5033TMW-D,"Assisted visitor terminal,  Android 11 system
Dual-screen design. 15.6-inch main screen and 10.1-inch auxiliary screen
Supports both stand-alone and networking application. 
TCP/IP and Wi-Fi are available for networking application.
Supports advertisements playing
Supports QR code scanning and swiping card for visitor pass
Up to 300,000 visitor records can be stored on the device",47339.8,68642.71,45,HIKVISION SA,Visitor terminal
DS-K1F600U-D6E-F,"Supports enrolling  face picture, fingerprint, 13.56 MHz  Mifare 1 card, DESfire card,Felica card and 125KHz  EM card.
3.97-inch LCD touch screen,2 Mega pixel wide-angle lens;
Supports TCP/IP, USB communication,DC 12V/2A
Dimensions：121.6 mm × 137.9 mm × 125 mm (4.8"" × 5.4"" × 4.9"")",4418.95,6407.48,45,HIKVISION SA,Face Issuer
DS-K6301X-DT,"Payment Terminal, Dual-screen design: main screen (for consumer): 8-inch IPS touch screen; sub screen (for operator): 4.3-inch IPS display screen, 2 MP wide-angle lens; Built-in Mifare card, Felica card,DESfire card reading module;
Supports unfixed amount, fixed amount and fixed times payment mode
Supports payment via face (face with mask supported) or card
Max.100,000 faces capacity , Max.500,000 cards;
Supports management via device menu and web
Supports online payment
multiple languages: English, Spanish (South America), Arabic, Thai, Indonesian, Russian, Vietnamese, Chinese Traditional",17761.22,25753.77,45,HIKVISION SA,Payment terminal
DS-K1T502DBFWX,"Access Control Terminal, 2 Mega pixels camera, Built-in Mifare card, Felica card,DESfire card reading module;
integrate the access control and video intercoms
IP65、IK08，increased stability with zinc alloy materials
Storage with 100,000 cards, 10,000 fingerprints and 300,000 events;
support mobile APP hikconnect
Supports two-way audio intercom,capacitive Fingerprint Module;
Uplink Communication: TCP/IP, WIFI;  Downlink Communication: RS-485;",2455.67,3560.72,45,HIKVISION SA,Vanderproof Fingerprint Terminal
DS-K1T502DBFWX-C,"Access Control Terminal, 2 Mega pixels camera, Built-in Mifare card, Felica card,DESfire card reading module;
access control, video intercoms, and video all in one
IP65、IK08，increased stability with zinc alloy materials
Storage with 100,000 cards, 10,000 fingerprints and 300,000 events;
support mobile APP hikconnect
Supports two-way audio intercom, remote live view, video recording through NVR, capacitive Fingerprint Module;
Uplink Communication: TCP/IP, WIFI;  Downlink Communication: RS-485;
Supports SD card",2994.54,4342.08,45,HIKVISION SA,Vanderproof  Fingerprint Terminal
DS-KAB502-S1,Protective shield for DS-K1T502 series,265.04,384.31,45,HIKVISION SA,K1T502 Bracket
DS-KAB502-S2,Wall mounting box for  DS-K1T502 series,265.04,384.31,45,HIKVISION SA,K1T502 Bracket
DS-K1T804AMF,"2.4 inch LCD Display Standalone Access Control Terminal, Built-in Mifare card reading module,  
Storage with 3,000 cards, 3,000 fingerprints and 100,000 access control events; RS485(Connect to Secure Module);
Support Access Control and Time Attendance Function, Optical Fingerprint Module;
Uplink Communication: TCP-IP, WIFI;  Downlink Communication: 
Supports Wiegand out(W26/W34) and Wiegand in(W26/W34).
Supports ISUP5.0, ISAPI
multiple languages: English, Spanish, Italian, French, Portuguese (Brazilian), Vietnamese, Arabic, Thai, Turkish, Indonesian, Ukrainian
Power adapter included in the package（European Standard）
4 colours availabe (Black, Glod, Silver and White), remark colour choices when placing order.",1362.87,1976.16,45,HIKVISION SA,Fingerprint Terminal
DS-K1T807MBFWX-E1,"2.4-inch LCD screen
Multiple authentication methods, including  Fingerprinter,  Bluetooth, card, and PIN, etc
Supports M1 card
Supports TCP/IP,DC 12V/1A, Standard PoE
IP65
Max. 5000 cards,  5000 Fingerprinter and 150,000 events
Touch key 
Supports ISAPI and ISUP 5.0 protocols
Configuration via the web client
Supports access control and local time and attendance function",1576.4,2285.78,45,HIKVISION SA,Fingerprint Terminal
DS-K1T805MBFWX,"Access Control Terminal,  Built-in Mifare card reading module and Bluetooth module;
IP65、IK08，increased stability with aluminum alloy materials
Storage with 10,000 cards , 3,000 fingerprints and 100,000 events;
AP mode
support web（PC and Moblie）configuration
support mobile APP hikconnect",1587.71,2302.18,45,HIKVISION SA,Vanderproof  Fingerprint Terminal
DS-KAB805-S1(O-NEU),Rain Shielder for K1T805 series,198.46,287.77,45,HIKVISION SA,K1T805 Bracket
DS-K2604,"Four-door Access Controller, Storage with 100,000 cards and 300,000 access control events.
Uplink Communication: TCP/IP and RS-485;
Accessible Card Reader: 4 Wiegand readers or 8 RS485 readers; 
Input interface: 4 alarm input, Door Sensor×4, Door Switch×4, Case Input×8, Fire Alarm Linkage×1, Tamper-proof×1;
Output interface: Door Switch Relay×4, Alarm Relay×4.",4009.46,5813.72,45,HIKVISION SA,Access Controller
DS-K2622X,"Double-door Access Controller, Storage with 100,000 users,10000 fingerprint,100,000 cards and 300,000 access control events.
Uplink Communication: TCP/IP、ISUP5.0、 ISAPI
Accessible Card Reader: 4 Wiegand readers or 4 RS485 readers; 
 Web configuration management. All configurations can be realized via web without software application
 It has status indicators such as power supply, communication and operation, which is convenient for equipment health detection
Input interface: Door Sensor×2, Door Switch×2, Case Input×4, Fire Alarm Linkage×1, Tamper-proof×1;
Output interface: Door Switch Relay×2, Alarm Relay×4
Power adapter included in the package（European Standard）",3410.3,4944.94,45,HIKVISION SA,Access Controller
DS-K2624X,"Four-door Access Controller, Storage with 100,000 users,10000 fingerprint,100,000 cards and 300,000 access control events.
Uplink Communication: TCP/IP、ISUP5.0、 ISAPI
Accessible Card Reader: 4 Wiegand readers or 4 RS485 readers; 
 Web configuration management. All configurations can be realized via web without software application
 It has status indicators such as power supply, communication and operation, which is convenient for equipment health detection
Input interface: Door Sensor×4, Door Switch×4, Case Input×8, Fire Alarm Linkage×1, Tamper-proof×1;
Output interface: Door Switch Relay×4, Alarm Relay×4
Power adapter included in the package（European Standard）",4255.66,6170.71,45,HIKVISION SA,Access Controller
DS-K2622X(P),"Double-door Access main board, Storage with 100,000 users,10000 fingerprint,100,000 cards and 300,000 access control events.
Uplink Communication: TCP/IP、ISUP5.0、 ISAPI
Accessible Card Reader: 4 Wiegand readers or 4 RS485 readers; 
 Web configuration management. All configurations can be realized via web without software application
 It has status indicators such as power supply, communication and operation, which is convenient for equipment health detection
Input interface: Door Sensor×2, Door Switch×2, Case Input×4, Fire Alarm Linkage×1, Tamper-proof×1;
Output interface: Door Switch Relay×2, Alarm Relay×4
Power adapter included in the package（European Standard）",1857.77,2693.77,45,HIKVISION SA,Access Controller
DS-K2624X(P),"Four-door Access main board, Storage with 100,000 users,10000 fingerprint,100,000 cards and 300,000 access control events.
Uplink Communication: TCP/IP、ISUP5.0、 ISAPI
Accessible Card Reader: 4 Wiegand readers or 4 RS485 readers; 
 Web configuration management. All configurations can be realized via web without software application
 It has status indicators such as power supply, communication and operation, which is convenient for equipment health detection
Input interface: Door Sensor×4, Door Switch×4, Case Input×8, Fire Alarm Linkage×1, Tamper-proof×1;
Output interface: Door Switch Relay×4, Alarm Relay×4
Power adapter included in the package（European Standard）",2170.54,3147.28,45,HIKVISION SA,Access Controller
DS-K2702WX-E1,"Supports 100000 users,10000 fingerprint,200000 cards,600000 events
Supports 2 door control. It can extend up to 62 DS-K2M002X access modules, and up to 126 doors can be controlled
 Downstream RS-485 redundancy wiring design to ensure communication stability. 5-ch downlink RS-485 interface supports two applications: 1. When 4-ch RS-485 communication, the 5th RS-485 can be used as a redundant application; 2. 4-ch RS-485 forms 2 groups of dual-bus loops with physical isolation. It is recommended that you do not have more than 16 access modules attached to each loop bus.
 Web configuration management. All configurations can be realized via web without software application
 It has status indicators such as power supply, communication and operation, which is convenient for equipment health detection
 Powers supply by PoE, and Wi-Fi is available
Interface: Network*1,Lock control*2,Exit button*2,Door contact input*2,Alarm input*4,Alarm output*4,TAMPER*1,RS-485*7( 2 for card reader, 5 for access modules ：4 for communication, each interface can connect up to 16 access modules; 1 for redundancy),Wiegand*2(standard 26/34 input, supports custom Wiegand settings),USB*1,Fire alarm*1",5775.54,8374.53,45,HIKVISION SA,Access Controller
DS-K2704X,"Supports 100000 users,10000 fingerprint,200000 cards,600000 events
Supports 4 door control. It can extend up to 62 DS-K2M002X access modules, and up to 128 doors can be controlled
 Downstream RS-485 redundancy wiring design to ensure communication stability. 5-ch downlink RS-485 interface supports two applications: 1. When 4-ch RS-485 communication, the 5th RS-485 can be used as a redundant application; 2. 4-ch RS-485 forms 2 groups of dual-bus loops with physical isolation. It is recommended that you do not have more than 16 access modules attached to each loop bus.
 Web configuration management. All configurations can be realized via web without software application
 It has status indicators such as power supply, communication and operation, which is convenient for equipment health detection
Interface: Network*1,Lock control*4,Exit button*4,Door contact input*4,Alarm input*8,Alarm output*4,TAMPER*1,RS-485*7( 2 for card reader, 5 for access modules (4 for communication, each interface can connect up to 16 access modules; 1 for redundancy),Wiegand*2(standard 26/34 input, supports custom Wiegand settings),USB*1,Fire alarm*1",6545.52,9491.0,45,HIKVISION SA,Access Controller
DS-K2708X,"Supports 100000 users,10000 fingerprint,200000 cards,600000 events
Supports 8-door control. It is formed by 2 DS-K2M002X access modules, and one 4-doors access controller
 Downstream RS-485 redundancy wiring design to ensure communication stability. 5-ch downlink RS-485 interface supports two applications: 1. When 4-ch RS-485 communication, the 5th RS-485 can be used as a redundant application; 2. 4-ch RS-485 forms 2 groups of dual-bus loops with physical isolation. It is recommended that you do not have more than 16 access modules attached to each loop bus.
 Web configuration management. All configurations can be realized via web without software application
 It has status indicators such as power supply, communication and operation, which is convenient for equipment health detection
Interface: Network*1,Lock control*8,Exit button*8,Door contact input*8,Alarm input*16,Alarm output*8,TAMPER*1,RS-485*15( including 7 on access controller and 8 on access modules),Wiegand*8( including 4 on access controller and 4 on access module),USB*1,Fire alarm*1",9241.11,13399.61,45,HIKVISION SA,Access Controller
DS-K2702WX-E1(P),"Supports 100000 users,10000 fingerprint,200000 cards,600000 events
 Web configuration management.
 Powers supply by PoE, and Wi-Fi is available
Supports 2 door control. It can extend up to 62 DS-K2M002X access modules, and up to 126 doors can be controlled
Downstream RS-485 redundancy wiring design to ensure communication stability. 5-ch downlink RS-485 interface supports two applications: 1. When 4-ch RS-485 communication, the 5th RS-485 can be used as a redundant application; 2. 4-ch RS-485 forms 2 groups of dual-bus loops with physical isolation. It is recommended that you do not have more than 16 access modules attached to each loop bus.
Interface: Network*1,Lock control*2,Exit button*2,Door contact input*2,Alarm input*4,Alarm output*4,TAMPER*1,RS-485*7( 2 for card reader, 5 for access modules (4 for communication, each interface can connect up to 16 access modules; 1 for redundancy),Wiegand*2(standard 26/34 input, supports custom Wiegand settings),USB*1,Fire alarm*1",4043.38,5862.9,45,HIKVISION SA,"Access Controller
main board, without casing"
DS-K2704X(P)),"main board
Supports 100000 users,10000 fingerprint,200000 cards,600000 events
Supports 4 door control. It can extend up to 62 DS-K2M002X access modules, and up to 128 doors can be controlled
 Downstream RS-485 redundancy wiring design to ensure communication stability. 5-ch downlink RS-485 interface supports two applications: 1. When 4-ch RS-485 communication, the 5th RS-485 can be used as a redundant application; 2. 4-ch RS-485 forms 2 groups of dual-bus loops with physical isolation. It is recommended that you do not have more than 16 access modules attached to each loop bus.
 Web configuration management. All configurations can be realized via web without software application
 It has status indicators such as power supply, communication and operation, which is convenient for equipment health detection
Interface: Network*1,Lock control*4,Exit button*4,Door contact input*4,Alarm input*8,Alarm output*4,TAMPER*1,RS-485*7( 2 for card reader, 5 for access modules ：4 for communication, each interface can connect up to 16 access modules; 1 for redundancy),Wiegand*2(standard 26/34 input, supports custom Wiegand settings),USB*1,Fire alarm*1",4582.24,6644.25,45,HIKVISION SA,"Access Controller
main board, without casing"
DS-K2M002X,"main board-access module
Supports 2 door control. It can connect with access controller via RS-485
 Connects with card reader via RS-485 (OSDP) or Wiegand
 Installs with guide rail
 Supports battery charging and discharging
 Supports indicators for indicating power status, communciation status, running status, and door staus
Interface: Lock control*2,Exit button*2,Door contact input*2,Alarm input*4,Alarm output*2,TAMPER*1,RS-485*4( 2 for card reader, 2 for access modules,Wiegand*2(standard 26/34 input, supports custom Wiegand settings)",1541.23,2234.78,45,HIKVISION SA,"main board-access module, without casing"
DS-K2M002X-E,"Enclosure of DS-K2M002X;
contains din rails, which helps installing the DS-K2M002X access module.
can be equipped with up to 2 access modules.
contains a 100 W power supply, which powering for 2 access modules, and can meet the power supply requirements of all accessories of 4 doors.",1808.78,2622.73,45,HIKVISION SA,Casing For DS-K2M002X
DS-K2M0012X,"Supports 8 inputs and 4 outputs
 Supports communication with access controller via RS-485
 Installation with guide rail
 Supports battery charging and discharging
 Supports indicators for indicating power status, communication status, running status, and door status
 The 270X series access controller supports access to up to 26PCS DS-K2M0012X
 The 262X series access controller supports access to up to 16PCS DS-K2M0012X",1155.61,1675.63,45,HIKVISION SA,IO expansion module
DS-K2220X(P),"Master Elevator Controller, Storage with 100,000 Cards ,30,000 Fingerprint and 300,000 Events, up to 128 floors’ permissions.
Uplink Communication: TCP/IP and RS-485;
Support PC Web
Accessible Card Reader: 2 Wiegand readers or 2 RS485 readers; 
Input interface: Emergency Button×1,1 Fire Alarm Button×1, 1 Maintenance Button×1, Case Input×2;
Output interface: Door Switch Relay×4, Alarm Relay×4.",4083.57,5921.18,45,HIKVISION SA,"Elevator Controller
Master"
DS-K2M0016A(O-STD)/without chassis,"Distributed Elevator Controller, up to 16 floors’ permissions.
Uplink Communication: RS-485;
Input interface: Alarm Input×1, Tamper Alarm×1;
Output interface: Relay Output×16.",4961.59,7194.31,45,HIKVISION SA,"Elevator Controller
Distributed"
DS-K1T801M,"Standalone Access Control Terminal, Built-in Mifare card reading module,  
Storage with 3,000 cards;
12 Keys keyboard and doorbell, DC 12V/1A",455.96,661.14,45,HIKVISION SA,Card terminal
DS-K1T802M,"Standalone Access Control Terminal, Built-in Mifare card reading module,  
Storage with 3,000 cards and 10,000 access control events;
Uplink Communication: TCP/IP;
12 Keys keyboard and doorbell, DC 12V/1A",825.26,1196.63,45,HIKVISION SA,Card terminal
DS-K1105EMKB,"Reads EM card、Mifare 1 card, with keypad
Supports bluetooth module
Supports RS485(OSDP) and Wiegand(W26/W34) protocol
Tamper-proof alarm,  IP 65",585.34,848.74,45,HIKVISION SA,Card Reader
DS-K1105EMKB-QR,"Reads EM card、Mifare 1 card, with keypad
Supports bluetooth module, QR code
Supports RS485(OSDP) and Wiegand(W26/W34) protocol
Tamper-proof alarm,  IP 65",713.46,1034.52,45,HIKVISION SA,Card Reader
DS-K1107AM,"Reads Mifare 1 card, with keypad, Supports RS485 and Wiegand(W26/W34) protocol;
Tamper-proof alarm, Dust-proof, IP 65.",357.99,519.09,45,HIKVISION SA,Card Reader
DS-K1107MK,"Reads Mifare 1 card, with keypad, Supports RS485 and Wiegand(W26/W34) protocol;
Tamper-proof alarm, Dust-proof, IP 65.",355.48,515.45,45,HIKVISION SA,Card Reader
DS-K1108AM,"Reads Mifare 1 card, Supports RS485 and Wiegand(W26/W34) protocol;
Tamper-proof alarm, Dust-proof, IP 65, Applied for 86 &120 Gang Box.",384.37,557.34,45,HIKVISION SA,Card Reader
DS-K1108AMK,"Reads Mifare 1 card, with keypad, Supports RS485 and Wiegand(W26/W34) protocol;
Tamper-proof alarm, Dust-proof, IP 65, Applied for 86 & 120 Gang Box.",512.49,743.11,45,HIKVISION SA,Card Reader
DS-K1109DKB-QR,"Reads Desfire、Felica card number、Mifare 1 card,  with keypad
Supports QR code
Supports bluetooth module
Supports RS485(OSDP) and Wiegand(W26/W34) protocol
Tamper-proof alarm,  IP 65",1331.46,1930.62,45,HIKVISION SA,Card Reader
DS-K1109DKFB-QR,"Reads Desfire、Felica card number、Mifare 1 card,  with keypad
Supports fingerprint
Supports QR code
Supports bluetooth module
Supports RS485(OSDP) and Wiegand(W26/W34) protocol
Tamper-proof alarm,  IP 65",1639.21,2376.85,45,HIKVISION SA,Card Reader
DS-K1201AMF,"Reads Mifare 1 card, Fingerpint(capacity: 5000), Supports RS485(HIK private),IP65;
Wall mounting with screws. The Gang Box is not supported. 
Fingerprint devices are  recommended for using in indoor environment",815.21,1182.05,45,HIKVISION SA,Fingerpint Reader
DS-K1F100-D8E,"Plug-and-play USB with no-driver technology;
Supports various card types (Mifare card and EM card).                                                                                                                                                                                 Card Issuer  for Project Market",512.49,743.11,45,HIKVISION SA,Card Issuer
DS-K1F820-F,"Plug-and-play USB with no-driver technology, USB 2.0;
Fingerprint enrollment for DS-K1T201, DS-K1201, DS-K1T804, DS-K1A802 and DS-K1T501.",967.2,1402.44,45,HIKVISION SA,Fingerprint Issuer
DS-K4H258S,"Single-door Magnetic Lock, 280kg Linear Thrust, 12 VDC, 340mA.",384.37,557.34,45,HIKVISION SA,Magnetic Lock
DS-K4H258-LZ,"LZ-Bracket of Magnetic Lock, for DS-K4H258S",214.79,311.45,45,HIKVISION SA,Bracket
DS-K4H255S,"Magnetic lock supports up to 272 kg (600 Lbs) of thrust
Power supply can be 12 VDC or 24 VDC, (default voltage is 12 VDC)",316.54,458.98,45,HIKVISION SA,"Magnetic Lock
(Stock Clearance)"
DS-K4H255-LZ,Bracket for DS-K4H255S,139.43,202.17,45,HIKVISION SA,"Bracket
(Stock Clearance)"
DS-K4H258D(O-STD),"Double-door Magnetic Lock, 280kgx2 Linear Thrust, 12 VDC, 340mAx2.",880.52,1276.75,45,HIKVISION SA,Magnetic Lock
DS-K4H258D-LZ,"LZ-Bracket of Magnetic Lock, for DS-K4H258D",413.26,599.23,45,HIKVISION SA,Bracket
DS-K4H450S(OSTD),"Single-door Magnetic Lock, supports static linear thrust of 500kg;
Working Current: DC12V(500 mA) / 24VAC(250 mA).",1816.32,2633.66,45,HIKVISION SA,Magnetic Lock
DS-K4H450-LZ(O-STD),"LZ-Bracket of Magnetic Lock, for DS-K4H450S/D.",694.62,1007.2,45,HIKVISION SA,Bracket
DS-K4DC104,"Door Closer,for door weight 60~85Kg,width ≤ 1100mm, close strength: EN4, open angle ≤ 180°, life cycle：1 Million, environment temperature: -30~50℃.",429.59,622.91,45,HIKVISION SA,Bracket
DS-K4DC105,"Door Closer,for door weight 80~120Kg,width ≤ 1250mm, close strength: EN5, open angle ≤ 180°, life cycle：1 Million, environment temperature: -30~50℃.",484.85,703.03,45,HIKVISION SA,Bracket
DS-K7M-AW24,"Power supply unit for access control terminal and lock, which can supply power for 1 access control terminal and 1 lock
Input voltage 100 to 230 VAC, output voltage 12 VDC, 2A, output power 24 W
 Short-circuit, excess load, and over-voltage protection
Storage battery available
Dimensions：  168 mm × 216 mm × 73.3 mm
without battery.",432.1,626.54,45,HIKVISION SA,Power Supply
DS-K7M-AW50,"Power supply unit for access control terminal and lock, which can supply power for 1 access control terminal and 1 lock
Input voltage 100 to 240 VAC, output voltage 12 VDC, output power 50 W
 Short-circuit, excess load, and over-voltage protection
Storage battery available
Dimensions： 235 mm × 384 mm × 90 mm (9.3"" × 15.1"" × 3.5"")
Power adapter included in the package（European Standard）",943.33,1367.83,45,HIKVISION SA,Power Supply
DS-K7M-AW100,"Power supply unit for access control terminal and lock, which can supply power for 2 access control terminal and 2 lock
Input voltage 100-240VAC,output voltage 12VDC, output power 100W
Short-circuit, excess load, and over-voltage protection
 Storage battery available
Dimensions： 370 mm × 345 mm × 90 mm (14.7"" × 13.6"" × 3.5"")
Power adapter included in the package（European Standard）",1483.45,2151.0,45,HIKVISION SA,Power Supply
DS-K2M061,"Secure module. Communicates with the access control terminal via RS-485 to execute the commands from the terminal including open door, close door, normally open and normally closed
Input interface: Door Magnetic×1, Tamper-proof×1, Alarm input x2; 
Output interface: Door Switch Relay×1, Alarm Relay×1.
DC 12V.
Dimensions：48 mm × 115 mm × 26 mm (1.9"" × 4.5"" × 1.0"")",616.74,894.27,45,HIKVISION SA,Secure Module
DS-K7P03,"new version of DS-K7P03, there is ""/T"" in the label.
Stainless steel panel, Led Indicator;
Dimension(L×W×H): 86×86×25.7mm(3.39×3.39×1.01"").",228.61,331.48,45,HIKVISION SA,"Button
(Stock Clearance)"
DS-K7P04,"new version of DS-K7P03, there is ""/T"" in the label.
Stainless steel panel;
Dimension(L×W×H): 90×35×37.7mm(3.54×1.38×1.48"").",216.05,313.27,45,HIKVISION SA,"Button
(Stock Clearance)"
DS-K7P07,"· Touchless exit button
· Stainless steel panel
· LED indicator status: Green/blue LED indicates working/standby
· Dimension(L×W×H): 115×70×16mm（4.53""×2.76""×0.63""）",149.48,216.75,45,HIKVISION SA,Button
DS-K7P08,"· Touchless exit button
· Stainless steel panel
· LED indicator status: Green/blue LED indicates working/standby
· Dimension(L×W×H): 86×86×16mm（3.39""×3.39""×0.63""）",228.61,331.48,45,HIKVISION SA,Button
DS-K7PEB,"Emergency Break glass, green color.",204.74,296.87,45,HIKVISION SA,Emergency Break Glass
IC  S50,"Mifare 1 Contactless Smart card, Frequency: 13.56MHz.",12.56,18.21,45,HIKVISION SA,Card
DS-K7M102-M,"Mifare 1 Contactless Smart card, Frequency: 13.56vMHz.
Designed with the PVC and AB glue
Dimension(L×W×H): 26 mm × 50 mm × 4 mm (1.02"" × 1.97"" × 0.16"")
suggest to be used with the below reader series：DS-K1107M/MK、DS-K1108M/MK、DS-K1104M/MK",12.56,18.21,45,HIKVISION SA,Card
DS-KZX-3,"Access Control Demo Case for Access Control 2.0
DS-K2702WX-E1(P)×1, DS-K2M002X×1, DS-K1109DKFB-QR×1, DS-K1T805MBFWX×1, DS-K1T502DBFWX-C×1;
DS-K1107AMK×1, DS-K2M061×1
FM11RF08-M1×3
Power adapter included in the package（European Standard）",14313.23,20754.18,45,HIKVISION SA,Access Control Demo Case
DS-KM9503,"CMOS 2 MP, 10-Inch Colorful IPS LCD, capacitive Touch Screen and display resolution 1280 × 800, 2 RJ-45 10/100/1000 Mbps Self-Adaptive Ethernet Interface, 1 HDMI, 1 RS-485 Half-Duplex Port, 3 USB Interface,  2 Relay Output, 2 Alarm Input , 4 Audio Inputs & 4 Audio Outputs, 12 VDC & Standard PoE 
Power adapter（European Standard）, Goose neck microphone and External voice box are included in the package",10792.39,15648.97,45,HIKVISION SA,Master Station
DS-KD9633-WBE6,"Face Recognition Android Door Station, 10.1-inch IPS touch screen, Display resolution: 1280 * 800, 
 Android 7.1, 2x2 Mega pixel wide-angle lens, Built-in Mifare card reading module, Wifi & Bluetooth reserverd;
Max.10000 faces capacity, Max.20000 users;
Supports TCP/IP,DC 12V, 4-ch alarm input
IP65,IK07, 1 relays for door lock control, 1 RS-485 for DS-K2M060 to control the second door lock.
Gang box without extention module is included!",14330.82,20779.69,45,HIKVISION SA,Apartment Outdoor Station（Facial）
DS-KD9203-ME6,"4.3""Face Recognition Door Station, Aluminum Alloy
2 MP HD camera with high quality image, 120 ° wide angle of view, Up to 5000 faces, and 50000 cards can be added, Unlocks by cards and faces, Supports anti-spoofing, Supports cofiguration via Web remotely",5093.48,7385.55,45,HIKVISION SA,Apartment Outdoor Station（Facial）
DS-KD9203-MFE6,"4.3""Face Recognition Door Station, Aluminum Alloy
2 MP HD camera with high quality image, 120 ° wide angle of view, Up to 5000 faces, 5000 fingerprints and 50000 cards can be added, Unlocks by fingerprints, cards and face, Supports anti-spoofing，Supports cofiguration via Web remotely",5713.99,8285.29,45,HIKVISION SA,Apartment Outdoor Station（Facial）
DS-KABD9203-RS,"SGCC, Rain sheild for KD9203 series door station (Surface mouting)",466.01,675.71,45,HIKVISION SA,Apartment Outdoor
DS-KV9503-WBE1,"Face Recognition  Door Station,4.3-inch IPS touch screen, Display resolution: 800 × 480 , 
2x2 Mega pixel lens, Built-in Mifare card reading module, Wifi & Bluetooth reserverd;
Max.10000 faces capacity, Max.20000 users;
Supports TCP/IP,DC 12V & POE, 4-ch alarm input
IP65,IK08, 2 relays for door lock control, 1 RS-485",3768.29,5464.02,45,HIKVISION SA,Apartment Outdoor Station（Facial）
DS-KABV9503-RS,Protective shield for DS-KV9503-WBE1 villa door station (Surface mouting),182.13,264.09,45,HIKVISION SA,Villa Outdoor Station
DS-KV8113-WME1(C),"CMOS 2MP HD Colorful Camera,, Aluminum alloy, 1-ch Indoor station access, Wi-Fi 802.11b/g/n,  Surface mounting
Standard PoE/ 12 VDC, Mifare card reading module;
10M/100M Self-adaptive Ethernet, RS-485;
4-ch alarm input,2 relay for door lock contrl;
IP65,3 indicator integrated
Call directly to Hik-Connect APP without indoor station.",2262.23,3280.23,45,HIKVISION SA,Villa Outdoor Station
DS-KV8113-WME1(C)/Flush,"CMOS 2MP HD Colorful Camera,, Aluminum alloy, 1-ch Indoor station access, Wi-Fi 802.11b/g/n,  Flush mounting,
Standard PoE/ 12 VDC, Mifare card reading module;
10M/100M Self-adaptive Ethernet, RS-485;
4-ch alarm input,2 relay for door lock contrl;
IP65,3 indicator integrated
Call directly to Hik-Connect APP without indoor station.",2262.23,3280.23,45,HIKVISION SA,Villa Outdoor Station
DS-KV8213-WME1(C),"CMOS 2MP HD Colorful Camera,, Aluminum alloy, 2-ch Indoor station access, Wi-Fi 802.11b/g/n,  Surface mounting
Standard PoE/ 12 VDC, Mifare card reading module;
10M/100M Self-adaptive Ethernet, RS-485;
4-ch alarm input,2 relay for door lock contrl;
IP65,3 indicator integrated",2445.62,3546.15,45,HIKVISION SA,Villa Outdoor Station
DS-KV8213-WME1(C)/Flush,"CMOS 2MP HD Colorful Camera,, Aluminum alloy, 2-ch Indoor station access, Wi-Fi 802.11b/g/n, Flush mounting,
Standard PoE/ 12 VDC, Mifare card reading module;
10M/100M Self-adaptive Ethernet, RS-485;
4-ch alarm input,2 relay for door lock contrl;
IP65,3 indicator integrated",2445.62,3546.15,45,HIKVISION SA,Villa Outdoor Station
DS-KV8413-WME1(C),"CMOS 2MP HD Colorful Camera,, Aluminum alloy, 4-ch Indoor station access, Wi-Fi 802.11b/g/n,  Surface mounting
Standard PoE/ 12 VDC, Mifare card reading module;
10M/100M Self-adaptive Ethernet, RS-485;
4-ch alarm input,2 relay for door lock contrl;
IP65,3 indicator integrated",2630.27,3813.89,45,HIKVISION SA,Villa Outdoor Station
DS-KV8413-WME1(C)/Flush,"CMOS 2MP HD Colorful Camera,, Aluminum alloy, 4-ch Indoor station access, Wi-Fi 802.11b/g/n, Flush mounting,
Standard PoE/ 12 VDC, Mifare card reading module;
10M/100M Self-adaptive Ethernet, RS-485;
4-ch alarm input,2 relay for door lock contrl;
IP65,3 indicator integrated",2630.27,3813.89,45,HIKVISION SA,Villa Outdoor Station
DS-KABV8113-RS/Flush,SECC，Protective shield for KV8113 series villa door station (Flush mouting),182.13,264.09,45,HIKVISION SA,Villa Outdoor Station
DS-KABV8113-RS/Surface,SECC，Protective shield for KV8113 series villa door station (Surface mouting),182.13,264.09,45,HIKVISION SA,Villa Outdoor Station
DS-KV6113-WPE1(C),"CMOS 2MP HD Colorful Camera,,Plastic, 1-ch Indoor station access, Wi-Fi 802.11b/g/n, 
Standard PoE/ 12 VDC, Mifare card reading module;
10M/100M Self-adaptive Ethernet, RS-485;
4-ch alarm input,1 relay for door lock contrl;
IP65, 2 indicator integrated
Call directly to Hik-Connect APP without indoor station.",1704.52,2471.55,45,HIKVISION SA,Villa Outdoor Station
DS-KABV6113-RS,Plastic，Protective shield for KV6103/6113 series villa door station (Surface mouting),109.28,158.46,45,HIKVISION SA,Villa Outdoor Station
DS-KV6133-WME1/Surface,"CMOS 2MP HD Colorful Camera, ,  aluminum alloy and glass, Wi-Fi 802.11b/g/n, incluing Surface gang box;
Standard PoE/ 12 VDC, Mifare card reading module;
10M/100M Self-adaptive Ethernet, RS-485;
4-ch alarm input,1 relay for door lock contrl;
IP65
Call directly to Hik-Connect APP without indoor station.",1902.99,2759.34,45,HIKVISION SA,Villa Outdoor Station
DS-KV6124-WBE1,"CMOS 4MP HD Colorful Camera, ≥150° viewing angle, Plastic
Mifare card reading module, PIN code;
Standard 8023.at PoE/ 12 VDC, 2 relays for door lock contrl ( Max. 30 VDC 1A);
10M/100M Self-adaptive Ethernet, 2.4G 802.11b/g/n Wi-Fi6, Bluetooth;
4-ch alarm input; 1-ch RS485;
IP66, 3 indicators integrated
TF card, max 128G
Call directly to Hik-Connect APP without indoor station.",2244.65,3254.74,45,HIKVISION SA,Villa Outdoor Station
DS-KV6114-MWBE1,"CMOS 4MP HD Colorful Camera, ≥150° viewing angle, Metal
Mifare card reading module;
Standard 8023.at PoE/ 12 VDC, 2 relays for door lock contrl (Max. 30 VDC 1A);
10M/100M Self-adaptive Ethernet, 2.4G 802.11b/g/n Wi-Fi6, Bluetooth;
4-ch alarm input; 1-ch RS485;
IP66, 3 indicators integrated
TF card, max 128G
Call directly to Hik-Connect APP without indoor station.",2244.65,3254.74,45,HIKVISION SA,Villa Outdoor Station
DS-KB8113-IME1(B),"Vandal Proof Standard PoE Doorbell
Call directly to Hik-Connect APP without indoor station.
2 MP IP Vandal-resistant Door Station, 80°(Horizontal) and 44°(Vertical), field of view adjustment -50° to 50°, 10/100 Mbps Self-Adaptive Ethernet, PoE (Power over Ethernet),  IR Supplement, IR Distance: 5 Meters, IK 9 and IP 66,
Configuration remotely via Web",1611.57,2336.78,45,HIKVISION SA,Doorbell
DS-KD8003-IME1(B)/Surface,IP version: DS-KD8003-IME1 with its surface mouting accessories. IP65 (DS-KD8003-IME1+DS-KD-ACW1),2255.95,3271.13,45,HIKVISION SA,Module  door Station
DS-KD8003-IME1(B),"IP version:Main unit ,  needs mouting bracket.
CMOS 2MP HD Colorful Camera, Fish eye,  1 Call Button,  1-ch Indoor station access,  2 relays for door lock control
IR Supplement ,  10M/100M Self-adaptive Ethernet,  module connection with RS-485 ,  4-ch alarm input
IP65,  12 VDC or standard POE",1699.5,2464.28,45,HIKVISION SA,Module  door Station
DS-KD-TDM,"Touch&Display&Card Reader module,module connection with RS-485 , IP65,IK8, needs mouting bracket, Flush mounting, Surface mounting, 100mmx100 mm x35mm, 4 inch IPS touch screen with 480 *480 resolution, Self-defined mode for multi-scenario:Keypad mode, Contact list mode, Call button mode,Advertisement mode
Powered by other module (Power input: 12VDC, Power output: 12VDC)",2433.06,3527.94,45,HIKVISION SA,Module  door Station
DS-KD-KK,"Nametag unit ,  including 4 button covers, needs mouting bracket.
6 call buttons,   module connection with RS-485 ,  IP65",560.22,812.32,45,HIKVISION SA,Module  door Station
DS-KD-K12,"Nametag unit ,  including 4 button covers, needs mouting bracket.
12 call buttons,   module connection with RS-485 ,  IP65",752.4,1090.98,45,HIKVISION SA,Module  door Station
DS-KD-IN,"Indicator module,  module connection with RS-485 , needs mouting bracket, IP65,Backlight,Flush mounting, Surface mounting, 98.21mmx100.21 mm x33.7mm, powered by other module (Power input: 12VDC, Power output: 12VDC)",467.27,677.54,45,HIKVISION SA,Module  door Station
DS-KD-BK,"Blank module, IP65, needs mouting bracket, Flush mounting, Surface mounting, 98.21mmx100.21 mm x33.7mm",280.11,406.16,45,HIKVISION SA,Module  door Station
DS-KD-KP,"Keypad module, module connection with RS-485 , IP65, needs mouting bracket, Backlight,Flush mounting, Surface mounting, 98.21mmx100.21 mm x33.7mm, input pin code to open door, call indoor station via inputing room number, powered by other module (Power input: 12VDC, Power output: 12VDC)",1204.6,1746.67,45,HIKVISION SA,Module  door Station
DS-KD-M,"Mifare 1 card reader module, 13.56MHz, module connection with RS-485 , IP65,Backlight,needs mouting bracket, Flush mounting, Surface mounting, 98.21mmx100.21 mm x33.7mm, unlock door via swiping card, powered by other module (Power input: 12VDC, Power output: 12VDC)",747.38,1083.7,45,HIKVISION SA,Module  door Station
DS-KD-DIS,"Display module, module connection with RS-485 , IP65,needs mouting bracket, Backlight,Flush mounting, Surface mounting, 98.21mmx100.21 mm x33.7mm, 3.5 inch LCD, 320*480, 4 buttons, dial number display, pin code unlock, contact list display, powered by other module (Power input: 12VDC, Power output: 12VDC)",1080.24,1566.35,45,HIKVISION SA,Module  door Station
DS-KD-MFB,"Fingerprint&Card Reader(13.56MHz) module,module connection with RS-485 , IP65, needs mouting bracket, Flush mounting, Surface mounting, 100mmx100 mm x35mm,  unlock door via swiping card or fingerprint (Bluetooth reserved);
Powered by other module (Power input: 12VDC, Power output: 12VDC)",1237.26,1794.03,45,HIKVISION SA,Module  door Station
DS-KD-ACW1,"1 module accessories ,  used for Surface mounting ,   includes 1 module frame , 1 module front panel and some other necessary accessories . Aluminum.",654.43,948.92,45,HIKVISION SA,Module  door Station
DS-KD-ACW2,"2 module accessories ,  used for Surface mounting ,   includes 2 module frame , 2 module front panel, 1 button cover and some other necessary accessories . Aluminum.",909.41,1318.64,45,HIKVISION SA,Module  door Station
DS-KD-ACW3,"3 module accessories ,  used for Surface mounting ,  includes 3 module frame , 3 module front panel, 1 button cover and some other necessary accessories . Aluminum.",1522.39,2207.47,45,HIKVISION SA,Module  door Station
DS-KABD8003-RS1,SECC，Convenient design available for the 1 module surface  mounting of the modular  door station (DS-KD8003-IME1 or DS-KD8003-IME2),291.41,422.54,45,HIKVISION SA,Module  door Station
DS-KABD8003-RS2,SECC，Convenient design available for the 2 module surface  mounting of the modular  door station (DS-KD8003-IME1 or DS-KD8003-IME2),363.01,526.36,45,HIKVISION SA,Module  door Station
DS-KABD8003-RS3,SECC，Convenient design available for the 3 module surface  mounting of the modular  door station (DS-KD8003-IME1 or DS-KD8003-IME2),435.87,632.01,45,HIKVISION SA,Module  door Station
DS-KH9510-WTE1(B),"10.1-inch android indoor station
10.1-inch 2.5D IPS colorful touch screen with resolution 1024 × 600
Android version 10
10/100Mbps Ethernet, Wi-Fi 802.11b/g/n;
standard PoE/ 12 VDC.
TF card, max 32G
8-ch alarm input,2xalarm output, 1x485
Built-in Hik-Connect for all-in-one management
Supports Android app installation
Open platform for the third-party software integration",3176.67,4606.17,45,HIKVISION SA,Indoor Station
DS-KABH9510-T,"Table bracket for KH9310/9510 series indoor station, material : SUS430",329.1,477.19,45,HIKVISION SA,Bracket
DS-KH8350-WTE1,"Reddot award 2017 winner
7“ Touch-Screen Indoor Station, 
7-inch Colorful IPS LCD, display resolution: 1024 * 600;
10/100Mbps Ethernet, Wi-Fi 802.11b/g/n;
standard PoE/ 12 VDC.
TF card, max 32G
8-ch alarm input , 2xalarm output, 1x485",3064.88,4444.08,45,HIKVISION SA,Indoor Station
DS-KH8520-WTE1,"10“ Touch-Screen Indoor Station, 
10-inch Colorful TFT LCD, display resolution: 1024 * 600;
10/100Mbps Ethernet, Wi-Fi 802.11b/g/n;
standard PoE/ 12 VDC.
TF card, max 32G
8-ch alarm input,2xalarm output, 1x485",3627.61,5260.03,45,HIKVISION SA,Indoor Station
DS-KH6350-WTE1,"7“ Touch-Screen Indoor Station, 
7-inch Colorful TFT LCD, display resolution: 1024 * 600;
10/100Mbps Ethernet, Wi-Fi 802.11b/g/n;
standard PoE/ 12 VDC.
TF card, max 128G
8-ch alarm input, 2xalarm output, 1x485",1901.73,2757.51,45,HIKVISION SA,Indoor Station
DS-KABH6350-T,"Table bracket for KH6350 series indoor station, material : SECC, silica gel",261.27,378.84,45,HIKVISION SA,Bracket
DS-KIS602(B),"IP video intercom kit for villa or house, only one call button.
DS-KD8003-IME1/Surface(B)   x1;
DS-KH6320-WTE1  x1;
4 port standard PoE switch x1;
16GB TF card x1;
Power adapter included in the package（European Standard）",4211.7,6106.96,45,HIKVISION SA,IP Video Intercom Kit
DS-KIS604-P(C),"IP video intercom kit for villa or house, only one call button.
DS-KV8113-WME1(C)  x1;
DS-KH6320-WTE1  x1;
PSU x2;
16GB TF card x1;
Power adapter included in the package（European Standard）",3787.13,5491.34,45,HIKVISION SA,IP Video Intercom Kit
DS-KIS604-S(C),"IP video intercom kit for villa or house, only one call button.
DS-KV8113-WME1(C)  x1;
DS-KH6320-WTE1  x1;
4 port standard PoE switch x1;
16GB TF card x1;
Power adapter included in the package（European Standard）",4393.83,6371.05,45,HIKVISION SA,IP Video Intercom Kit
DS-KIS313-P,"Hybrid HD video intercom Kit (IP indoor station and analog door station)
Kit including DS-KB2422T-IM and DS-KH6352-WTDE6
Including one monitor, one ourdoor panel, 5-meter 4-wire cable, and other accessories
indoor station: 7 inch touch screen, wi-fi,  support Hik-Connect APP
door station: 2MP camera, IP65, IK08
It includes European power adapter,  if you want to change the standard of power supply, you have to mark which standard of power adapter you want when you place an order",2460.7,3568.01,45,HIKVISION SA,Hybrid Video Intercom Kit
DS-KH6352-WTDE6(B),Indoor Station For DS-KIS313-P,1443.26,2092.73,45,HIKVISION SA,Indoor Station
DS-KIS213(B),"4-wire HD Analog Video Intercom Kit
Kit including DS-KB2422T-IM(B) and DS-KH2230T(B)
Include one monitor, one ourdoor panel, 5-meter 4-wire cable, and other accessories
indoor station: 7 inch LCD screen
door station: 2MP camera, HD TVI video quality, metal, IP65, IK08",1405.57,2038.08,45,HIKVISION SA,Hybrid Video Intercom Kit
DS-KH2230T(B),Indoor Station For DS-KIS213(B),783.8,1136.51,45,HIKVISION SA,Indoor Station
DS-KIS703Y-P,"Vandal Proof Standard PoE Doorbell
Call directly to Hik-Connect APP without indoor station.
2 MP IP Vandal-resistant Door Station, 80°(Horizontal) and 44°(Vertical), field of view adjustment -50° to 50°, 10/100 Mbps Self-Adaptive Ethernet, PoE (Power over",2597.61,3766.53,45,HIKVISION SA,Two-wire Digital  IP Video Intercom Kit
DS-PEA103-K1,"Emergency call/Audio Intercom
Broadcast/Wired IP/Siren and audio expandable/IK8/IP65
Power Supply: 12V DC",2520.99,3655.44,45,HIKVISION SA,Panic Intercom
DS-PEA103-CK1,"Emergency call/Built-in 2MP camera
Video monitoring/Audio Intercom/Broadcast/Wired IP/Siren and audio expandable/IK8/IP65
Power Supply: 12V DC",3333.68,4833.84,45,HIKVISION SA,Panic Intercom
DS-PEA103-CK1-E1,"Emergency call/Built-in 2MP camera
Video monitoring/Audio Intercom/Broadcast/Wired IP/Siren and audio expandable/IK8/IP65
Power Supply: 12V DC / PoE supported",3455.52,5010.5,45,HIKVISION SA,Panic Intercom
DS-PEAP-CV1(B),"Emergency call/Built-in 4MP camera
Video monitoring/Audio Intercom/Broadcast/Wired IP/Dual net port/MicroSD/SDHC/SDXC 128GB/Siren and audio expandable/PoE supported/IK10 /IP65
Surface mount
Power Supply: 12V DC / PoE supported",4097.39,5941.22,45,HIKVISION SA,Panic Intercom
DS-PEAP-CV1E(B),"Emergency call/Built-in 4MP camera
Video monitoring/Audio Intercom/Broadcast/Wired IP/Dual net port/MicroSD/SDHC/SDXC 128GB/Siren and audio expandable/PoE supported/IK10/IP65
Power Supply: 12V DC / PoE supported",4097.39,5941.22,45,HIKVISION SA,Panic Intercom
DS-PEAP-CVS1(B),"Emergency call/Built-in 4MP camera
Video monitoring/Audio Intercom/Broadcast/Wired IP/Dual net port/MicroSD/SDHC/SDXC 128GB/Siren and audio expandable/PoE supported/IK10/IP65
(4G version)
Power Supply: 12V DC / PoE supported",5633.6,8168.72,45,HIKVISION SA,Panic Intercom
DS-PEAP-CVSA1(B),"Emergency call/Built-in 4MP camera
Video monitoring/Audio Intercom/Broadcast/Wired IP/Dual net port/MicroSD/SDHC/SDXC 128GB/Siren and audio expandable/PoE supported/IK10/IP65
(Australia 4G version)
Power Supply: 12V DC / PoE supported",5917.48,8580.35,45,HIKVISION SA,Panic Intercom
DS-PEA4H-10,"10.1 inch touch screen/2MP Rotary Camera/Real-time alarm information display/Supports  Microphone rod and VGA/HDMI interface/Auto noise suppression/Auto echo cancellation/Call waiting/Call forwarding
Power Supply: 12V DC / PoE supported",13441.5,19490.17,45,HIKVISION SA,Station
DS-PWA64-Kit-WE,"Component:
● DS-PWA64-L-WE * 1
● DS-PKF1-WE * 1
● DS-PDP15P-EG2-WE * 1
● DS-PDMC-EG2-WE * 1",2809.89,4074.34,45,HIKVISION SA,"868MHz
AX PRO
Wireless Control Panel
64 Zones Kit
Light Level"
DS-PWA64-Kit-WE(O-STD)/AFRICA NO 2G,"Component:
● DS-PWA64-Kit-WE(O-STD)/AFRICA NO 2G * 1
● DS-PKF1-WE * 1
● DS-PDP15P-EG2-WE * 1
● DS-PDMC-EG2-WE * 1",2396.63,3475.11,45,HIKVISION SA,"868MHz
AX PRO
Wireless Control Panel
64 Zones Kit
Light Level（NO 2G）"
DS-PWA96-Kit-WE,"Component:
● DS-PWA96-M-WE * 1
● DS-PKF1-WE * 1
● DS-PDP15P-EG2-WE * 1
● DS-PDMC-EG2-WE * 1",3944.15,5719.02,45,HIKVISION SA,"868MHz
AX PRO
Wireless Control Panel 96 Zones Kit
Middle Level"
DS-PWA64-L-WE,"● 868MHz two-way wireless
● Dual Wireless Technology: Tri-X & CAM-X;
● Long RF transmission range;
● Up to 64 Wireless Zones/Outputs, 8 Wireless Ta Readers/Keypads, 4 Wireless Sounder, 32 Keyfobs, 2 Wireless Repeaters, 32 Tags;
● PIRCAM supported;
● Built-in LAN, WiFi and GPRS;
● Up to 16 areas, 32 users, and 5000 log events;
● Voice Prompt;
● Multiple configuration via Web Client, Hik-Connect and Convergence Cloud(Hik-ProConnect)
(Hik-Connect and Hik-ProConnect configuration depends on the user access level)
● Pushes alarm notification via SMS or Voice Call;
● HD Live Videos from Hik-Connect;
● Built-in 4520mAh lithium backup battery for 12 hours (standby time);
● Uploads alarm reports to ARC;
● SIA-DC09 Protocol, and supports both Contact-ID and SIA-DCS data format
● Support ISUP 5.0, ISAPI (SDK) Protocols",1958.26,2839.48,45,HIKVISION SA,"868MHz
AX PRO
Wireless Control Panel
Light Level"
DS-PWA64-L-WE NO 2G,"● 868MHz two-way wireless
● Dual Wireless Technology: Tri-X & CAM-X;
● Long RF transmission range;
● Up to 64 Wireless Zones/Outputs, 8 Wireless Ta Readers/Keypads, 4 Wireless Sounder, 32 Keyfobs, 2 Wireless Repeaters, 32 Tags;
● PIRCAM supported;
● Built-in LAN, WiFi;
● Up to 16 areas, 32 users, and 5000 log events;
● Voice Prompt;
● Multiple configuration via Web Client, Hik-Connect and Convergence Cloud(Hik-ProConnect)
(Hik-Connect and Hik-ProConnect configuration depends on the user access level)
● Pushes alarm notification via SMS or Voice Call;
● HD Live Videos from Hik-Connect;
● Built-in 4520mAh lithium backup battery for 12 hours (standby time);
● Uploads alarm reports to ARC;
● SIA-DC09 Protocol, and supports both Contact-ID and SIA-DCS data format
● Support ISUP 5.0, ISAPI (SDK) Protocols",1845.21,2675.55,45,HIKVISION SA,"868MHz
AX PRO
Wireless Control Panel
Light Level（NO 2G）"
DS-PWA96-M-WE,"● 868MHz two-way wireless
● Dual Wireless Technology: Tri-X & CAM-X;
● Long RF transmission range;
● Up to 96 Wireless Zones/Outputs, 8 Wireless Ta Readers/Keypads, 6 Wireless Sounder, 48 Keyfobs, 4 Wireless Repeaters, 48 Tags;
● PIRCAM supported;
● Built-in LAN, WiFi and 3/4G;
● Dual SIM Slots;
● Built-in Card Reader;
● Up to 32 areas, 48 users, and 5000 log events;
● Voice Prompt;
● Multiple configuration via Web Client, Hik-Connect and Convergence Cloud(Hik-ProConnect)
(Hik-Connect and Hik-ProConnect configuration depends on the user access level)
● Pushes alarm notification via SMS or Voice Call;
● HD Live Videos from Hik-Connect;
● 4-ch 7s Alarm Video Clips(5s before + 2s after, or reverse) via E-mail or Hik-Connect;
● Built-in 4520mAh lithium backup battery for 12 hours (standby time);
● Uploads alarm reports to ARC;
● SIA-DC09 Protocol, and supports both Contact-ID and SIA-DCS data format
● Support ISUP 5.0, ISAPI (SDK) Protocols",2809.89,4074.34,45,HIKVISION SA,"868MHz
AX PRO
Wireless Control Panel
Middle Level"
DS-PWA96-M2H-WE,"● TCP/IP, Wi-Fi, and 3/4G network
● New generation wireless protocol: Tri-X/Cam-X
● Long RF transmission distance
● Two-way communication with AES-128 encryption
● Connects up to 96 zones/outputs (Including 48 PIRCAMs & onboard Wired Zones/Outputs), 48 wireless keyfobs, 4 repeaters, 6 sounders(3 internal+3 External), 8 tag readers & keypads.
● Supports up to 48 network users, including 1 installer, 1 administrator, and 46 normal users
● Voice prompt
● Configuration via Web client, mobile client, and Convergence Cloud
● Hik-Connect and Hik-ProConnect configuration depends on the user access level
● Pushes alarm notification via messages or phone calls
● Views live videos from Hik-Connect
● Alarm video clips via emails and APP
● Supports LED indicator to indicates system status
● SIA-DC09 protocol, and supports both Contact ID and SIA data format
● Supports Hik-IP Receiver and Hik-IP Receiver Pro for ARC communication",3607.51,5230.89,45,HIKVISION SA,"868MHz
AX PRO
Wireless Control Panel
Middle Level"
DS-PK1-E-WE,"● 868MHz two-way Tri-X wireless technology;
● Frequency hooping against jamming for reliable transmission;
● RF Range: 1200m(open space);
● Stay/away arming, disarming, alarm clearing for specified area or all areas;
● One-Push fire alarm, panic alarm, and medical alarm(Silent/Audible alarm selectable);
● Output control;
● Fully remote configurable through APP;
● Battery Type: 4 * AA batteries (included by default, easy replaceable)
● Battery Life: more than 2 years (standby time)",822.74,1192.97,45,HIKVISION SA,"868MHz
AX PRO Series
Wireless Keypad"
DS-PK1-LT-WE,"● 868MHz two-way Tri-X wireless technology;
● Frequency hooping against jamming for reliable transmission;
● RF Range: 1200m(open space);
● LCD screen and LED to indicate system status
● System configuration through LCD screen
● Stay/away arming, disarming, alarm clearing for specified area or all areas;
● One-Push fire alarm, panic alarm, and medical alarm(Silent/Audible alarm selectable);
● Output control;
● Fully remote configurable through APP;
● Battery Type: 4 * AA batteries (included by default, easy replaceable)
● Battery Life: more than 2 years (standby time)",1297.55,1881.45,45,HIKVISION SA,"868MHz
AX PRO Series
Wireless LCD Keypad"
DS-PT-M1,"● Mifare 1 card
● Working frequency: 13.56MHz
● Data rate: 106 kbps
● Induction distance: 5 to 10cm
● Material: PVC, ABS",28.89,41.89,45,HIKVISION SA,"Tag
(Back to back order)"
DS-PKF1-WE(B),"● 868MHz two-way Tri-X wireless technology;
● Frequency hooping against jamming for reliable transmission;
● RF Range: 900m(open space);
● Keyfob lock and unlock function;
● Multiple enrollment method and easy installation design;
● 4 keys, programable to various functions;
● Fully remote configurable through APP;
● Battery Type: 1 * CR2032, 3V battery (included by default, easy replaceable)
● Battery Life: more than 3 years (standby time)",312.77,453.52,45,HIKVISION SA,"868MHz
AX PRO Series
Wireless Keyfob"
DS-PKF1-WE(B)/BLACK,"● 868MHz two-way Tri-X wireless technology;
● Frequency hooping against jamming for reliable transmission;
● RF Range: 900m(open space);
● Keyfob lock and unlock function;
● Multiple enrollment method and easy installation design;
● 4 keys, programable to various functions;
● Fully remote configurable through APP;
● Battery Type: 1 * CR2032, 3V battery (included by default, easy replaceable)
● Battery Life: more than 3 years (standby time)",312.77,453.52,45,HIKVISION SA,"868MHz
AX PRO Series
Wireless Keyfob"
"DS-PS1-I-WE(B)/RED
(Red Indicator)","● 868MHz two-way Tri-X wireless technology;
● Frequency hooping against jamming for reliable transmission;
● RF Range: 1,600m(open space);
● Buzzer Decibel: 90 to 110dB;
● Configurable arming/disarming prompt sound and LED indicator
● 3 kinds of alarm sounds: fire alarm, panic alarm, and intrusion alarm
● Fully remote configurable through APP;
● Tamper Switch
● Battery Type: 3 * CR123A batteries (included by default, easy replaceable)
● Battery Life: 3 years(triggered once every two weeks and alerting 90s for each triggering)",624.28,905.21,45,HIKVISION SA,"868MHz
AX PRO Series
Wireless Indoor Sounder"
"DS-PS403I-WE/Red
(Red Indicator)","● 868MHz two-way CAM-X wireless technology;
● Frequency hooping against jamming for reliable transmission;
● RF Range: 800m(open space);
● Two-way talk via RF transmission
● Buzzer Decibel: 85 to 105dB;
● Configurable arming/disarming prompt sound and LED indicator
● Fully remote configurable through APP;
● Tamper Switch",1297.55,1881.45,45,HIKVISION SA,"868MHz
AX PRO Series
Wireless indoor intercom Sounder"
"DS-PS1-E-WE
(Red Indicator)","● 868MHz two-way Tri-X wireless technology;
● Frequency hooping against jamming for reliable transmission;
● RF Range: 1,600m(open space);
● IP65 approved for outdoor installation;
● Buzzer Decibel: 90 to 110dB;
● Configurable arming/disarming prompt sound and LED indicator
● 3 kinds of alarm sounds: fire alarm, panic alarm, and intrusion alarm
● Fully remote configurable through APP;
● Tamper Switch
● Battery Type: 4 * CR123A batteries (included by default, easy replaceable)
● Battery Life: 3 years(triggered once every two weeks and alerting 90s for each triggering)",1106.62,1604.6,45,HIKVISION SA,"868MHz
AX PRO Series
Wireless Outdoor Sounder"
"DS-PS1-E-WE
(Blue Indicator)","● 868MHz two-way Tri-X wireless technology;
● Frequency hooping against jamming for reliable transmission;
● RF Range: 1,600m(open space);
● IP65 approved for outdoor installation;
● Buzzer Decibel: 90 to 110dB;
● Configurable arming/disarming prompt sound and LED indicator
● 3 kinds of alarm sounds: fire alarm, panic alarm, and intrusion alarm
● Fully remote configurable through APP;
● Tamper Switch
● Battery Type: 4 * CR123A batteries (included by default, easy replaceable)
● Battery Life: 3 years(triggered once every two weeks and alerting 90s for each triggering)",1106.62,1604.6,45,HIKVISION SA,"868MHz
AX PRO Series
Wireless Outdoor Sounder"
DS-PR1-WE(B),"● 868MHz two-way Tri-X and Cam-X wireless technology;
● Frequency hooping against jamming for reliable transmission;
● RF Range: 1,600m(open space);
● Multiple Enrolling Methods: Power up, Remote ID, QR Code
● SSI(Signal Strength Indication);
● Fully remote configuration through APP;
● Auto pairing with detectors and peripherals
● Long battery backup time
● PIRCAM suppported",1257.35,1823.16,45,HIKVISION SA,"868MHz
AX PRO Series
Repeater Plus"
DS-PM1-I1-WE,"· Small size design, which can be put into wired detector easily
· 868MHz two-way wireless communication
· LED display, show the real status of device
· With one tamper input and one PGM, can be used as zone input or alarm outpout
· With 3.3v voltage output, can be used to power up external wired detector
· Detection of device removal by accelerometer",442.15,641.12,45,HIKVISION SA,"868MHz
AX PRO Series Wireless Input Transmitter"
DS-PM1-I16O2-WE,"● 868MHz two-way Tri-X wireless technology;
● Frequency hooping against jamming for reliable transmission;
● Multiple Enrolling Methods: Power up, Remote ID, QR Code
● SSI(Signal Strength Indication);
● Fully remote configuration through APP;
● 16 inputs and 2 outputs, can be used as zone input or alarm outpout
● 12v voltage output, can be used to power up external wired detector",1581.43,2293.07,45,HIKVISION SA,"868MHz
AX PRO Series
Multi-IO Transmitter"
DS-PM1-O1L-WE,"● 868MHz two-way Tri-X wireless technology;
● Frequency hooping against jamming for reliable transmission;
● RF Range: 1,800m(open space);
● Multiple Enrolling Methods: Power up, Remote ID, QR Code
● SSI(Signal Strength Indication);
● Fully remote configuration through APP;
● One-way ouput and one-way tamper input
● Voltage protection
● Trigger By Zone Alarm, By Arm/Disarm/Away/Clear Alarm, By Faults, By Manually, By Schedule",398.18,577.36,45,HIKVISION SA,"868MHz
AX PRO Series
Relay Module"
DS-PM1-O1H-WE,"● 868MHz two-way Tri-X wireless technology;
● Frequency hooping against jamming for reliable transmission;
● RF Range: 1,600m(open space);
● Multiple Enrolling Methods: Power up, Remote ID, QR Code
● SSI(Signal Strength Indication);
● Fully remote configuration through APP;
● One-way output
● Voltage and current protection
● Trigger By Zone Alarm, By Arm/Disarm/Away/Clear Alarm, By Faults, By Manually, By Schedule",454.71,659.33,45,HIKVISION SA,"868MHz
AX PRO Series
Wall Switch"
DS-PSP1-WE,"● 868MHz two-way Tri-X wireless technology;
● Frequency hooping against jamming for reliable transmission;
● RF Range: 1,600m(open space);
● Multiple Enrolling Methods: Power up, Remote ID, QR Code
● SSI(Signal Strength Indication);
● Fully remote configuration through APP;
● Voltage and current protection
● Consumed energy display
● Trigger By Zone Alarm, By Arm/Disarm/Away/Clear Alarm, By Faults, By Manually, By Schedule",442.15,641.12,45,HIKVISION SA,"868MHz
AX PRO Series
Smart Plug
(Stock Clearance)"
DS-PDP15P-EG2-WE(B),"● 868MHz two-way Tri-X wireless technology;
● Frequency hooping against jamming for reliable transmission;
● RF Range: 1,600m(open space);
● Detection Range: 15m / 85.9°;
● Up to 30 kg Pet-immunity;
● Multiple Enrolling Methods: Power up, Remote ID, QR Code;
● Sealed Optics and Creep-Zone protection;
● SEC(Smart Environment Control) - Advanced figital signal processing and 3D optics;
● SSI(Signal Strength Indicators);
● Environment Temperature Indication; 
● Fully remote configurable through APP;
● Installation Height: 1.8 to 2.4m;
● Battery Type: 1 * CR123A batteries (included by default, easy replaceable)
● Battery Life: 5 years in working status( triggered 10 times every day )",596.65,865.14,45,HIKVISION SA,"868MHz
AX PRO Series
Wireless PIR Detector"
DS-PDD12P-EG2-WE,"● 868MHz two-way Tri-X wireless technology;
● Dual Detection Technologies: PIR + 24GHz Microwave;
● Detection Logic Mode of Dual-tech: AND / OR
● Frequency hooping against jamming for reliable transmission;
● RF Range: 1,600m(open space);
● Detection Range: 12m / 85.9°;
● Up to 30KG pet-immunity;
● Multiple Enrolling Methods: Power up, Remote ID, QR Code;
● Sealed Optics and Creep-Zone protection;
● SEC(Smart Environment Control) - Advanced figital signal processing and 3D optics;
● SSI(Signal Strength Indicators);
● Environment Temperature Indication; 
● Fully remote configurable through APP;
● Installation Height: 1.8 to 2.4 m;
● Battery Type: 1 * CR123A batteries (included by default, easy replaceable)
● Battery Life: 5 years in working status( triggered 10 times every day )",993.57,1440.68,45,HIKVISION SA,"868MHz
AX PRO Series
Wireless Dual-Tech Detector"
DS-PDCL12-EG2-WE,"● 868MHz two-way Tri-X wireless technology;
● Frequency hooping against jamming for reliable transmission;
● RF Range: 1,600m(open space);
● Detection Range: 12m /360°;
● Multiple Enrolling Methods: Power up, Remote ID, QR Code;
● SEC(Smart Environment Control) - Advanced figital signal processing and 3D optics;
● SSI(Signal Strength Indicators);
● Environment Temperature Indication; 
● Fully remote configurable through APP;
● Installation Height: 2.4 ~ 4m;
● Mounting Method: Ceiling;
● Battery Type: 1 * CR123A batteries (included by default, easy replaceable)
● Battery Life: 5 years in working status( triggered 20 times every day )",543.89,788.64,45,HIKVISION SA,"868MHz
AX PRO Series
Wireless
Ceiling-mounted PIR"
DS-PDC15-EG2-WE(B),"● 868MHz two-way Tri-X wireless technology;
● Frequency hooping against jamming for reliable transmission;
● RF Range: 1,600m(open space);
● Detection Range: 15m / 6.3°;
● Multiple Enrolling Methods: Power up, Remote ID, QR Code;
● Sealed Optics and Creep-Zone protection;
● SEC(Smart Environment Control) - Advanced figital signal processing and 3D optics;
● SSI(Signal Strength Indicators);
● Environment Temperature Indication; 
● Fully remote configurable through APP;
● Installation Height: 2.4 to 3.6 m;
● Battery Type: 1 * CR123A batteries (included by default, easy replaceable)
● Battery Life: 5 years in working status( triggered 10 times every day )",631.82,916.14,45,HIKVISION SA,"868MHz
AX PRO Series
Wireless Curtain PIR Detector"
DS-PDPC12PF-EG2-WE(B),"● 868MHz two-way CAM-X wireless technology;
● Frequency hooping against jamming for reliable transmission;
● RF Range: 800m(open space);
● PIR Detection Range: 12m / 85.9°;
● Up to 30 kg Pet-immunity;
● Camera Lens Coverage: 88°(H), 68°(V);
● 24/7 Color imaging;
● Large integrated memory buffer for image storage;
● Support JPEG image capture with resolution of VGA, QVGA, QQVGA; 
● Multiple Enrolling Methods: Power up, Remote ID, QR Code;
● Sealed Optics and Creep-Zone protection;
● SEC(Smart Environment Control) - Advanced figital signal processing and 3D optics;
● SSI(Signal Strength Indicators);
● Environment Temperature Indication; 
● Fully remote configurable through APP;
● Installation Height: 1.8 to 2.4m;
● Battery Type: 3 * CR123A batteries (included by default, easy replaceable)
● Battery Life: 6 years (triggered twice every week, 20 QVGA frames captured for every alarm)",1586.45,2300.35,45,HIKVISION SA,"868MHz
AX PRO Series
Wireless PIRCAM Detector"
DS-PDPG12P-EG2-WE,"● 868MHz two-way Tri-X wireless technology;
● Dual Detection Technologies: PIR + Glass Break;
● Frequency hooping against jamming for reliable transmission;
● RF Range: 1,600m(open space);
● PIR Detection Range: 12m / 85.9°;
● BG Detection Range: Up to 8m;
● Up to 30KG pet-immunity;
● Multiple Enrolling Methods: Power up, Remote ID, QR Code;
● Sealed Optics and Creep-Zone protection;
● SEC(Smart Environment Control) - Advanced figital signal processing and 3D optics;
● SSI(Signal Strength Indicators);
● Environment Temperature Indication; 
● Fully remote configurable through APP;
● Installation Height: 1.8 to 2.4 m;
● Battery Type: 2 * CR123A batteries (included by default, easy replaceable)
● Battery Life: 4 years in working status( triggered 10 times every day )",851.63,1234.86,45,HIKVISION SA,"868MHz
AX PRO Series
Wireless PIR-Glass Break Detector"
DS-PDBG8-EG2-WE,"● 868MHz two-way Tri-X wireless technology;
● Frequency hooping against jamming for reliable transmission;
● RF Range: 1,600m(open space);
● BG Detection Range: Up to 8m/120°
● 2-ch External Zones for wired sensors;
● Multiple Enrolling Methods: Power up, Remote ID, QR Code;
● SSI(Signal Strength Indicators);
● Environment Temperature Indication; 
● Fully remote configurable through APP;
● Wall/ceiling mount
● Battery Type: 2 * CR123A battery (included by default, easy replaceable)
● Battery Life: 5 years (triggered 10 times every day)",569.01,825.06,45,HIKVISION SA,"868MHz
AX PRO Series
Wireless Glass Break Detector"
DS-PDB-MC-Adapter,"● Additional spacer for magnet
● Easy installation",27.63,40.06,45,HIKVISION SA,"Bracket
For Magnetic

DS-PDMC-EG2-WE(B)
DS-PDMCK-EG2-WE (B)"
DS-PDMC-EG2-WE(B),"● Designed for serface installation;
● 868MHz two-way Tri-X wireless technology;
● Frequency hooping against jamming for reliable transmission;
● RF Range: 1,600m(open space);
● 2-ch External Zones for wired sensors;
● Multiple Enrolling Methods: Power up, Remote ID, QR Code;
● SSI(Signal Strength Indicators);
● Environment Temperature Indication; 
● Fully remote configurable through APP;
● Battery Type: 1 * CR123A battery (included by default, easy replaceable)
● Battery Life: 5 years (triggered 10 times every day)",409.49,593.76,45,HIKVISION SA,"868MHz
AX PRO Series
Wireless Magnetic Contact"
DS-PDMCK-EG2-WE (B),"● Designed for serface installation;
● 868MHz two-way Tri-X wireless technology;
● Frequency hooping against jamming for reliable transmission;
● RF Range: 1,600m(open space);
● Combined shock and tilt detection;
● 2-ch External Zones for wired sensors;
● Multiple Enrolling Methods: Power up, Remote ID, QR Code;
● SSI(Signal Strength Indicators);
● Environment Temperature Indication; 
● Fully remote configurable through APP;
● Battery Type: 1 * CR123A battery (included by default, easy replaceable)
● Battery Life: 3 years (triggered 10 times every day)",507.46,735.82,45,HIKVISION SA,"868MHz
AX PRO Series
Wireless Magnet Shock Detector"
DS-PDB-EX-Shelter,"● Shelter accessory for outdoor detector
● Easy installation",35.17,51.0,45,HIKVISION SA,"Shelter
For outdoor detector

DS-PDCM15PF-IR(Camera Module)
DS-PDTT15AM-LM-WE(Wireless)
DS-PDQP15AM-LM-WE(Wireless)
DS-PDTT15AM-LM(Wired)
(Back to back order)"
DS-PDCM15PF-IR,"● 1/2.7"" Progressive Scan CMOS;
● 3D Digital Noise Reduction;
● Adjustable coverage in order to fit with main detector;
● Easy installation, plug to enroll
● Fully remote configuration through APP;
● IP66 weather resistance for outdoor application",1155.61,1675.63,45,HIKVISION SA,"AX PRO Series
RF Camera Module For

DS-PDTT15AM-LM-WE 
DS-PDQP15AM-LM-WE"
DS-PDTT15AM-LM-WE,"● 868MHz two-way Tri-X wireless technology;
● Tri-signal logic: 2PIR + 24GHz Microwave;
● Frequency hopping against jamming for reliable transmission;
● RF Range: 1,600m(open space);
● Detection Range: 15m/90°@180° adjustable
● Multiple Enrolling Methods: Power up, Remote ID, QR Code
● SSI(Signal Strength Indication);
● Fully remote configuration through APP;
● Installation Height: 0.8 to 1.2m;
● Battery Type: 5 * CR123A battery (included by default, easy replaceable);
● Battery Life: 5 years (triggered 10 times every day)
● Anti-masking support
● IP65 weather resistance for outdoor application",2117.78,3070.78,45,HIKVISION SA,"868MHz
AX PRO Series
Wireless Tri-Tech AM Detector"
DS-PDQP15AM-LM-WE,"● 868MHz two-way Tri-X wireless technology;
● Tri-signal logic: 4*PIR  Microwave;
● Frequency hooping against jamming for reliable transmission;
● RF Range: 1,600m(open space);
● Detection Range: 15m/90°@180° 
● Multiple Enrolling Methods: Power up, Remote ID, QR Code
● SSI(Signal Strength Indication);
● Fully remote configuration through APP;
● Installation Height: 0.8 to 1.2m;
● Battery Type: 5 * CR123A battery (included by default, easy replaceable);
● Battery Life: 5 years (triggered 20 times every day)
● Anti-masking support
● IP65 weather resistance for outdoor application",3533.4,5123.43,45,HIKVISION SA,"868MHz
AX PRO Series
Wireless 180° Panoramic Detector"
DS-PT1001-O,"● Prevent rain and snow from covering the lens of external detectors
● Easy installation by flush mounting",69.09,100.18,45,HIKVISION SA,"Shelter
For outdoor detector

DS-PDP18-HM-WE(Wireless)
DS-PDP18-HM(Wired)
(Back to back order)"
DS-PDB-EX-SBKT,"● Multi-angle adjustment
● Installation methods:wall mounting
● Used cooperatively with outdoor detector
Inclued in the package",82.9,120.2,45,HIKVISION SA,"Bracket
For outdoor detector
DS-PDP18-HM-WE(Wireless)
DS-PDP18-HM(Wired)
Inclued in the package
(Back to back order)"
DS-PDP18-HM-WE,"● 868MHz two-way Tri-X wireless technology;
● Double PIR;
● Frequency hooping against jamming for reliable transmission;
● RF Range: 1,600m(open space);
● Detection Range: 18m/90°
● Multiple Enrolling Methods: Power up, Remote ID, QR Code
● SSI(Signal Strength Indication);
● Fully remote configuration through APP;
● Adjustable mounting height:
2.5 - 3m High Mount
0.8 - 1.2m Low Mount
● Battery Type: 2 * CR123A battery (included by default, easy replaceable);
● Battery Life: 5 years (triggered 20 times every day)
● IP65 weather resistance for outdoor application
● External bracket included",1246.05,1806.77,45,HIKVISION SA,"868MHz
AX PRO Series
Wireless Double PIR Detector"
DS-PDB-EX-LBKTW,● L shape bracket for outdoor curtain detector,46.48,67.4,45,HIKVISION SA,"L Shape Bracket2
For outdoor detector

DS-PDC10DM-EG2-WE"
DS-PDC10DM-EG2-WE,"● 868MHz two-way Tri-X wireless technology;
● Dual Detection Technologies: PIR+24GHz Microwave; 
● Frequency hooping against jamming for reliable transmission;
● RF Range: 1,600m(open space);
● Detection range:10m Wall Mount/5m Ceiling Mount
● Multiple Enrolling Methods: Power up, Remote ID, QR Code;
● SSI(Signal Strength Indicators);
● Fully remote configurable through APP;
● Installation Height: 2 to 3.5m;
● Battery Type: 2 * CR123A battery (included by default, easy replaceable)
● Battery Life: 5 years (triggered 10 times every day)
● Anti-masking support
● IP65 weather resistance for outdoor application",1019.95,1478.93,45,HIKVISION SA,"868MHz
AX PRO Series
Wireless Dual-Tech AM Curtain Detector"
DS-PDMCX-E-WE,"● IP66 Protective level, UV stable;
● 868MHz two-way Tri-X wireless technology;
● Frequency hooping against jamming for reliable transmission;
● RF Range: 1,600m(open space);
● Multiple Enrolling Methods: Power up, Remote ID, QR Code;
● SSI(Signal Strength Indicators);
● Environment Temperature Indication; 
● Fully remote configurable through APP;
● Battery Type: 1 * CR123A battery (included by default, easy replaceable)
● Battery Life: 5 years (triggered 10 times every day)",589.11,854.21,45,HIKVISION SA,"868MHz
AX PRO Series
Wireless External Magnetic Contact"
"DS-PDEB1-EG2-WE
(Single button)","● Press Single/Dual button to trigger panic alarm actively;
● 868MHz two-way Tri-X wireless technology;
● Frequency hooping against jamming for reliable transmission;
● RF Range: 1,200m(open space);
● Multiple Enrolling Methods: Power up, Remote ID, QR Code;
● SSI(Signal Strength Indicators);
● Fully remote configurable through APP;
● IP54 approved for daily environment protection;
● Battery Type: 1 * CR2032 battery (included by default, easy replaceable)
● Battery Life: 3 years  (triggered 10 times every day)",286.39,415.27,45,HIKVISION SA,"868MHz
AX PRO Series
Wall-mounted Wireless Emergency Button
(Stock Clearance)"
"DS-PDEB1-EG2-WE(B)
(Single button)","● Press Single/Dual button to trigger panic alarm actively;
● 868MHz two-way Tri-X wireless technology;
● IP66 water proof
● Frequency hooping against jamming for reliable transmission;
● RF Range: 1,200m(open space);
● Multiple Enrolling Methods: Power up, Remote ID, QR Code;
● SSI(Signal Strength Indicators);
● Fully remote configurable through APP;
● IP54 approved for daily environment protection;
● Battery Type: 1 * CR2032 battery (included by default, easy replaceable)
● Battery Life: 3 years  (triggered 10 times every day)",286.39,415.27,45,HIKVISION SA,"868MHz
AX PRO Series
Wall-mounted Waterproof Emergency Button"
"DS-PDEB2-EG2-WE(B)
(Dual button)","● Dual effective emergency button
● Fully remote configurable through APP
● Multiple enrollment methods and easy installation design
● Frequency hopping against jamming for reliable transmission
● IP66 water-proof",286.39,415.27,45,HIKVISION SA,"868MHz
AX PRO Series
Wall-mounted Water-proof Wireless Emergency Button"
DS-PDSMK-E-WE,"● 868MHz two-way Tri-X wireless technology;
● RF Range: 1600m(open space);
● Carbon Monoxide Sensor
●>85dB Buzzer
● Multiple Enrolling Methods: Power up, Remote ID, QR Code
● SSI(Signal Strength Indication);
● Fully remote configuration through APP;
● Battery Type: 
1 * CR17450 battery (included by default, non-replaceable);
1 * CR123A battery (included by default, dedicated for RF, replaceable);
● Battery Life: 10 years
● Inter-link function support",1065.17,1544.5,45,HIKVISION SA,"868MHz
AX PRO Series
Wireless Smoke Detector
(Back to back order)"
DS-PDWL-E-WE,"● 868MHz two-way Tri-X wireless technology;
● Frequency hooping against jamming for reliable transmission;
● RF Range: 1,000m(open space);
● Multiple Enrolling Methods: Power up, Remote ID, QR Code
● SSI(Signal Strength Indication);
● Fully remote configuration through APP;
● IP66 approved for multiple use applications;
● Battery Type: 1 * CR2450 battery (included by default, easy replaceable);
● Battery Life: 3 years (triggered 10 times every day)",569.01,825.06,45,HIKVISION SA,"868MHz
AX PRO Series
Wireless Water Leak
Detector
(Back to back order)"
DS-PDTPH-E-WE,"● 868MHz two-way Tri-X wireless technology;
● Frequency hooping against jamming for reliable transmission;
● RF Range: 1,200m(open space);
● Screen Size: 2.7 inch;
● Multiple Enrolling Methods: Power up, Remote ID, QR Code;
● Modular design for multiple use applications;
● Fully remote configuration through APP;
● Battery Type: 2 * AAA battery (included by default, easy replaceable);
● Battery Life: 2 years in work status (being triggered 20 times per day)",679.55,985.35,45,HIKVISION SA,"868MHz
AX PRO Series Wireless Temp-Humidity Derector
(Back to back order)"
DS-PDB-IN-UBKT2,● 0-90° vertical;±40° horizontal;Wall/Ceiling mount,28.89,41.89,45,HIKVISION SA,Indoor  bracket
DS-PWA-CABLE(O-STD)/SOUTH AFRICA,● Accessory cable connected with FSK or RDC GSM/VHF module,45.22,65.57,45,HIKVISION SA,"868MHz
AX PRO Series
Accessory
(Back to back order)"
DS-PM1-D,"●  Compatible with AXPRO L/M control panels
●  Up to 2A input/output current
● 8~24 VDC wide range of power supply",239.91,347.87,45,HIKVISION SA,"868MHz
AX PRO Series PSU
(Back to back order)"
DS-PM2-D,"● Compatible with AXPRO L/M control panels
● Up to 2A input/output current
● 4~16 VDC wide range of power supply",239.91,347.87,45,HIKVISION SA,"868MHz
AX PRO Series PSU
(Back to back order)"
DS-PHA48-EP(B),"· Hybrid system: 8 on-board zones and 40 wired/wireless zones expandable；4 on-board outputs, and 44 wired/wireless outputs expandable
- Built-in LAN, and be able to expand with PSTN, GPRS and 3/4G modules
- 4-ch HD wirded PIRCAM for image  verification, GIF can have maximu 20 pics
· 2-ch on-board IP camera video verification, supports video recording (5s pre-alarm + 2s post-alarm, or 2s pre-alarm + 5s post-alarm) for verification to the alarm receiving email or mobile client
· Supports arming/disarming via keypad, keyfob, APP, iVMS-4200, SMS and tag
- Multiple configuration tools: APP, Web server, iVMS-4200
· Pushes alarm notification via messages, email and Hik-Connect
- 1 installer, 1 administrator, and 46 users
· Supports ISAPI, Cloud P2P, ISUP, CSV-IP and DC-09 protocol
· Supports 1 Speed-X Bus",1463.35,2121.86,45,HIKVISION SA,48 zones AX Hybrid Pro Panel with 2-ch on-board video in Plastic Enclosure
DS-PHA64-LP(B),"· Hybrid system: 8 on-board zones and 56 wired/wireless zones expandable；4 on-board outputs, and 60 wired/wireless outputs expandable
- Built-in LAN & Wi-Fi, and be able to expand with PSTN, GPRS and 3/4G modules
- 8-ch HD wirded PIRCAM for image  verification, GIF can have maximu 20 pics
· 4-ch on-board IP camera video verification, supports video recording (5s pre-alarm + 2s post-alarm, or 2s pre-alarm + 5s post-alarm) for verification to the alarm receiving email or mobile client
· Supports arming/disarming via keypad, keyfob, APP, iVMS-4200, SMS and tag
- Multiple configuration tools: APP, Web server, iVMS-4200
· Pushes alarm notification via messages, email and Hik-Connect
- 1 installer, 1 administrator, and 62 users
· Supports ISAPI, Cloud P2P, ISUP, CSV-IP and DC-09 protocol
· Supports 1 Speed-X Bus",1617.85,2345.88,45,HIKVISION SA,"64 zones AX Hybrid Panel with 4 channels On-board video in Plastic Enclosure
(Back to back order)"
DS-PHA64-Kit-WE(B),"Component:
DS-PHA64-LP	(B)*1
DS-PK1-LRT-HWE	*1
DS-PD1-MC-WS	*1
DS-PDP18-EG2(B)	*2
DS-PKF1-WE	*1
DS-PT-M1	*2",2503.4,3629.93,45,HIKVISION SA,868MHz AX Hybrid Pro Control Panle Kit
DS-PK1-LRT-HWE,"· 80 × 25 mm LCD screen display
· Supports arming and disarming by swiping cards 
· Supports remote arming and disarming via keyfob
· One-push to arm(Arming without password)
· Supports user friendly operation menu
· Supports displaying zone name on the LCD screen
· Supports Fire/Panic/Medical alarm key
· Supports 2 on-board alarm inputs and 1 on-board alarm output
· Supports displaying the real-time system status by LED indicator
· Detachable wiring terminal for easy wiring and installation
· Temper proof: cover and wall",919.46,1333.22,45,HIKVISION SA,Wired LCD Keypad
DS-PKF1-WE(B),"● 868MHz two-way Tri-X wireless technology;
● Frequency hooping against jamming for reliable transmission;
● RF Range: 900m(open space);
● Keyfob lock and unlock function;
● Multiple enrollment method and easy installation design;
● 4 keys, programable to various functions;
● Fully remote configurable through APP;
● Battery Type: 1 * CR2032, 3V battery (included by default, easy replaceable)
● Battery Life: more than 3 years (standby time)",312.77,453.52,45,HIKVISION SA,"868MHz
AX Series
Wireless Keyfob"
DS-PKF1-WE(B)/BLACK,"● 868MHz two-way Tri-X wireless technology;
● Frequency hooping against jamming for reliable transmission;
● RF Range: 900m(open space);
● Keyfob lock and unlock function;
● Multiple enrollment method and easy installation design;
● 4 keys, programable to various functions;
● Fully remote configurable through APP;
● Battery Type: 1 * CR2032, 3V battery (included by default, easy replaceable)
● Battery Life: more than 3 years (standby time)",312.77,453.52,45,HIKVISION SA,"868MHz
AX Series
Wireless Keyfob"
DS-PM1-I8O2-H,"· 8 on-board wired zones
· 1 power output for wired detectors
· 2 Speed-X bus, supporting wired input expander cascade mode",466.01,675.71,45,HIKVISION SA,Speed-X Input Expander
DS-PM1-O4L-H,"· 4 on-board low current relays, supporting 6-36V and up to 5A current
· 1 power output, maximum 500mA
· 2 Speed-X bus, supporting wired output expander cascade mode",597.9,866.95,45,HIKVISION SA,Speed-X Output Expander(Low current)
DS-PM1-O4H-H,"· 4 on-board power relays, supporting 100-240V and up to 16A current
· 2 Speed-X bus, supporting wired output expander cascade mode",597.9,866.95,45,HIKVISION SA,Speed-X Output Expander(Power relay)
DS-PM1-RT-HWE,"· 868MHz wireless receiver
· Wireless transmission distance up to 1700m
· Supports 32 wireless detectors, 4 wireless indoor sounders and 8 wireless outdoor sounders",655.68,950.74,45,HIKVISION SA,Tri-X Wireless Receiver(868MHz)
DS-PDPC12P-EG2,"-Detection range: 12m / 85.9°
-Up to 30KG pet immunity 
-SEC (Smart Environmental Control) - Advanced digital signal processing and 3D optics
-Polarizing IR lens design for more uniform night illumination and excellent night shots
-Large integrated memory buffer for image storage 
-Fully remote configurable through App",982.27,1424.29,45,HIKVISION SA,Wired PIRCAM
DS-PDP18-EG2(B),"- Sealed Optics
- 15kg Pet-immunity within 10m
- Tamper protection
- Adjustable Sensitivity
- EOL on board
- Digital Temperature Compensation
- Automatic Sensiticity",113.05,163.92,45,HIKVISION SA,PIR Detector
DS-PDD12P-EG2,"- Sealed Optics
- 30Kg Pet-immunity
- Non-interfering 24GHz microwave technology
- 3D optics including creep-zone protection
- Low power consumption
- Smart Environmental Control (SEC) Technology
- Self adjusting sensitivity: Plug & Play",281.37,407.99,45,HIKVISION SA,Dual-Tech Detector
DS-PDD15AM-EG2,"- Sealed Optics
- Non-interfering 24GHz microwave technology
- 3D optics including creep-zone protection
- Low power consumption
- Smart Environmental Control (SEC) Technology
- Self adjusting sensitivity: Plug & Play
- Anti-masking support
- Anti-cloaking support",393.16,570.08,45,HIKVISION SA,Dual-Tech AM Detector
DS-PDCL12-EG2,"- Quard pyroeletric sensor                      
- Adjustable sensitivity                                                                    
- Auto temperature compensation                                             
- Tamper protection                                                                        
- EOL on-Board",224.84,326.02,45,HIKVISION SA,PIR Ceiling Detector
DS-PDCL12DT-EG2,"· Detection range: 12M, 360 degree
- Non-interfering 24GHz microwave technology
· Digital quad pyro sensor
· Automatic sensitivity
· Wide voltage adaptation and on-board EoL resistor",420.79,610.15,45,HIKVISION SA,Dual-Tech Ceiling Detector
DS-PDC15-EG2(B),"- Sealed Optics
- Tamper protection
- Auto Sensitivity
- EOL on board
- Digital Temperature Compensation",135.66,196.71,45,HIKVISION SA,PIR Curtain Detector
DS-PDBG8-EG2,"· High quality Omni-directional microphone sensor
· Selectable EOL resistors
· 9-16 VDC wide voltage adaptation with polarity reverse connection protection",189.67,275.02,45,HIKVISION SA,"Break-Glass Detector 
(Back to back order)"
DS-PDPG12P-EG2,"· PIR+Glass break combined
· High quality Omni-directional microphone sensor
· Selectable EOL resistors
· 9-16 VDC wide voltage adaptation with polarity reverse connection protection",385.62,559.15,45,HIKVISION SA,"PIR-Glass Break Detector
(Back to back order)"
DS-PD1-MC-MS,"- Metal shell
- Connection type: NC
- Metal surface installation                                                         
 - Active Gap: 40mm",84.16,122.03,45,HIKVISION SA,"Magnetic Contact
(Back to back order)"
DS-PD1-MC-WS,"- ABS plastic shell
- Connection type: NC
- For surface mounting on wood door
- Active Gap: 20mm",27.63,40.06,45,HIKVISION SA,"Magnetic Contact
(Back to back order)"
DS-PD1-MC-RS,"- Metal shell
- Connection type: NC
- Fit for rolling door                                                                    
- Active Gap: 65mm",131.89,191.24,45,HIKVISION SA,"Magnetic Contact
(Back to back order)"
DS-PDSK-P,"· Adjustable sensitivity with gross attack override
- Advanced Digital Background-Noise Filter
- Plastic housing",178.37,258.64,45,HIKVISION SA,"Shock Detector
(Back to back order)"
DS-PDSK-P(B),"· Adjustable sensitivity with gross attack override
- Advanced Digital Background-Noise Filter
- Plastic housing
- Alarm when the temperature changes abnormally",178.37,258.64,45,HIKVISION SA,"Shock Detector
(Back to back order)"
DS-PDSKM-VG3,"High quality G-sensor offering early detection
Advanced digital background-noise filter and indication
Metal housing, IK10 impact resistance",527.56,764.96,45,HIKVISION SA,"Seismic Detector
(Back to back order)"
DS-PDSMK-4,"- Sleek low-profile housing design
- DC 12 V operation voltage
- Advanced algorithms provide advanced detection discrimination
- Easy installation and low maintenance, No programming required
- Stable photoelectric smoke sensing chamber
- Surface-mount device circuit board design
- Dual LEDs for 360° visibility
- One N/C or N/O alarm relay output",162.04,234.96,45,HIKVISION SA,"Smoker Detector
(Back to back order)"
DS-PDSMK-4BAR,"- Sleek low-profile housing design
- DC 12V operation voltage
- Advanced algorithms provide advanced detection discrimination
- Easy installation and low maintenance, No programming required
- Stable photoelectric smoke sensing chamber
- Surface-mount device circuit board design
- Dual LEDs for 360° visibility
- One N/C or N/O alarm relay output
- Auto-reset function, auto reset time: 28s ~ 35s
- built-in buzzer, ≥ 85dB within 3m",258.76,375.2,45,HIKVISION SA,"Smoker Detector
(Back to back order)"
DS-PT1001-O,"● Prevent rain and snow from covering the lens of external detectors
● Easy installation by flush mounting",69.09,100.18,45,HIKVISION SA,"Shelter
For outdoor detector

DS-PDP18-HM-WE(Wireless)
DS-PDP18-HM(Wired)
(Back to back order)"
DS-PDB-EX-SBKT,"● Multi-angle adjustment
● Installation methods:wall mounting
● Used cooperatively with outdoor detector
Inclued in the package",82.9,120.2,45,HIKVISION SA,"Bracket
For outdoor detector
DS-PDP18-HM-WE(Wireless)
DS-PDP18-HM(Wired)
Inclued in the package
(Back to back order)"
DS-PDP18-HM,"· High/Low mount adjustment
· IP65 weather resistance for outdoor application
· 24Kg Pet-immunity within 18m
- Tamper protection
- Adjustable Sensitivity
- EOL on board
- Digital Temperature Compensation",847.87,1229.41,45,HIKVISION SA,Double PIR Detector
DS-PDB-EX-Shelter,"● Shelter accessory for outdoor detector
● Easy installation",35.17,51.0,45,HIKVISION SA,"Shelter
For outdoor detector

DS-PDCM15PF-IR(Camera Module)
DS-PDTT15AM-LM-WE(Wireless)
DS-PDQP15AM-LM-WE(Wireless)
DS-PDTT15AM-LM(Wired)
(Back to back order)"
DS-PDTT15AM-LM,"- Weather Proof sealed optics
- Heavy duty ultraviolet filter
- Dul-EOL on board
- 15m volumetric coverage
- 40KG Pet-immunity
- Automatic Sensitivity
- Active IR anti-masking
- EN-Grade 2",1426.93,2069.05,45,HIKVISION SA,Outdoor Tri-Tech AM Detector
DS-PD1-EB,"Flame retardant ABS shell
Capacity: ≤ 250V/300mA
Connection mode: NO/NC",27.63,40.06,45,HIKVISION SA,"Panic Button
(Back to back order)"
DS-PD1-EB-PF,"Design for Bank                                                                                                  Metal shell
Capacity: ≤250V/300 mA
Connection mode: NO/NC",322.82,468.09,45,HIKVISION SA,"Treadle Panic Button
(Back to back order)"
DS-PS1-R,"PC+ABS shell
Red/Blue colors for option
105dB at 30cm
IP54 Protective level
Sound and LED Flash indication separately
Easy installation with new designed structure",216.05,313.27,45,HIKVISION SA,Wired External Sounder
DS-PDB-IN-UBKT2,0-90° vertical;±40° horizontal;Wall/Ceiling mount,28.89,41.89,45,HIKVISION SA,Indoor  bracket
DS-PM2-S(EU),"- 3G/4G communication

Supported Frequency:
FDD-LTE B1/B3/B7/B8/B20 
UMTS/HSDPA/HSPA+ B1/B8
GSM/GPRS/EDGE 900/1800 MHz",1155.61,1675.63,45,HIKVISION SA,"3G/4G Communication Module
(Back to back order)"
MK-RBCAPGI 5ACD2ND XL,MK-RBCAPGI 5ACD2ND XL,1280.0,1856.0,45,Evenflow,Promotions
MK-C52IG 5HAXD2HAXD TC,MK-C52IG 5HAXD2HAXD TC,1250.0,1812.5,45,Evenflow,Promotions
MK-RBWAPR 2ND,MK-RBWAPR 2ND,1190.0,1725.5,45,Evenflow,Promotions
MK-CRS305 1G 4S+OUT,MK-CRS305 1G 4S+OUT,3145.0,4560.25,45,Evenflow,Promotions
MK-RBWAPGR 5HACD2HND&R11,MK-RBWAPGR 5HACD2HND&R11,2475.0,3588.75,45,Evenflow,Promotions
CO-CAT5E FTP 500,CO-CAT5E FTP 500,359100.0,520695.0,45,Evenflow,Promotions
CO-C5EFTP100,CO-C5EFTP100,53200.0,77140.0,45,Evenflow,Promotions
CO-CAB 6UO,CO-CAB 6UO,201000.0,291450.0,45,Evenflow,Promotions
CO-27UCAB800,CO-27UCAB800,532200.0,771690.0,45,Evenflow,Promotions
CO-27UCAB1M P,CO-27UCAB1M P,393300.0,570285.0,45,Evenflow,Promotions
UB-PBE M5 300,UB-PBE M5 300,1180.0,1711.0,45,Evenflow,Promotions
UB-USW ENT 48 POE,UB-USW ENT 48 POE,25798.0,37407.1,45,Evenflow,Promotions
UB-WAVE AP,UB-WAVE AP,8976.0,13015.2,45,Evenflow,Promotions
UB-WAVE NANO,UB-WAVE NANO,4575.0,6633.75,45,Evenflow,Promotions
UB-U6 ENT IW,UB-U6 ENT IW,7502.0,10877.9,45,Evenflow,Promotions
YL-UH37 MONO TEAMS USBCA,YL-UH37 MONO TEAMS USBCA,486.0,704.7,45,Evenflow,Promotions
YL-UH37 DUAL TEAMS USBCA,YL-UH37 DUAL TEAMS USBCA,570.0,826.5,45,Evenflow,Promotions
YL-VP59,YL-VP59,7175.0,10403.75,45,Evenflow,Promotions
YR-S50,YR-S50,6394.0,9271.3,45,Evenflow,Promotions
YR-P570,YR-P570,20500.0,29725.0,45,Evenflow,Promotions
V1600GS-F,"1*GPON, 2*RJ45+1*SFP/SFP+, Single AC,
SFP C++ built-in, FAN built in, 1 Pair of racked ear",5195.0,7532.75,45,Evenflow,V-Sol
V1600GT,"2*GPON, 2*RJ45+2*SFP/(SFP+), single AC,
Includes 2pcs GPON OLT SFP C++++",7324.42,10620.41,45,Evenflow,V-Sol
V1600G0-B,"4*GPON, 2*RJ45+2*(SFP+), single AC ,
Includes 4pcs GPON OLT SFP C++++",14673.31,21276.3,45,Evenflow,V-Sol
V1600G1-B,"8*GPON, 4*RJ45+2*SFP+2*(SFP+), single
AC , Includes 8pcs GPON OLT SFP C++++",20019.74,29028.62,45,Evenflow,V-Sol
V1600G2-B,"16*GPON, 4*RJ45+4*(SFP+), single AC,
Includes 16pcs GPON OLT SFP C++++",37493.57,54365.68,45,Evenflow,V-Sol
V1600XG02-W,"2*XG/XGS
PON+2*Ge+2*SFP/(SFP+)+WDM built in, single AC, Includes 2pcs XG/XGS PON OLT SFP modules",15187.39,22021.72,45,Evenflow,V-Sol
V1600XG02,"2*XG/XGS PON+2*Ge+2*SFP/(SFP+),
single AC, Includes 2pcs XG/XGS PON OLT SFP modules",15505.63,22483.16,45,Evenflow,V-Sol
V3600G1-C Combo,"8*10GPON/10GSPON+4*10/25G+2*50/1
00G, single AC , includes 8pcs XG/XGS PON OLT SFP modules",84079.01,121914.56,45,Evenflow,V-Sol
V1600GS-R,"1*GPON, 2*R145+1*SFP/SFP+,  (DC 12V
1A, plastic housing) , 1 PON port with GPON module built-in, up to 64 ONU.",2007.36,2910.67,45,Evenflow,V-Sol
V1600G1-R,"8*GPON, 4*RJ45+2*SFP+2*(SFP+), single
AC , Includes 8pcs GPON OLT SFP C++++",18771.26,27218.33,45,Evenflow,V-Sol
V1600G2-R,"16*GPON, 4*RJ45+4*(SFP+), single AC,
Includes 16pcs GPON OLT SFP C++++",31300.13,45385.19,45,Evenflow,V-Sol
V2801SG,1Ge,226.0,327.7,45,Evenflow,V-Sol
V2801Q,1*2.5Ge,219.34,318.04,45,Evenflow,V-Sol
V2802RH,1Ge+1*2.5Ge,236.72,343.24,45,Evenflow,V-Sol
V2801RGW,1Ge+WiFi4,274.18,397.56,45,Evenflow,V-Sol
V2804N-Z,4Ge+WiFi4,316.28,458.61,45,Evenflow,V-Sol
V2802GW,1Ge+1Fe+WiFi4,279.56,405.36,45,Evenflow,V-Sol
V2804AC-A,4Ge+AC WiFi5,422.77,613.02,45,Evenflow,V-Sol
V2804AC-Z,4Ge+AC WiFi5+USB3.0,419.83,608.75,45,Evenflow,V-Sol
HG325AC-A,4Ge+1POTS+AC WiFi5+USB3.0,732.0,1061.4,45,Evenflow,V-Sol
HG3221D-4G1S,4Ge+1POTS+AC WiFi5+USB3.0 (2 POTS),761.0,1103.45,45,Evenflow,V-Sol
V2804ACT-A,4Ge+AC WiFi5+CATV+USB 3.0,535.87,777.01,45,Evenflow,V-Sol
HG325ACT-A,4Ge+1POTS+AC WiFi5+CATV+USB3.0,560.35,812.51,45,Evenflow,V-Sol
V2804AX15,4Ge+WiFi6 AX1500+USB3.0,518.0,751.1,45,Evenflow,V-Sol
HG325AX30,1*2.5Ge+3*Ge+1POTS+WiFi6 AX3000(FEM)+USB3.0,695.48,1008.45,45,Evenflow,V-Sol
HG3232AX30-H,4*Ge+1POTS+WiFi6 AX3000+USB3.0,602.7,873.92,45,Evenflow,V-Sol
V2902A-XG,1*10Ge+1*Ge+XG PON ONT (Includes one Cat 6a Ethernet cable.),749.09,1086.18,45,Evenflow,V-Sol
V2902A-XGS,1*10Ge+1*Ge+XGs PON ONT  (Includes one Cat 6a Ethernet cable.),869.28,1260.46,45,Evenflow,V-Sol
V2905H-XG,1*10Ge+4*Ge+USB3.0+XG PON ONT (Includes one Cat 6a Ethernet cable.),722.16,1047.13,45,Evenflow,V-Sol
V2905H-XGS,1*10Ge+4*Ge+USB3.0+XGs PON ONT (Includes one Cat 6a Ethernet cable.),842.6,1221.77,45,Evenflow,V-Sol
V2904AX-XGS,"1*2.5Ge+3*Ge+USB3.0+WiFi6 AX3000(FEM), XGS PON",1111.15,1611.17,45,Evenflow,V-Sol
HG3110AX-XG,"1*2.5Ge+3*Ge+1POTS+USB3.0+WiFi6 AX3000(FEM), 10G GPON",913.59,1324.71,45,Evenflow,V-Sol
HG3110AX-XGS,"1*2.5Ge+3*Ge+1POTS+USB3.0+WiFi6 AX3000(FEM), 10GS GPON",1033.55,1498.65,45,Evenflow,V-Sol
V2808-8GL-PSE,8Ge+ POE (including POE adapter 48V 2.5A),1066.1,1545.84,45,Evenflow,V-Sol
V2804-4GL-PSE,4Ge+POE（including POE adapter 54V 1.11A）,668.79,969.75,45,Evenflow,V-Sol
V2924G-PSE,"1*GPON+24*Ge+PSE（600w）,  including 1 pcs ONU SFP module",4856.83,7042.4,45,Evenflow,V-Sol
HG5013-4G,"4Ge(1*WAN+3*LAN)+WiFi6 AX3000, Support MESH function , Like: WiFi5/WiFi6 RTK chips ONU & WiFI5 ZTE chips ONU as master, WiFi router as slave, 
WiFi5/WiFi6 MTK Chips ONU will be ready in Q2.",494.0,716.3,45,Evenflow,V-Sol
HG5013-4G,"4Ge(1*WAN+3*LAN)+WiFi6 AX3000, Support MESH function , Like: WiFi5/WiFi6 RTK chips ONU & WiFI5 ZTE chips ONU as master, WiFi router as slave, 
WiFi5/WiFi6 MTK Chips ONU will be ready in Q2.",494.0,716.3,45,Evenflow,V-Sol
V2802AC-H,"4Ge(1*WAN+3*LAN)+WiFi6 AX1500, Support MESH function , Like: WiFi5/WiFi6 RTK chips ONU & WiFI5 ZTE chips ONU as master, WiFi router as slave, 
WiFi5/WiFi6 MTK Chips ONU will be ready in Q2.",387.27,561.54,45,Evenflow,V-Sol
V2901Q-A-XGS,"4Ge(1*WAN+3*LAN)+WiFi6 AX1500, Support MESH function , Like: WiFi5/WiFi6 RTK chips ONU & WiFI5 ZTE chips ONU as master, WiFi router as slave, 
WiFi5/WiFi6 MTK Chips ONU will be ready in Q2.",627.18,909.41,45,Evenflow,V-Sol
V2902A-S-XGS,"4Ge(1*WAN+3*LAN)+WiFi6 AX1500, Support MESH function , Like: WiFi5/WiFi6 RTK chips ONU & WiFI5 ZTE chips ONU as master, WiFi router as slave, 
WiFi5/WiFi6 MTK Chips ONU will be ready in Q2.",999.52,1449.3,45,Evenflow,V-Sol
ICT3310DPS-8G2NA,"4Ge(1*WAN+3*LAN)+WiFi6 AX1500, Support MESH function , Like: WiFi5/WiFi6 RTK chips ONU & WiFI5 ZTE chips ONU as master, WiFi router as slave, 
WiFi5/WiFi6 MTK Chips ONU will be ready in Q2.",1444.08,2093.92,45,Evenflow,V-Sol
HG3610AC-1G3F,"4Ge(1*WAN+3*LAN)+WiFi6 AX1500, Support MESH function , Like: WiFi5/WiFi6 RTK chips ONU & WiFI5 ZTE chips ONU as master, WiFi router as slave, 
WiFi5/WiFi6 MTK Chips ONU will be ready in Q2.",306.24,444.05,45,Evenflow,V-Sol
XMC1842（CAT4）,"1*FE（1LAN）ports; 802.11b/g/n; 1*4FF USIM/SIM; 1*1 WiFi antenna
XMC1842-EU : FDD-LTE B1/B3/B5/B7/B8/B20/B28; TDD-LTE B38/B40/B41; WCDMA B1/B5/B8",307.96,446.54,45,Evenflow,V-Sol
XMC1841E（CAT4）,"1*FE（1LAN）ports;  802.11b/g/n;  1*4FF USIM/SIM;  1*1 WiFi antenna;
XMC1842-EU : FDD-LTE B1/B3/B5/B7/B8/B20/B28; TDD-LTE B38/B40/B41; WCDMA B1/B5/B8",374.05,542.37,45,Evenflow,V-Sol
XMC1841-NV(CAT4),"2*FE（1WAN/LAN+1LAN) ports;  802.11b/g/n;  1*4FF USIM/SIM;  1*Type-C USB;
XMC1842-EU : FDD-LTE B1/B3/B5/B7/B8/B20/B28; TDD-LTE B38/B40/B41; WCDMA B1/B5/B8",563.28,816.76,45,Evenflow,V-Sol
XMC1843E（CAT4）,"4*FE (1WAN) ports;  802.11b/g/n;  1*4FF USIM/SIM;  1*1 WiFi antenna;
XMC1843E-EU : FDD-LTE B1/B3/B5/B7/B8/B20/B28; TDD-LTE ：B38/B40/B41; WCDMA: B1/B5/B8;",413.71,599.88,45,Evenflow,V-Sol
XMC2841E-NV(CAT6),"1*GE (WAN/LAN) port;  802.11b/g/n/ac;  1*4FF USIM/SIM;  1*Type-C USB;
 XMC2841E-EU：LTE-FDD B1/B3/B5/B7/B8/B20/B28；LTE TDD B38/B40/B41；WCDMA：B1/B5/B8",947.38,1373.7,45,Evenflow,V-Sol
XMC2841-NV (CAT 6),"2*GE (1WAN/LAN+1LAN) ports;  802.11b/g/n/ac;  1*4FF USIM/SIM;  1*Type-C USB;
XMC2841-EU：LTE-FDD B1/B3/B5/B7/B8/B20/B28；LTE TDD：B38/B40/B41；WCDMA：B1/B5/B8",962.06,1394.99,45,Evenflow,V-Sol
XMC5151-NV,1*GE (WAN/LAN) port;  802.11b/g/n/ac/ax  1*4FF USIM/SIM;  1*Type-C USB;  2.4Ghz & 5.8Ghz wifi6;  wifi antena *1;  5G antena*4,2253.87,3268.11,45,Evenflow,V-Sol
XMC1843S(CAT4),"4Ge(1*WAN+3*LAN)+WiFi6 AX1500, Support MESH function , Like: WiFi5/WiFi6 RTK chips ONU & WiFI5 ZTE chips ONU as master, WiFi router as slave, 
WiFi5/WiFi6 MTK Chips ONU will be ready in Q2.",413.71,599.88,45,Evenflow,V-Sol
PR-SUPPORT,Onsite Support - Per hour (Minimum 2 hours),1100.0,1595.0,45,Evenflow,Pro Services
PR-CALL OUT,Onsite Support - Travel per kilometre (From and to Even Flow Midrand Office),10.5,15.22,45,Evenflow,Pro Services
PR-SETUP FEE,Remote Configuration - Per hour,450.0,652.5,45,Evenflow,Pro Services
IN-INSPECTION FEE,RMA inspection fee - Out of warrantee items or insurance letter (Per item),450.0,652.5,45,Evenflow,Pro Services
PR-YEALINK REIMAGING,Yealink M-Core re-image (Reload of Windows for Teams or Zoom devices),1500.0,2175.0,45,Evenflow,Pro Services
PR-PORTING FEE,Number porting per line,150.0,217.5,45,Evenflow,Pro Services
PR-IN HOUSE TRAINING,Yeastar Training - per student,1500.0,2175.0,45,Evenflow,Pro Services
PR-MIK IN CLASS TRAINING,Mikrotik In Class Training - Mikrotik MTCNA and MTCRE,6750.0,9787.5,45,Evenflow,Pro Services
PR-MIK EXAM REWRITE,Mikrotik Exam Rewrite - MTCNA and MTCRE,1050.0,1522.5,45,Evenflow,Pro Services
YR-PCloud Extension,Yeastar P-Series Enterprise Extension (1 Fee Concurrency with every 4 Extensions purchased),35.0,50.75,45,Evenflow,Yeastar Cloud PBX
YR-PCloud Channel,Yeastar P-Series Additional Call Concurrency,35.0,50.75,45,Evenflow,Yeastar Cloud PBX
YR-PCloud Rec500,Yeastar P-Cloud Recording 500 Minutes,27.0,39.15,45,Evenflow,Yeastar Cloud PBX
YR-PCloud Ulitmate,Yeastar P-Series Ultimate Upgrade (Per extension per PBX insatnce - Full PBX to be upgraded),18.0,26.1,45,Evenflow,Yeastar Cloud PBX
CO-CAT5UTPPM,24AWG UTP CAT5E Indoor Cable Pass Fluke Test - Per Meter,5.0,7.25,45,Evenflow,Connect
CO-CAT5FTPPM,24AWG FTP CAT5E Indoor Cable Pass Fluke Test - Per Meter,6.7,9.71,45,Evenflow,Connect
CO-CAT5STPPM,24AWG STP CAT5E Double Shield Outdoor Cable - Per Meter,7.5,10.88,45,Evenflow,Connect
CO-CAT6UTPPM,23AWG UTP CAT6 Indoor Cable Pass Fluke Test - Per Meter,7.0,10.15,45,Evenflow,Connect
CO-CAT6FTPPM,23AWG FTP CAT6 Indoor Cable Pass Fluke Test - Per Meter,6.95,10.08,45,Evenflow,Connect
CO-CAT6STPPM,23AWG STP CAT6 Outdoor Cable Pass Fluke Test - Per Meter,9.25,13.41,45,Evenflow,Connect
CO-C5EUTP100,24AWG UTP CAT5E Indoor Cable Pass Fluke Test - 100m,575.0,833.75,45,Evenflow,Connect
CO-C5EFTP100,24AWG FTP CAT5E Indoor Cable Pass Fluke Test - 100m,532.0,771.4,45,Evenflow,Connect
CO-C5EUTP305,24AWG UTP CAT5E Indoor Cable Pass Fluke Test - 305m,1375.0,1993.75,45,Evenflow,Connect
CO-C5EUTP500,24AWG UTP CAT5E Indoor Cable Pass Fluke Test - 500m,2695.0,3907.75,45,Evenflow,Connect
CO-C6UTP305,23AWG UTP CAT6 Indoor Cable Pass Fluke Test - 305m,2250.0,3262.5,45,Evenflow,Connect
CO-C6FTP305,23AWG FTP CAT6 Indoor Cable Pass Fluke Test - 305m,1779.0,2579.55,45,Evenflow,Connect
CO-C6UTP500,23AWG UTP CAT6 Indoor Cable Pass Fluke Test - 500m,3595.0,5212.75,45,Evenflow,Connect
CO-C5ESTP500S,24AWG STP CAT5E  SHIELD OUTDOOR CABLE - 500m,3695.0,5357.75,45,Evenflow,Connect
CO-C6STP500,23AWG STP CAT6 Outdoor Cable - 500m,5195.0,7532.75,45,Evenflow,Connect
CO-CAT5E FTP 500,"Connect C5E FTP 500 Cat5e FTP Outdoor Cable, 500m",3591.0,5206.95,45,Evenflow,Connect
CO-LMR200,LMR200 jumper cable 50cm RP SMA male-N male,44.0,63.8,45,Evenflow,Connect
CO-LMR400,LMR400 1M N male straight crimp-N male straight crimp,80.0,116.0,45,Evenflow,Connect
CO-C5ESFB1,CAT5E Surface Mount Single Box,19.0,27.55,45,Evenflow,Connect
CO-C5ESFB2,CAT5E Surface Mount Double Box,30.0,43.5,45,Evenflow,Connect
CO-C6SFB1,CAT6 Surface Mount Single Box,25.0,36.25,45,Evenflow,Connect
CO-C6SFB2,CAT6 Surface Mount Double Box,35.0,50.75,45,Evenflow,Connect
CO-C5ERJ45UTP,RJ45 UTP CAT5E Connector  - 50pcs,40.0,58.0,45,Evenflow,Connect
CO-C6RJ45UTP,RJ45 UTP CAT6  Connector - 50pcs,96.0,139.2,45,Evenflow,Connect
CO-C5ERJ45FTP,RJ45 FTP CAT5E Connector - 50pcs,136.0,197.2,45,Evenflow,Connect
CO-C6ERJ45FTP,RJ45 FTP CAT6E Connector - 50pcs,62.0,89.9,45,Evenflow,Connect
CO-C6RJ45STP,RJ45 STP CAT6  Connector - 50pcs,120.0,174.0,45,Evenflow,Connect
CO-C6RJ45UTP,Connect C6RJ45UTP 50x RJ45 UTP Cat6a Connectors,96.0,139.2,45,Evenflow,Connect
CO-C6RJ45FTP,Connect C6RJ45FTP 50x RJ45 FTP Cat6a Connectors,90.0,130.5,45,Evenflow,Connect
CO-RJ45BTSG,RJ45 Boots Grey Colour - 50pcs,11.0,15.95,45,Evenflow,Connect
CO-RJ45BTSB,RJ45 Boots Black Colour - 50pcs,12.0,17.4,45,Evenflow,Connect
CO-RJ45BTSBLUE,RJ45BTSB 50x RJ45 Boots - Blue,12.0,17.4,45,Evenflow,Connect
CO-RJ45BTSR,RJ45 BOOTS RED COLOR - 50pcs,12.0,17.4,45,Evenflow,Connect
CO-RJ45BTSY,RJ45 BOOTS YELLOW COLOR - 50pcs,12.0,17.4,45,Evenflow,Connect
CO-RJ45BTS GR,Connect RJ45BTSGR 50x RJ45 Boots - Green,12.0,17.4,45,Evenflow,Connect
CO-C5EPPUTP,24Port  UTP CAT5E Patch Panel,285.0,413.25,45,Evenflow,Connect
CO-C6EPPUTP,24Port  UTP CAT6 Patch Panel,395.0,572.75,45,Evenflow,Connect
CO-C5EPPFTP,24Port  FTP CAT5E Patch Panel,465.0,674.25,45,Evenflow,Connect
CO-C6PPFTP,24Port  FTP CAT6 Patch Panel,395.0,572.75,45,Evenflow,Connect
CO-CDV1BP1UB,"Connect PP1UBMB, 1U Brush Panel Black",80.0,116.0,45,Evenflow,Connect
CO-C5EPAT05M,24AWG UTP CAT5E Patch Cable 0.5M,10.5,15.22,45,Evenflow,Connect
CO-C5EPAT05M YELLOW,Connect C5EPAT0.5M Cat5e Flat Patch Cable - Yellow 0.5m,11.0,15.95,45,Evenflow,Connect
CO-C5EPAT05MG,CAT5E Patch Cord 0.5M Green,11.0,15.95,45,Evenflow,Connect
CO-C5EPAT05MO,CAT5E Patch Cord 0.5M Orange,11.0,15.95,45,Evenflow,Connect
CO-C5EPAT05MR,CAT5E Patch Cord 0.5M Red,11.0,15.95,45,Evenflow,Connect
CO-C5EPAT1M BLUE,"Connect C5EPAT0.5M Cat5e Flat Patch Cable, 1M - Blue",15.0,21.75,45,Evenflow,Connect
CO-C5EPAT1M,24AWG UTP CAT5E Patch Cable 1M,15.0,21.75,45,Evenflow,Connect
CO-C5EPAT2M,24AWG UTP CAT5E Patch Cable 2M,20.0,29.0,45,Evenflow,Connect
CO-C5EPAT3M,24AWG UTP CAT5E Patch Cable 3M,30.0,43.5,45,Evenflow,Connect
CO-C5EPAT3M RED,"Connect C5EPAT0.5M Cat5e Flat Patch Cable,3m Red",35.0,50.75,45,Evenflow,Connect
CO-C6PAT1M GREY,Connect Cat6 UTP Patch Cord 1m Grey,21.0,30.45,45,Evenflow,Connect
CO-C6EPAT2M,24AWG UTP CAT6E Patch Cable 2M,25.0,36.25,45,Evenflow,Connect
CO-C6PAT05M,24AWG UTP CAT6 Patch Cable 0.5M,15.0,21.75,45,Evenflow,Connect
CO-C6EPAT2B,Connect C6PAT0.5M Cat6 UTP Patch Cable 2M blue,27.0,39.15,45,Evenflow,Connect
CO-C6EPAT2G,Connect C6PAT0.5M Cat6 UTP Patch Cable 2M Green,27.0,39.15,45,Evenflow,Connect
CO-C6PAT05B,Connect C6PAT0.5M Cat6 UTP Patch Cable 0.5M Blue,15.0,21.75,45,Evenflow,Connect
CO-C6PAT05G,Connect C6PAT0.5M Cat6 UTP Patch Cable 0.5M Green,15.0,21.75,45,Evenflow,Connect
CO-C6PAT05M,Connect C6PAT0.5M Cat6 UTP Patch Cable 0.5M – Black,15.0,21.75,45,Evenflow,Connect
CO-C6PAT05Y,C6PAT0.5M Cat6 UTP Patch Cable 0.5M Yellow,25.0,36.25,45,Evenflow,Connect
CO-C6PAT1M,24AWG UTP CAT6 Patch Cable 1M Black,21.0,30.45,45,Evenflow,Connect
CO-C6PAT3M,24AWG UTP CAT6 Patch Cable 3M Black,35.0,50.75,45,Evenflow,Connect
CO-C6PAT3MG,24AWG UTP CAT6 Patch Cable 3M Grey,35.0,50.75,45,Evenflow,Connect
CO-C6PAT5MG,Connect C6PAT5M CAT6 UTP Patch Lead 5M Grey,50.0,72.5,45,Evenflow,Connect
CO-9U CAB,"9U Cabinet, 600x450  Detachable glass door with 2 x fans - Black",1935.0,2805.75,45,Evenflow,Connect
CO-4U CAB,"4U Cabinet,600x450 Detachable glass door",1195.0,1732.75,45,Evenflow,Connect
CO-6U CABSWN,6U Swing Frame Wallbox 600*(450+100)- Black,1625.0,2356.25,45,Evenflow,Connect
CO-9U CABSWN,9U Swing Frame Wallbox 600*(450+100) - Black,1725.0,2501.25,45,Evenflow,Connect
CO-27UCAB1M,27U 1M Deep Cabinet 4 Fans & 2 Shelves,6095.0,8837.75,45,Evenflow,Connect
CO-27UCAB800,27U 800 Deep Cabinet 4 Fans & 3 Shelves,5322.0,7716.9,45,Evenflow,Connect
CO-27UCAB1M P,27U 1M Deep Cabinet 4 Fans & 2 Shelves - Perforated Dppr,3933.0,5702.85,45,Evenflow,Connect
CO-42UCAB800D,42U 800 Deep Cabinet 4 Fans & 3 Shelves,6995.0,10142.75,45,Evenflow,Connect
CO-42UCAB1MD,42U 1M Deep Cabinet 4 Fans & 3 Shelves,7725.0,11201.25,45,Evenflow,Connect
CO-FAN,Spare Panel Fan with Finger Guard,120.0,174.0,45,Evenflow,Connect
CO-LOCK,Spare Side Door Lock for Cabinets,25.0,36.25,45,Evenflow,Connect
CO-MOACCAGE10,"Connect MOAC-CAGE/10 Cage Nuts, screws & washers - Pack of 10",20.0,29.0,45,Evenflow,Connect
CO-PDU 10W,10 Way Aluminium Moulded Rack Mount PDU,450.0,652.5,45,Evenflow,Connect
CO-PDU 1U 6W,Connect PDU for Network Cabinet 6 way,425.0,616.25,45,Evenflow,Connect
CO-TRAY 300,Spare 300mm 19-inch Front Mount Tray,235.0,340.75,45,Evenflow,Connect
CO-TRAY 550,550mm 19-inch Rear Supported Tray,295.0,427.75,45,Evenflow,Connect
CO-TRAY 700,700mm 19-inch Rear Supported Tray,350.0,507.5,45,Evenflow,Connect
CO-CAB 6UO,"Connect CAB-6UO,  6U 450 Deep Outdoor Cabinet 2X Fan",2010.0,2914.5,45,Evenflow,Connect
CO-CAB 9UO,"Connect CAB-9UO,  9U 450 Deep Outdoor Cabinet 2X Fan",3195.0,4632.75,45,Evenflow,Connect
CO-POW CLOVER SINGLE,Connect Rework to 3 Pin 16A-Clover IEC (0.75mm x 3 Cores),24.0,34.8,45,Evenflow,Connect
EF-Delta Max,"EcoFLow Delta Max, 2016Wh, 2400W,4x AC Port, 1x USB-C, 1800W charging",10999.0,15948.55,45,Evenflow,Ecoflow
EF-S Gen,"EcoFLow Smar Gen, 1800W inverter generator, 4L, 4-stroke petrol engine",13860.0,20097.0,45,Evenflow,Ecoflow
EF-RIVER 2,"EcoFLow River 2, 256Wh, 300W,2x AC Port, 1x USB-C, 360W char",3654.0,5298.3,45,Evenflow,Ecoflow
EF-100W RP,EcoFLow 100W Rigid Solar Panel (2pcs),1626.19,2357.98,45,Evenflow,Ecoflow
EF-110W,"EcoFlow 110W Portable Solar Panel , MC4 Connector, 21.7V, 6.5A",3662.0,5309.9,45,Evenflow,Ecoflow
EF-160W,"EcoFlow 160W Portable Solar Panel , MC4 Connector, 21.4V, 9.6A",3870.0,5611.5,45,Evenflow,Ecoflow
EF-220W,"EcoFlow 220W Portable Solar Panel, MC4 Connector, 21.8V, 13A",6254.0,9068.3,45,Evenflow,Ecoflow
EF-400W,"EcoFlow 400W Portable Solar Panel, MC4 Connector, 48V, 11A",9899.0,14353.55,45,Evenflow,Ecoflow
EF-Delta 2 EB,EcoFlow Delta 2 Extra Battery,6885.0,9983.25,45,Evenflow,Ecoflow
EF-Delta Max EB,"EcoFLow Delta Max Extra Battery, 2016Wh",14095.0,20437.75,45,Evenflow,Ecoflow
EF-Delta Pro EB,"EcoFLow Delta Pro Extra Battery, 3600Wh",24905.0,36112.25,45,Evenflow,Ecoflow
EF-MC4 Ext 3M,Ecoflow MC4 Solar Extention Cable - 3m,195.0,282.75,45,Evenflow,Ecoflow
EF-XT60,Car Charge XT60 Cable,265.0,384.25,45,Evenflow,Ecoflow
R3R57A,ION-MNT-OTDR Instant On Outdoor Bracket,75.04,108.81,45,Evenflow,HPE Networking
R6P90A,Aruba Instant On AP22 flush mount sleeve,165.07,239.35,45,Evenflow,HPE Networking
R9B36A,Instant On AP25 Flush Mount Sleeve,195.09,282.88,45,Evenflow,HPE Networking
S2N68A,HPE NW ION AP21 Flush Mount Sleeve,195.09,282.88,45,Evenflow,HPE Networking
S2N69A,HPE NW ION AP32 Flush Mount Sleeve,195.09,282.88,45,Evenflow,HPE Networking
R9M78A,Aruba Instant On 12V Power adapter US EU,360.15,522.22,45,Evenflow,HPE Networking
R9M79A,Aruba Instant On 12V Power adapter RW,360.15,522.22,45,Evenflow,HPE Networking
R3X86A,Aruba Instant On 48V Power Adapter,360.15,522.22,45,Evenflow,HPE Networking
R8W31A,Aruba Instant On 802.3af POE Midspan,705.29,1022.67,45,Evenflow,HPE Networking
R9M77A,Aruba Instant On 802.3at POE Injector,990.41,1436.09,45,Evenflow,HPE Networking
S1T09A,HPE NW ION AP21 (RW) Wi-Fi 6 AP,1753.05,2541.92,45,Evenflow,HPE Networking
R4W02A,HPE  Indoor Access Point 2x2 Wi-Fi 6 (RW) AP22,1752.0,2540.4,45,Evenflow,HPE Networking
S1T15A,HPE NW ION AP21 (RW) AP Bundle,2123.48,3079.05,45,Evenflow,HPE Networking
R9B28A,Instant On AP25 (RW) 4x4 Wi-Fi 6 AP,3404.96,4937.19,45,Evenflow,HPE Networking
S1U76A,HPE NW ION AP (RW) AP22D,3447.1,4998.3,45,Evenflow,HPE Networking
S1T23A,HPE NW ION AP (RW) AP32,3657.0,5302.65,45,Evenflow,HPE Networking
S1T37A,HPE NW ION AP27 (RW) Wi-Fi 6 AP,3637.0,5273.65,45,Evenflow,HPE Networking
S1T28A,HPE NW ION AP Bdl w/PSU (EU) AP32,4449.43,6451.67,45,Evenflow,HPE Networking
S1T29A,HPE NW ION AP Bdl w/PSU (RW) AP32,4449.43,6451.67,45,Evenflow,HPE Networking
S1T18A,HPE NW ION AP21 (RW) AP 5 pack,8334.18,12084.56,45,Evenflow,HPE Networking
S1T32A,HPE NW ION AP 5Pk (RW) AP32,19382.82,28105.09,45,Evenflow,HPE Networking
R8R44A,HPE Switch 5p Gigabit 1430,539.4,782.13,45,Evenflow,HPE Networking
R9D16A,Aruba IOn 1G SFP LC SX 500m MMF XCVR,612.38,887.95,45,Evenflow,HPE Networking
S0G20A,HPE NW ION 1G LX SFP LC 10km SMF XCVR,791.43,1147.57,45,Evenflow,HPE Networking
R8R45A,Aruba IOn 1430 8G Sw,879.0,1274.55,45,Evenflow,HPE Networking
R9D17B,HPE NW ION 1G SFP RJ45 100m XCVR,909.83,1319.25,45,Evenflow,HPE Networking
R9D19A,Aruba IOn 10G SFP+ to SFP+ 1m DAC Cable,990.41,1436.09,45,Evenflow,HPE Networking
R9D20A,Aruba IOn 10G SFP+ to SFP+ 3m DAC Cable,1110.05,1609.57,45,Evenflow,HPE Networking
R9D18A,Aruba IOn 10G SFP+ LC SR 300m MMF XCVR,1223.93,1774.7,45,Evenflow,HPE Networking
S0G21A,HPE NW ION 10G LR SFP+ LC 10km SMF XCVR,1418.4,2056.68,45,Evenflow,HPE Networking
JL810A,Aruba IOn 1830 8G Sw,1820.89,2640.29,45,Evenflow,HPE Networking
R8R47A,Aruba IOn 1430 16G Sw,1837.54,2664.43,45,Evenflow,HPE Networking
R8R46A,HPE  1430 8-port PoE GbE Unmanaged Switch R8R46A,2196.45,3184.85,45,Evenflow,HPE Networking
R8R49A,Aruba IOn 1430 24G Sw,2442.51,3541.64,45,Evenflow,HPE Networking
JL680A,Aruba IOn 1930 8G 2SFP Switch,2504.18,3631.06,45,Evenflow,HPE Networking
JL812A,Aruba IOn 1830 24G 2SFP Sw,2661.65,3859.39,45,Evenflow,HPE Networking
JL811A,HPE Switch 8p Gigabit CL4 PoE 65W 1830,2717.15,3939.87,45,Evenflow,HPE Networking
R8R50A,Aruba IOn 1430 26G 2SFP Sw,3171.44,4598.59,45,Evenflow,HPE Networking
R8R48A,HPE Switch 16p Gigabit CL4 PoE 124W 1430,4176.03,6055.24,45,Evenflow,HPE Networking
JL682A,HPE Switch 24p Gigabit 4p SFP+ 1930,4362.48,6325.6,45,Evenflow,HPE Networking
JL681A,HPE Switch 8p Gigabit CL4 PoE 2p SFP 124W 1930,3976.0,5765.2,45,Evenflow,HPE Networking
JL813A,HPE Switch 24p Gigabit CL4 PoE 2p SFP 195W 1830,4504.32,6531.26,45,Evenflow,HPE Networking
S0G18A,HPE NW ION 10GBASE-T RJ45 30m XCVR,5019.87,7278.81,45,Evenflow,HPE Networking
JL814A,Aruba IOn 1830 48G 4SFP Sw,5033.65,7298.79,45,Evenflow,HPE Networking
JL683B,HPE Switch 24p Gigabit CL4 PoE 4p SFP+ 195W 1930,6040.09,8758.13,45,Evenflow,HPE Networking
JL685A,Aruba IOn 1930 48G 4SFP+ Switch,6542.9,9487.2,45,Evenflow,HPE Networking
JL684B,HPE Switch 24p Gigabit CL4 PoE 4p SFP+ 370W 1930,7989.86,11585.3,45,Evenflow,HPE Networking
JL815A,HPE Switch 48p Gigabit CL4 PoE 4p SFP 370W 1830,8953.95,12983.23,45,Evenflow,HPE Networking
JL806A,Aruba IOn 1960 24G 2XT 2XF Sw,9077.29,13162.07,45,Evenflow,HPE Networking
JL686B,HPE Switch 48p Gigabit CL4 PoE 4p SFP+ 370W 1930,10486.0,15204.7,45,Evenflow,HPE Networking
JL807A,HPE Switch 24 Gig PoE 2p SFP+ 370W 1960,12983.83,18826.55,45,Evenflow,HPE Networking
JL805A,HPE Switch 12p 10GBT 4p SFP+ 1960,13628.27,19760.99,45,Evenflow,HPE Networking
JL808A,Aruba IOn 1960 48G 2XT 2XF Sw,13814.31,20030.75,45,Evenflow,HPE Networking
S0F35A,Aruba IOn 1960 8G 4p2.5 2XT 2XF Sw,18964.3,27498.23,45,Evenflow,HPE Networking
JL809A,HPE  Switch 48 Gig PoE 2p SFP+ 600W 1960,21301.15,30886.67,45,Evenflow,HPE Networking
S0G34A,HPE NW ION Gtwy 5p 2.5G 64W SG2505P,9014.0,13070.3,45,Evenflow,HPE Networking
S0G33A,HPE NW ION Gtwy 4p G SG1004,6205.0,8997.25,45,Evenflow,HPE Networking
IN-ECO,Economy Mast Bracket,55.0,79.75,45,Evenflow,Installation Materials
IN-BRA T 47,Tripod Bracket Wallmount 47cm,158.0,229.1,45,Evenflow,Installation Materials
IN-BRA T 25,Tripod Bracket Wallmount 25cm,135.0,195.75,45,Evenflow,Installation Materials
IN-BRA T 10,Tripod Bracket Wallmount 10cm,100.0,145.0,45,Evenflow,Installation Materials
IN-ALU506,6m Pole - 50mm Aluminium  - 2m Side Wall,525.0,761.25,45,Evenflow,Installation Materials
IN-ALU386,6m Pole - 38mm Aluminium - 2m Side Wall,395.0,572.75,45,Evenflow,Installation Materials
IN-ALU503,3m Pole -  50mm Aluminium Pole - 2m Side Wall  - 3m,295.0,427.75,45,Evenflow,Installation Materials
IN-ALU383,3m Pole - 38mm Aluminium Pole - 2m Side Wall - 3m,205.0,297.25,45,Evenflow,Installation Materials
IN-UBOLT50,U-Bolt 50mm Mild Steel,9.0,13.05,45,Evenflow,Installation Materials
IN-RBM6,M6 Rawl Bolt Shielded Zinc (6x55),3.5,5.08,45,Evenflow,Installation Materials
IN-RBM8,Rawl Bolt 8 X 65,4.0,5.8,45,Evenflow,Installation Materials
IN-CS675,Coach Screws And Plugs 6 X 75,1.0,1.45,45,Evenflow,Installation Materials
IN-CS860,Coach Screws And Green Plugs 8 x 60,1.8,2.61,45,Evenflow,Installation Materials
IN-TRK16X16,Trunking 16mm x 16mm - 2M,8.0,11.6,45,Evenflow,Installation Materials
IN-TRK25X16,Trunking 25mm x 16mm - 3M,17.0,24.65,45,Evenflow,Installation Materials
IN-TRK25X40,Trunking 40mm x 25mm - 3M,29.0,42.05,45,Evenflow,Installation Materials
IN-TRK40X40,Trunking 40mm x 40mm - 3M,47.0,68.15,45,Evenflow,Installation Materials
IN-GLU STI,Glue Sticks - Singles,5.4,7.83,45,Evenflow,Installation Materials
IN-CLP15 S,Square 5mm White Cable Clip - Pack of 100,6.0,8.7,45,Evenflow,Installation Materials
IN-CLP6,6mm White Cable Clip - Pack of 100,7.0,10.15,45,Evenflow,Installation Materials
IN-CLP7,7mm White Cable Clip - Pack of 100,8.0,11.6,45,Evenflow,Installation Materials
IN-CLP8,8mm White Cable Clip - Pack of 100,10.0,14.5,45,Evenflow,Installation Materials
IN-CLP10,10mm White Cable Clip - Pack of 100,13.0,18.85,45,Evenflow,Installation Materials
IN-TAPE,Black Insulation Tape,5.0,7.25,45,Evenflow,Installation Materials
IN-TAPE 20,Black Installation Tape - 20M,8.5,12.32,45,Evenflow,Installation Materials
IN-CT100,Cable Tie 100 x 2.5mm - Pack of 100,5.5,7.97,45,Evenflow,Installation Materials
IN-CT200,Cable Tie 200 x 4.8mm - Pack of 100,27.0,39.15,45,Evenflow,Installation Materials
IN-CT300,Cable Tie 300  x 4.8mm - Pack of 100,38.0,55.1,45,Evenflow,Installation Materials
IN-CT370,Cable Tie 370 x 4.8mm - Pack of 100,49.0,71.05,45,Evenflow,Installation Materials
IN-CT400,Cable Tie 400 x 4.8mm - Pack of 100 - Large,51.0,73.95,45,Evenflow,Installation Materials
IN-MP516,Multi Plug 10 Way Multiplug 5 x 16 5x5A - 0.5m Cord,86.0,124.7,45,Evenflow,Installation Materials
IN-MP316,Multi Plug 6 Way 3 X16A - 0.5m Cord,78.0,113.1,45,Evenflow,Installation Materials
IN-MP 85A,Multi Plug 4x16A 4x5A 2xUSB 0.5m Cord,117.0,169.65,45,Evenflow,Installation Materials
IN-MP316 3,Multi Plug 6 wAY 3 X16A - 3m Cord,110.0,159.5,45,Evenflow,Installation Materials
IN-MP516 3,Multi Plug 6 wAY 3 X16A - 3m Cord,135.0,195.75,45,Evenflow,Installation Materials
IN-MP316 5,Multi Plug 10 Way Multiplug 5 x 16 5x5A - 5m Cord,150.0,217.5,45,Evenflow,Installation Materials
IN-MP516 5,Multi Plug 10 Way Multiplug 5 x 16 5x5A - 5m Cord,175.0,253.75,45,Evenflow,Installation Materials
IN-POE 52V 30WPG,"Gigabit Power over Ethernet (PoE) Injector. 52V, 0.575A,",294.0,426.3,45,Evenflow,Installation Materials
"IN-POW KETTEL 1,8",1.8M Single headed kettle dedicated power cable,22.0,31.9,45,Evenflow,Installation Materials
KP1 Plus,KP1 Plus,320.0,464.0,45,Evenflow,Marsriva
KP2 EC,KP2 EC,252.0,365.4,45,Evenflow,Marsriva
KP2 EC,KP2 EC,295.0,427.75,45,Evenflow,Marsriva
KP3,KP3,295.0,427.75,45,Evenflow,Marsriva
MR-UF800,MR-UF800,1025.0,1486.25,45,Evenflow,Marsriva
MR-SPF5000,MR-SPF5000,9425.0,13666.25,45,Evenflow,Marsriva
MR-PBT12 200,MR-PBT12 200,6975.0,10113.75,45,Evenflow,Marsriva
MR-PBLF48 100,MR-PBLF48 100,28160.0,40832.0,45,Evenflow,Marsriva
MR-CAB 4U,MR-CAB 4U,1195.0,1732.75,45,Evenflow,Marsriva
MR-CAB 9U S,MR-CAB 9U S,1980.0,2871.0,45,Evenflow,Marsriva
MR-CAB FAN,MR-CAB FAN,160.0,232.0,45,Evenflow,Marsriva
MR-CAGE NUTS,MR-CAGE NUTS,28.0,40.6,45,Evenflow,Marsriva
MK-License - L4,MK-License - L4,575.0,833.75,45,Evenflow,Mikrotik
MK-License - L5,MK-License - L5,1175.0,1703.75,45,Evenflow,Mikrotik
MK-License - L6,MK-License - L6,3195.0,4632.75,45,Evenflow,Mikrotik
RB941-2ND,RB941-2ND,375.0,543.75,45,Evenflow,Mikrotik
RB941-2ND-TC,RB941-2ND-TC,375.0,543.75,45,Evenflow,Mikrotik
L41G-2axD,L41G-2axD,870.0,1261.5,45,Evenflow,Mikrotik
L41G-2axD&FG621-EA,L41G-2axD&FG621-EA,1495.0,2167.75,45,Evenflow,Mikrotik
RB951Ui-2nD,RB951Ui-2nD,660.0,957.0,45,Evenflow,Mikrotik
RB951Ui-2HnD,RB951Ui-2HnD,895.0,1297.75,45,Evenflow,Mikrotik
RB750r2,RB750r2,625.0,906.25,45,Evenflow,Mikrotik
RB750Gr3,RB750Gr3,850.0,1232.5,45,Evenflow,Mikrotik
E50UG,E50UG,850.0,1232.5,45,Evenflow,Mikrotik
RB750UPr2,RB750UPr2,835.0,1210.75,45,Evenflow,Mikrotik
RB760iGS,RB760iGS,1050.0,1522.5,45,Evenflow,Mikrotik
E60iUGS,E60iUGS,1050.0,1522.5,45,Evenflow,Mikrotik
E62iUGS-2axD5axT,E62iUGS-2axD5axT,1150.0,1667.5,45,Evenflow,Mikrotik
RB952Ui-5ac2nD,RB952Ui-5ac2nD,845.0,1225.25,45,Evenflow,Mikrotik
RB952Ui-5ac2nD-TC,RB952Ui-5ac2nD-TC,845.0,1225.25,45,Evenflow,Mikrotik
RB960PGS,RB960PGS,1345.0,1950.25,45,Evenflow,Mikrotik
RB960PGS-PB,RB960PGS-PB,1675.0,2428.75,45,Evenflow,Mikrotik
RB4011iGS+RM,RB4011iGS+RM,3225.0,4676.25,45,Evenflow,Mikrotik
RB5009UG+S+IN,RB5009UG+S+IN,3195.0,4632.75,45,Evenflow,Mikrotik
RB5009UPr+S+IN,RB5009UPr+S+IN,4495.0,6517.75,45,Evenflow,Mikrotik
CCR2004-1G-12S+2XS,CCR2004-1G-12S+2XS,8795.0,12752.75,45,Evenflow,Mikrotik
CCR2004-16G-2S+,CCR2004-16G-2S+,6895.0,9997.75,45,Evenflow,Mikrotik
CCR2116-12G-4S+,CCR2116-12G-4S+,14595.0,21162.75,45,Evenflow,Mikrotik
CCR2216-1G-12XS-2XQ,CCR2216-1G-12XS-2XQ,40195.0,58282.75,45,Evenflow,Mikrotik
CRS520-4XS-16XQ-RM,CRS520-4XS-16XQ-RM,33495.0,48567.75,45,Evenflow,Mikrotik
C52iG-5HaxD2HaxD-TC,C52iG-5HaxD2HaxD-TC,1250.0,1812.5,45,Evenflow,Mikrotik
L009UiGS-RM,L009UiGS-RM,1725.0,2501.25,45,Evenflow,Mikrotik
L009UiGS-2HaxD-IN,L009UiGS-2HaxD-IN,1915.0,2776.75,45,Evenflow,Mikrotik
CSS6108P2S+OUT,CSS6108P2S+OUT,2950.0,4277.5,45,Evenflow,Mikrotik
CSS106-5G-1S,CSS106-5G-1S,645.0,935.25,45,Evenflow,Mikrotik
CSS106-1G-4P-1S,CSS106-1G-4P-1S,705.0,1022.25,45,Evenflow,Mikrotik
CRS318-16P-2S+OUT,CRS318-16P-2S+OUT,4095.0,5937.75,45,Evenflow,Mikrotik
CRS112-8P-4S-IN,CRS112-8P-4S-IN,3115.0,4516.75,45,Evenflow,Mikrotik
CRS326-24G-2S+RM,CRS326-24G-2S+RM,3125.0,4531.25,45,Evenflow,Mikrotik
CRS326-24S+2Q+RM,CRS326-24S+2Q+RM,8775.0,12723.75,45,Evenflow,Mikrotik
CRS317-1G-16S+RM,CRS317-1G-16S+RM,7425.0,10766.25,45,Evenflow,Mikrotik
CRS328-24P-4S+RM,CRS328-24P-4S+RM,7995.0,11592.75,45,Evenflow,Mikrotik
CRS305-1G-4S+OUT,CRS305-1G-4S+OUT,3145.0,4560.25,45,Evenflow,Mikrotik
CRS328-4C-20S-4S+RM,CRS328-4C-20S-4S+RM,6975.0,10113.75,45,Evenflow,Mikrotik
CRS354-48G-4S+2Q+RM,CRS354-48G-4S+2Q+RM,9265.0,13434.25,45,Evenflow,Mikrotik
CRS354-48P-4S+2Q+RM,CRS354-48P-4S+2Q+RM,14795.0,21452.75,45,Evenflow,Mikrotik
CRS106-1C-5S,CRS106-1C-5S,875.0,1268.75,45,Evenflow,Mikrotik
CSS326-24G-2S+RM,CSS326-24G-2S+RM,2395.0,3472.75,45,Evenflow,Mikrotik
CRS318-1Fi-15Fr-2S-OUT,CRS318-1Fi-15Fr-2S-OUT,2050.0,2972.5,45,Evenflow,Mikrotik
CRS504-4XQ-IN,CRS504-4XQ-IN,10975.0,15913.75,45,Evenflow,Mikrotik
CRS309-1G-8S+IN,CRS309-1G-8S+IN,4050.0,5872.5,45,Evenflow,Mikrotik
CRS312-4C+8XG-RM,CRS312-4C+8XG-RM,10295.0,14927.75,45,Evenflow,Mikrotik
CRS518-16XS-2XQ-RM,CRS518-16XS-2XQ-RM,22595.0,32762.75,45,Evenflow,Mikrotik
CRS310-8G+2S+IN,CRS310-8G+2S+IN,3250.0,4712.5,45,Evenflow,Mikrotik
CRS326 24G 2S+ IN,CRS326 24G 2S+ IN,2898.0,4202.1,45,Evenflow,Mikrotik
CRS510 8XS 2XQ IN,CRS510 8XS 2XQ IN,15195.0,22032.75,45,Evenflow,Mikrotik
CRS320 8P 8B 4S+RM,CRS320 8P 8B 4S+RM,7950.0,11527.5,45,Evenflow,Mikrotik
RBSXTsq5nD,RBSXTsq5nD,645.0,935.25,45,Evenflow,Mikrotik
RBSXTsqG-5acD,RBSXTsqG-5acD,950.0,1377.5,45,Evenflow,Mikrotik
RBSXTG-5HPacD-SA,RBSXTG-5HPacD-SA,1667.0,2417.15,45,Evenflow,Mikrotik
RBSXTsq 5axD,RBSXTsq 5axD,975.0,1413.75,45,Evenflow,Mikrotik
RBLHG-5HPnD-XL4pack,RBLHG-5HPnD-XL4pack,6395.0,9272.75,45,Evenflow,Mikrotik
RB912UAG-5HPnD-OUT,RB912UAG-5HPnD-OUT,1325.0,1921.25,45,Evenflow,Mikrotik
RB912UAG-2HPnD-OUT,RB912UAG-2HPnD-OUT,1150.0,1667.5,45,Evenflow,Mikrotik
RBLHG5kit,RBLHG5kit,3295.0,4777.75,45,Evenflow,Mikrotik
RBMetal5SHPn,RBMetal5SHPn,810.0,1174.5,45,Evenflow,Mikrotik
RB911G-2HPnD-12S,RB911G-2HPnD-12S,1475.0,2138.75,45,Evenflow,Mikrotik
RBMETALG 52SHPACN,RBMETALG 52SHPACN,1795.0,2602.75,45,Evenflow,Mikrotik
RB922UAGS-5HPacD-NM,RB922UAGS-5HPacD-NM,2195.0,3182.75,45,Evenflow,Mikrotik
RBLHGG-5acD-XL4pack,RBLHGG-5acD-XL4pack,7350.0,10657.5,45,Evenflow,Mikrotik
RB LHG 5axD XL,RB LHG 5axD XL,1925.0,2791.25,45,Evenflow,Mikrotik
RBwAPG-60ad-A,RBwAPG-60ad-A,1247.0,1808.15,45,Evenflow,Mikrotik
RBwAPG-60ad,RBwAPG-60ad,1629.0,2362.05,45,Evenflow,Mikrotik
RBwAPG-60adkit,RBwAPG-60adkit,3295.0,4777.75,45,Evenflow,Mikrotik
RBLHGG-60adkit,RBLHGG-60adkit,4695.0,6807.75,45,Evenflow,Mikrotik
RBSXTsq2nD,RBSXTsq2nD,575.0,833.75,45,Evenflow,Mikrotik
RBGPOE-CON-HP,RBGPOE-CON-HP,446.0,646.7,45,Evenflow,Mikrotik
RBLHGG-60ad,RBLHGG-60ad,2325.0,3371.25,45,Evenflow,Mikrotik
RBOmniTikPG-5HacD,RBOmniTikPG-5HacD,2095.0,3037.75,45,Evenflow,Mikrotik
RB911G-5HPacD,RB911G-5HPacD,1137.0,1648.65,45,Evenflow,Mikrotik
L23UGSR-5HaxD2HaxD-NM,L23UGSR-5HaxD2HaxD-NM,2525.0,3661.25,45,Evenflow,Mikrotik
RB5009UPr+S+OUT,RB5009UPr+S+OUT,4925.0,7141.25,45,Evenflow,Mikrotik
CubeG-5ac60ay,CubeG-5ac60ay,2275.0,3298.75,45,Evenflow,Mikrotik
L11UG-5HaxD-NB,L11UG-5HaxD-NB,1725.0,2501.25,45,Evenflow,Mikrotik
RBcAPL-2nD,RBcAPL-2nD,450.0,652.5,45,Evenflow,Mikrotik
RBcAPGi-5acD2nD,RBcAPGi-5acD2nD,1245.0,1805.25,45,Evenflow,Mikrotik
RBcAPGi-5acD2nD-XL,RBcAPGi-5acD2nD-XL,1280.0,1856.0,45,Evenflow,Mikrotik
RBD52G-5HacD2HnD-TC,RBD52G-5HacD2HnD-TC,1125.0,1631.25,45,Evenflow,Mikrotik
cAPGi-5HaxD2HaxD,cAPGi-5HaxD2HaxD,1905.0,2762.25,45,Evenflow,Mikrotik
RBD53GR-5HacD2HnD&R11e-LTE6,RBD53GR-5HacD2HnD&R11e-LTE6,3015.0,4371.75,45,Evenflow,Mikrotik
RBD53iG-5HacD2HnD,RBD53iG-5HacD2HnD,1670.0,2421.5,45,Evenflow,Mikrotik
C53UiG+5HPaxD2HPaxD,C53UiG+5HPaxD2HPaxD,2125.0,3081.25,45,Evenflow,Mikrotik
QMP-LHG,QMP-LHG,100.0,145.0,45,Evenflow,Mikrotik
QMP,QMP,100.0,145.0,45,Evenflow,Mikrotik
ACRPSMA,ACRPSMA,140.0,203.0,45,Evenflow,Mikrotik
K-65,K-65,48.0,69.6,45,Evenflow,Mikrotik
SOLIDmount,SOLIDmount,395.0,572.75,45,Evenflow,Mikrotik
LHGmount,LHGmount,195.0,282.75,45,Evenflow,Mikrotik
K-79,K-79,108.0,156.6,45,Evenflow,Mikrotik
RBFTC11,RBFTC11,595.0,862.75,45,Evenflow,Mikrotik
FTC11XG,FTC11XG,1975.0,2863.75,45,Evenflow,Mikrotik
S-3553LC20D,S-3553LC20D,1095.0,1587.75,45,Evenflow,Mikrotik
S-85DLC05D,S-85DLC05D,275.0,398.75,45,Evenflow,Mikrotik
S-31DLC20D,S-31DLC20D,360.0,522.0,45,Evenflow,Mikrotik
XS+31LC10D,XS+31LC10D,2295.0,3327.75,45,Evenflow,Mikrotik
S-RJ01,S-RJ01,465.0,674.25,45,Evenflow,Mikrotik
XS+DA0001,XS+DA0001,450.0,652.5,45,Evenflow,Mikrotik
XS+DA0003,XS+DA0003,595.0,862.75,45,Evenflow,Mikrotik
XQ+DA0003,XQ+DA0003,895.0,1297.75,45,Evenflow,Mikrotik
XQ+31LC10D,XQ+31LC10D,5695.0,8257.75,45,Evenflow,Mikrotik
XQ+31LC02D,XQ+31LC02D,3695.0,5357.75,45,Evenflow,Mikrotik
Q+85MP01D,Q+85MP01D,705.0,1022.25,45,Evenflow,Mikrotik
R11e-LTE,R11e-LTE,1096.0,1589.2,45,Evenflow,Mikrotik
RBwAPR-2nD,RBwAPR-2nD,1190.0,1725.5,45,Evenflow,Mikrotik
RBwAPGR-5HacD2HnD&R11e-LTE6,RBwAPGR-5HacD2HnD&R11e-LTE6,2475.0,3588.75,45,Evenflow,Mikrotik
wAPR-2nD&EC200A-EU,wAPR-2nD&EC200A-EU,1495.0,2167.75,45,Evenflow,Mikrotik
RB912R-2nD-LTm,RB912R-2nD-LTm,1495.0,2167.75,45,Evenflow,Mikrotik
wAPG-5HaxD2HaxD,wAPG-5HaxD2HaxD,1295.0,1877.75,45,Evenflow,Mikrotik
ATLGM&EG18 EA,ATLGM&EG18 EA,4295.0,6227.75,45,Evenflow,Mikrotik
ACGPSA,ACGPSA,105.0,152.25,45,Evenflow,Mikrotik
MTAD-5G-30D3-PA,MTAD-5G-30D3-PA,3395.0,4922.75,45,Evenflow,Mikrotik
MTAO-LTE-5D-SQ,MTAO-LTE-5D-SQ,275.0,398.75,45,Evenflow,Mikrotik
HGO-antenna-OUT,HGO-antenna-OUT,140.0,203.0,45,Evenflow,Mikrotik
24V4APOW,24V4APOW,450.0,652.5,45,Evenflow,Mikrotik
RBGESP,RBGESP,450.0,652.5,45,Evenflow,Mikrotik
MM-A5 14,Mimosa A5 14dbi Point-to-Multipoint Access Point Omni.,9530.0,13818.5,45,Evenflow,Mimosa
MM-A5c,Mimosa A5c Multipoint Connectorized Access Point,9254.0,13418.3,45,Evenflow,Mimosa
MM-C5C,Mimosa C5C 4.9–6.4 GHz (PTP/PTMP) Point-to-Point Backhaul & Point-to-Multipoint Client Radio,1695.0,2457.75,45,Evenflow,Mimosa
MM-A5X,Mimosa A5X Connectorized 2X2 PTMP Access Point,4095.0,5937.75,45,Evenflow,Mimosa
MM-B11,Mimosa B11 Point-to-Point Backhaul Radio - 10.0-11.7Ghz,25680.0,37236.0,45,Evenflow,Mimosa
MM-C6X,"Mimosa 5.15-6.425 GHz, 802.11ax Wi-Fi 6E, 8dBi Modular Radio, for PTMP client use, PTP requires separate license key, supports all N5-X series antennas - POE NOT INCLUDED",3195.0,4632.75,45,Evenflow,Mimosa
MM- C6x LE,Mimosa C6 PTMP & Backhaul –No POE,1719.0,2492.55,45,Evenflow,Mimosa
MM-A6,"Mimosa - A6 5150–6425 MHz Wi-Fi 6E-Based, 8x8, Beamforming, Point-to-Multipoint (PTMP)",25725.0,37301.25,45,Evenflow,Mimosa
MM-B6X,Mimosa B6X  PTP Backhaul Radio with GPS - No POE,9995.0,14492.75,45,Evenflow,Mimosa
MM-C6 NLSO,Mimosa C6 Non-Line-of-Sight PTMP Client,7335.0,10635.75,45,Evenflow,Mimosa
MM-N5 360,"4.9-6.4 GHz, 4x4 360 degree beamforming antenna for A5c, includes  LMR 240 Type N to Type N cables (4) and pipe clamps (2)",3009.0,4363.05,45,Evenflow,Mimosa
MM-N5X16,"4.9-6.4 GHz Modular Twist-on Antenna, 150mm Horn for C5x only, 16 dBi gain",550.0,797.5,45,Evenflow,Mimosa
MM-N5X20,"4.9-6.4 GHz Modular Twist-on Antenna, 250 mm Dish for C5x only, 20 dBi gain",1175.0,1703.75,45,Evenflow,Mimosa
MM-N5X25,"4.9-6.4 GHz ModularTwist-on Antenna 400mm Dish for C5x only, 25 dBi gain",1650.0,2392.5,45,Evenflow,Mimosa
MM-N5X30,"Mimosa N5X30 Twist-on Antenna 600mm for C5x,B5x & C6X -2Pack",4295.0,6227.75,45,Evenflow,Mimosa
MM-GIG POE56V,"Mimosa PoE 56V, POE Brick",895.0,1297.75,45,Evenflow,Mimosa
MM-A5XPOE24V,"Mimosa Gigabit Power over Ethernet (PoE) injector 24V, 0.5A,",175.0,253.75,45,Evenflow,Mimosa
MM- POE 24V 30W,"Mimosa Gig PoE Inj 24V, 1.25A, 30W. No Power Cord - C6X",275.0,398.75,45,Evenflow,Mimosa
MM-POE 50V 1.2A,"Gigabit (PoE) Injector 50V, 1.2A, 52W. No Cable",345.0,500.25,45,Evenflow,Mimosa
MM-POE 24 0.5A,"Gigabit (PoE) injector 24V, 0.5A, No Cable",275.0,398.75,45,Evenflow,Mimosa
MM-FLEXIMOUNT XL,Mimosa Flexmount Bracket XL,215.0,311.75,45,Evenflow,Mimosa
MM-X2C ADAPTER F,Adapter  female twist-on female N-Type connector,575.0,833.75,45,Evenflow,Mimosa
MM-X2C ADAPTER M,Adapter male twist-on female N-Type connector,575.0,833.75,45,Evenflow,Mimosa
NE-PAD,Neat Pad - Controller / Scheduling Display,12346.7,17902.72,45,Evenflow,NeatFrame
NE-PAD GM,Neat Pad Glass Mount,845.0,1225.25,45,Evenflow,NeatFrame
NE-PULSE PLUS PAD1,"Pulse Plus for Neat Pad, including Control [Management and Monitoring] and Care [Support] for 1 year.",1018.0,1476.1,45,Evenflow,NeatFrame
NE-PULSE PLUS PAD3,"Pulse Plus for Neat Pad, including Control [Management and Monitoring] and Care [Support] for 3 years",2282.0,3308.9,45,Evenflow,NeatFrame
NE-PULSE PRO PAD1,"Pulse Pro for Neat Pad, including Control [Management and Monitoring], Care [Support], and Cover [Advanced Replacement] for 1 year.",1526.0,2212.7,45,Evenflow,NeatFrame
NE-PULSE PRO PAD3,"Pulse Pro for Neat Pad, including Control [Management and Monitoring], Care [Support], and Cover [Advanced Replacement] for 3 years.",3792.0,5498.4,45,Evenflow,NeatFrame
NE-BAR,"Neat Bar - Collaboration Bar  Includes Bar, integrated camera, microphones and wall, table, and display mounts.",28951.64,41979.88,45,Evenflow,NeatFrame
NE-BAR BYOD,"Neat Byod Bar - All-in-one video device for Zoom/BYOD. Ideal for small to medium rooms up to 10 people within 15ft/5m. Features a 12MP camera, 120° FOV, 8x digital zoom, auto-framing, 5 mics, and opposing drivers. Mounting hardware included.",12640.0,18328.0,45,Evenflow,NeatFrame
NE-PULSE PLUS BAR2 1,"Pulse Plus for Neat Bar2 and Neat Pad, including Control and Care for 1 year.  Terms & conditions apply, see https://neat.no/neat-pulse-terms-and-conditions/ for complete details.",4917.0,7129.65,45,Evenflow,NeatFrame
NE-PULSE PLUS BAR2 3,"Pulse Plus for Neat Bar2 and Neat Pad, including Control and Care for 3 years.  Terms & conditions apply, see https://neat.no/neat-pulse-terms-and-conditions/ for complete details.",11067.0,16047.15,45,Evenflow,NeatFrame
NE-PULSE PRO BAR2 1,"Pulse Pro for Neat Bar2 and Neat Pad, including Control, Care, and Cover for 1 year.Terms & conditions apply, see https://neat.no/neat-pulse-terms-and-conditions/ for complete details.",7383.0,10705.35,45,Evenflow,NeatFrame
NE-PULSE PRO BAR2 3,"Pulse Pro for Neat Bar2 and Neat Pad, including Control, Care, and Cover for 3 years. Terms & conditions apply, see https://neat.no/neat-pulse-terms-and-conditions/ for complete details.",18450.0,26752.5,45,Evenflow,NeatFrame
NE-BAR PRO,"Neat Bar Pro - Collaboration Bar. Includes Bar, integrated camera, microphones and wall, table, and display mounts.",76154.06,110423.39,45,Evenflow,NeatFrame
NE-PULSE PLUS BARPRO1,"Pulse Plus for Neat Bar Pro with Neat Pad, including Control [Management and Monitoring] and Care [Support] for 1 year.",7214.0,10460.3,45,Evenflow,NeatFrame
NE-PULSE PLUS BARPRO3,"Pulse Plus for Neat Bar Pro with Neat Pad, including Control [Management and Monitoring] and Care [Support] for 3 years",16230.0,23533.5,45,Evenflow,NeatFrame
NE-PULSE PRO BARPRO1,"Pulse Pro for Neat Bar Pro with Neat Pad, including Control [Management and Monitoring], Care [Support], and Cover [Advanced Replacement] for 1 year.",10820.0,15689.0,45,Evenflow,NeatFrame
NE-PULSE PRO BARPRO3,"Pulse Pro for Neat Bar Pro with Neat Pad, including Control [Management and Monitoring], Care [Support], and Cover [Advanced Replacement] for 3 years.",27050.0,39222.5,45,Evenflow,NeatFrame
NE-BOARD PRO,"65"" all-in-one touch screen device for Zoom/Teams/BYOD/App Hub. Ideal for medium to large rooms up to 30 people within 30ft/10m. Dual 50MP cameras, 113/70° FOV, 16x hybrid zoom, auto-framing, 5 mics, 3 full-range speakers. Optional adaptive stand or wall mount.",107196.0,155434.2,45,Evenflow,NeatFrame
NE-BOARD PRO ADT STAND,"Adaptive stand offers flexibility with easy movement between spaces and adjustable screen height, ensuring comfortable viewing and efficient meetings.",42793.0,62049.85,45,Evenflow,NeatFrame
NE-BOARD PRO ADT MOUNT,Securely position the  Board Pro close to the wall for a sleek look. Easy vertical adjustment ensures optimal viewing angles and comfort in any room setup.,19772.42,28670.01,45,Evenflow,NeatFrame
NE-BOARD PRO WALLM,Simple wall mount for Board Pro.  VESA compatible.,5010.0,7264.5,45,Evenflow,NeatFrame
NE-BOARD PEN,Neat Board - Stylus (QTY 2),1947.0,2823.15,45,Evenflow,NeatFrame
NE-PULSE PLUS BOARD PRO 1,"Pulse Plus for Neat Board Pro including Control and Care for 1 year.  Terms & conditions apply, see https://neat.no/neat-pulse-terms-and-conditions/ for complete details.",9248.0,13409.6,45,Evenflow,NeatFrame
NE-PULSE PLUS BOARD PRO 3,"Pulse Plus for Neat Board Pro, including Control and Care for 3 years.  Terms & conditions apply, see https://neat.no/neat-pulse-terms-and-conditions/ for complete details.",20808.0,30171.6,45,Evenflow,NeatFrame
NE-PULSE PRO BOARD PRO 1,"Pulse Pro for Neat Board Pro, including Control, Care, and Cover for 1 year.Terms & conditions apply, see https://neat.no/neat-pulse-terms-and-conditions/ for complete details.",13872.0,20114.4,45,Evenflow,NeatFrame
NE-PULSE PRO BOARD PRO  3,"Pulse Pro for Neat Board Pro, including Control, Care, and Cover for 3 years. Terms & conditions apply, see https://neat.no/neat-pulse-terms-and-conditions/ for complete details.",34679.0,50284.55,45,Evenflow,NeatFrame
NE-BOARD50,"Screen Device/50mp camera, integrated camera & Mics with table stand.",85728.0,124305.6,45,Evenflow,NeatFrame
NE-BOARD50 ADAPTIV STAND,NeatBoard50 - flexible accoustic stand,28481.0,41297.45,45,Evenflow,NeatFrame
NE-BOARD50 WALLMOUNT,NeatBoard50 - Wallmount,4437.0,6433.65,45,Evenflow,NeatFrame
NE-BOARD50 ADAPTIV MOUNT,NeatBoard50 - flexible mount,17175.0,24903.75,45,Evenflow,NeatFrame
NE-PULSE PLUS BOARD50 1,"Pulse Plus for Neat Board 50, including Control [Management and Monitoring] and Care [Support] for 1 year,",7383.0,10705.35,45,Evenflow,NeatFrame
NE-PULSE PLUS BOARD50 3,"Pulse Plus for Neat Board 50, including Control [Management and Monitoring] and Care [Support] for 3 years.",16615.0,24091.75,45,Evenflow,NeatFrame
NE-PULSE PRO BOARD50 1,"Pulse Pro for Neat Board 50, including Control [Management and Monitoring], Care [Support], and Cover [Advanced Replacement] for 1 year.",11098.0,16092.1,45,Evenflow,NeatFrame
NE-PULSE PRO BOARD50 3,"Pulse Pro for Neat Board 50, including Control [Management and Monitoring], Care [Support], and Cover [Advanced Replacement] for 3 years.",27697.0,40160.65,45,Evenflow,NeatFrame
NE-FRAME,Neat Frame- Personal Meeting Device,14507.78,21036.28,45,Evenflow,NeatFrame
NE-PULSE PLUS FRAME1,Pulse Plus for Neat Frame including Control [Management and Monitoring] and Care [Support] for 1 year.,1835.0,2660.75,45,Evenflow,NeatFrame
NE-PULSE PLUS FRAME3,Pulse Plus for Frame including Control [Management and Monitoring] and Care [Support] for 3 years.,4131.0,5989.95,45,Evenflow,NeatFrame
NE-PULSE PRO FRAME1,"Pulse Pro for Neat Frame, including Control [Management and Monitoring], Care [Support], and Cover [Advanced Replacement] for 1 year.",2775.0,4023.75,45,Evenflow,NeatFrame
NE-PULSE PRO FRAME3,"Pulse Pro for Neat Frame, including Control [Management and Monitoring], Care [Support], and Cover [Advanced Replacement] for 3 years.",6890.0,9990.5,45,Evenflow,NeatFrame
NE- CENTER SE,"A 360° companion device extending Neat Symmetry, providing optimal sound and views of meeting room participants. For placement on a table, mounted or hung from above. Ethernet cable included. Does not include POE (sold separately).",35202.02,51042.93,45,Evenflow,NeatFrame
NE-POE INJ XX,Power over Ethernet power supply for Neat Center. The PoE power supply is needed if your built-in ethernet output does not supply power. XX Available for INT or CN.; US use INT,1782.47,2584.58,45,Evenflow,NeatFrame
NE-PULSE PLUS CENTER1,"Pulse Plus for Neat Center, including Control and Care for 1 year.",2821.0,4090.45,45,Evenflow,NeatFrame
NE-PULSE PLUS CENTER3,"Pulse Plus for Neat Center, including Control and Care for 3 years.",6351.0,9208.95,45,Evenflow,NeatFrame
NE-PULSE PRO CENTER1,"Pulse Pro for Neat Center including Control, Care, and Cover for 1 year.",4239.0,6146.55,45,Evenflow,NeatFrame
NE-PULSE PRO CENTER3,"Pulse Pro for Neat Center, including Control, Care, and Cover for 3 years.",10589.0,15354.05,45,Evenflow,NeatFrame
NS-W1,"Nestis W1, 300Mbps Wireless N Router",156.0,226.2,45,Evenflow,Netis
NS-WF2409E,"Nestis WF2409E, 300Mbps Wireless N Router, 3*5dBi detachable antennas",162.0,234.9,45,Evenflow,Netis
NS-E3,"Netis E3, AC1200 Wireless Mesh Dual Band Gigabit Router,1*WAN+3*LAN,1*LED",245.0,355.25,45,Evenflow,Netis
NS-MW5230,"Netis MW5230, 300Mbps Wireless N 3G/4G Router",334.0,484.3,45,Evenflow,Netis
NS-N5,"Netis N5 AC1200 Wireless Dual Band Router, 2 LAN+ 1 WAN,1*USB 2.0",227.0,329.15,45,Evenflow,Netis
NS-N6,"Netis N6, AX1800 Dual Band Gigabit Mesh Wi-Fi 6 Router,Openwrt support, 1WAN+4LAN",517.0,749.65,45,Evenflow,Netis
NS-NX10,Netis NX10 - AX1500 Dual Band Gigabit Mesh Wi-Fi 6 Router,394.0,571.3,45,Evenflow,Netis
NS -NX30,Netis AX3000Mbps Wireless Dual Band Router,543.05,787.42,45,Evenflow,Netis
NS-WF2123,Netis 300Mbps Wireless N USB Adapter - Internal Antennna,87.0,126.15,45,Evenflow,Netis
NS-ST3108C,"Netis ST3108C, 8 Port Fast Ethernet Switch",88.0,127.6,45,Evenflow,Netis
NS-ST3105C,"Netis NS-ST3105C - 5 Port Fast Ethernet Switch, Plastic housing",73.0,105.85,45,Evenflow,Netis
NS-ST3105GC,"Netis ST3105GC, 5 Port Gigabit Ethernet Switch",156.0,226.2,45,Evenflow,Netis
NS-ST3108GC,"Netis ST3108GC, 8 Port Gigabit Ethernet Switch",208.0,301.6,45,Evenflow,Netis
NS-ST3116GS,"Netis ST3116GS, 16 Port Gigabit Ethernet Rackmount Switch",577.0,836.65,45,Evenflow,Netis
NS-ST3124GS,"Netis ST3124GS, 24 Port Gigabit Ethernet Rackmount Switch",860.0,1247.0,45,Evenflow,Netis
NS-ST3116P,"Netis NS-ST3116P 16 Port Fast Ethernet Switch, Plastic housing",251.0,363.95,45,Evenflow,Netis
NS-P116GC,"Netis P116GC, 16 Port Gigabit. Ethernet PoE Switch/802.3at/a",1862.0,2699.9,45,Evenflow,Netis
NS-P116GH,"Netis P116GH, 16 Port Fast Ethernet PoE Switch/802.3at/af,2*Gigabit uplink",1078.0,1563.1,45,Evenflow,Netis
NS-M6,Netis AX1800 Dual Band Wi-Fi 6 Mesh Home System,1526.56,2213.51,45,Evenflow,Netis
SN-D120,"Snom D120 IP Phone, PoE, 2 sip, Excl PSU",704.0,1020.8,45,Evenflow,Snom
SN-D140,Snom D140 Entry level 10/100 desk phone,770.0,1116.5,45,Evenflow,Snom
SN-D150,Snom D150 entry level gigabit with graphical screen,880.0,1276.0,45,Evenflow,Snom
SN-D385,"Snom D385 IP Phone, Gig PoE, 12 SIP, USB, excl PSU",2332.0,3381.4,45,Evenflow,Snom
SN-D385N,"Snom D385 IP Phone, Gig PoE, 12 SIP, USB, 4.3"" color display, 12 (48) BLF keys, (No Bluetooth)",2178.0,3158.1,45,Evenflow,Snom
SN-D335,"Snom D335 12 Line Business Phone, ?32 self-labeling keys, ?P",1628.0,2360.6,45,Evenflow,Snom
SN-D315,"Snom D315 IP Phone, Gig POE, excl PSU",990.0,1435.5,45,Evenflow,Snom
SN-D3,"Snom D3 Expansion Module USB for D375,D345,D315",1034.0,1499.3,45,Evenflow,Snom
SN-D785,"Snom D785 IP Phone, Gig PoE, 12 SIP, USB, excl PSU",2332.0,3381.4,45,Evenflow,Snom
SN-D785N,"Snom D785 IP Phone, Gig PoE, 12 SIP, USB, excl PSU (No Bluetooth)",2178.0,3158.1,45,Evenflow,Snom
SN-D785 White,"Snom D785 IP Phone, Gig PoE, 12 SIP, USB, excl PSU, White",2332.0,3381.4,45,Evenflow,Snom
SN-D785 Customized,"Snom D785 IP Phone, Gig PoE, 12 SIP, USB, excl PSU, White, Customized",2794.0,4051.3,45,Evenflow,Snom
SN-D735,"Snom D735 IP phone, Gig PoE, excl PSU",1628.0,2360.6,45,Evenflow,Snom
SN-D735 White,"Snom D735 IP phone, White, Gig PoE, excl PSU, White",1628.0,2360.6,45,Evenflow,Snom
SN-D735 Customized,"Snom D735 IP phone, White, Gig PoE, excl PSU, White, Customized",2046.0,2966.7,45,Evenflow,Snom
SN-D717,Snom D717 VoIP Phone,1210.0,1754.5,45,Evenflow,Snom
SN-D717 White,Snom D717 VoIP Phone White,1210.0,1754.5,45,Evenflow,Snom
SN-D717 Customized,"Snom D717 VoIP Phone, Customized",1650.0,2392.5,45,Evenflow,Snom
SN-D715,"Snom D715 IP Phone, Gig PoE, 4 SIP (expandable), USB, Gigabit switch, 5 programmable LED keys,",990.0,1435.5,45,Evenflow,Snom
SN-D715 White,"Snom D715 IP Phone, Gig PoE, 4 SIP (expandable), USB, Gigabit switch, 5 programmable LED keys, Wite",990.0,1435.5,45,Evenflow,Snom
SN-D713,"Snom D713 4-line, Entry level Colour sceen, 2 x Gigabit port",990.0,1435.5,45,Evenflow,Snom
SN-D7,Snom D7 Expansion Module,1034.0,1499.3,45,Evenflow,Snom
SN-D7 White,"Snom D7 Expansion Module, White",1034.0,1499.3,45,Evenflow,Snom
SN-D7C,"Snom D7C Colour expansion module for D717,D735,D765 and D785",1496.0,2169.2,45,Evenflow,Snom
SN-D892M,"Snom D892M IP Phone, Gig PoE, high-res 5"" tiltable IPS color display, built-in Wi-Fi, cordless DECT receiver",3498.0,5072.1,45,Evenflow,Snom
SN-D892M Customized,"Snom D892M IP Phone, Gig PoE, high-res 5"" tiltable IPS color display, built-in Wi-Fi, cordless DECT receiver, Customized",3498.0,5072.1,45,Evenflow,Snom
SN-D865,"Snom 10 Line Prefessional IP phone, POE, Gigabit ports, USB,",2618.0,3796.1,45,Evenflow,Snom
SN-D865 Customized,"Snom 10 Line Prefessional IP phone, POE, Gigabit ports, USB, Customized",2838.0,4115.1,45,Evenflow,Snom
SN-D862,"Snom 8 Line Professional IP Phone, POE, Gigabit port, USB, 5",2178.0,3158.1,45,Evenflow,Snom
SN-D862 Customized,"Snom 8 Line Professional IP Phone, POE, Gigabit port, USB, 5, Customized",2398.0,3477.1,45,Evenflow,Snom
SN-D815W,"Snom D815W IP Phone, Gig PoE, 12 SIP, 2 USB, built-in Wi-Fi, 5"" color display, 10 (36) multicolor LED keys",1958.0,2839.1,45,Evenflow,Snom
SN-D815W Customized,"Snom D815W IP Phone, Gig PoE, 12 SIP, 2 USB, built-in Wi-Fi, 5"" color display, 10 (36) multicolor LED keys, Customized",2178.0,3158.1,45,Evenflow,Snom
SN-D815WB,"Snom D815WB IP Phone, Gig PoE, 12 SIP, USB, built-in Wi-Fi + Bluetooth, 5"" IPS color display, 10 (36) multicolor LED keys",2288.0,3317.6,45,Evenflow,Snom
SN-D815WB Customized,"Snom D815WB IP Phone, Gig PoE, 12 SIP, USB, built-in Wi-Fi + Bluetooth, 5"" IPS color display, 10 (36) multicolor LED keys, Customized",2288.0,3317.6,45,Evenflow,Snom
SN-D812,"Snom D812 IP Phone, Gig PoE, 8 SIP, USB, 5"" color display, 8 (28) multicolor LED keys",1738.0,2520.1,45,Evenflow,Snom
SN-D812 Customized,"Snom D812 IP Phone, Gig PoE, 8 SIP, USB, 5"" color display, 8 (28) multicolor LED keys, Customized",1738.0,2520.1,45,Evenflow,Snom
SN-D810W,"Snom D810W IP Phone, Gig PoE, built-in Wi-Fi, 3.4"" IPS color display, 4 multicolor function keys",1672.0,2424.4,45,Evenflow,Snom
SN-D810W Customized,"Snom D810W IP Phone, Gig PoE, built-in Wi-Fi, 3.4"" IPS color display, 4 multicolor function keys, Customized",1672.0,2424.4,45,Evenflow,Snom
SN-D8C,"Snom D8C Expansion Module (for D8xx series), color TFT display, 60 programmable LED keys (16 physical per side), daisy-chain up to 3, plug & play",1958.0,2839.1,45,Evenflow,Snom
SN-M10,Snom M10 Dect handset for M100 Base,858.0,1244.1,45,Evenflow,Snom
SN-M110,Snom Single Cell Dect Bundle M100 base + M10 handset,1584.0,2296.8,45,Evenflow,Snom
SN-M25,"Snom M25 Dect Handset (M325), HD Audio + Wideband",1430.0,2073.5,45,Evenflow,Snom
SN-M30,"Snom M30 Dect handset for M400, M900 base station",1496.0,2169.2,45,Evenflow,Snom
SN-M400,Snom M400 Dect Base station (Single cell/ Duel Cell),1980.0,2871.0,45,Evenflow,Snom
SN-M430,Snom M430 Bundle M400 base and M30 handset,2156.0,3126.2,45,Evenflow,Snom
SN-M500,Snom Dect Base station for M55 and M58,3058.0,4434.1,45,Evenflow,Snom
SN-M55,Snom Dect Handset for M500 Base station,1518.0,2201.1,45,Evenflow,Snom
SN-M58,Snom Dect Desk Phone,1870.0,2711.5,45,Evenflow,Snom
SN-M65,"Snom M65 Dect Handset (M700), HD Audio + Wideband",2134.0,3094.3,45,Evenflow,Snom
SN-M70,"Snom M70, Ruggedized DECT handset",2200.0,3190.0,45,Evenflow,Snom
SN-M80,"Snom M80, IP65 Ruggedized DECT handset",3146.0,4561.7,45,Evenflow,Snom
SN-M85,Snom M85 Dect Ruggedized Handset for M300 & M700,4004.0,5805.8,45,Evenflow,Snom
SN-M90,"Snom M90, IP65 Ruggedized and Antibacterial DECT handset",5787.0,8391.15,45,Evenflow,Snom
SN-M900,"Snom M900, VoIP cordless DECT multicell base station",4026.0,5837.7,45,Evenflow,Snom
SN-M900 Outdoor,Snom M900 outdoor multicell base station,7019.0,10177.55,45,Evenflow,Snom
SN-M900 Bundle,"Snom M900, VoIP cordless DECT multicell base station + A900 Codec, support 4000 bases and 16000 handsets",5347.0,7753.15,45,Evenflow,Snom
SN-M5,Snom M5 Range Extending Repeater Wideband,2178.0,3158.1,45,Evenflow,Snom
SN-M6,Snom M6 Range Extending Repeater Wideband,2178.0,3158.1,45,Evenflow,Snom
SN-HD100,"Snom HD-Series, 1-Line 15 SIP Corded hotel phone",1144.0,1658.8,45,Evenflow,Snom
SN-HD101,Snom HD101 Hotel Desktop Phone,1782.0,2583.9,45,Evenflow,Snom
SN-HD1,"Snom HD-Series, 1-Line SIP Series 15 Accessory Handset",1100.0,1595.0,45,Evenflow,Snom
SN-HM201,Snom DECT Hospitality Telephone,2640.0,3828.0,45,Evenflow,Snom
SN-HM2,Snom HM Wireless Dect Phone,1826.0,2647.7,45,Evenflow,Snom
SN-HD300,"Snom HD-Series, 1-Line Next Gen SIP Corded phone",924.0,1339.8,45,Evenflow,Snom
SN-HD30L,"Snom HD-Series, SIP Corded Lobby phone",1210.0,1754.5,45,Evenflow,Snom
SN-HD331,"Snom HD331 IP Phone (hospitality), Gig PoE, SIP accounts, USB (for config), 2.4"" color display, 8 programmable speed-dial keys, antibacterial housing",1672.0,2424.4,45,Evenflow,Snom
SN-HD340,"Snom HD340 IP Phone (hospitality), compact design, Gig PoE, SIP, intuitive keys, antibacterial housing, customizable, modern slim profile",1122.0,1626.9,45,Evenflow,Snom
SN-HD341,"Snom HD341 IP Phone (hospitality), same as HD340 + integrated DECT base for cordless handset mobility, Gig PoE, SIP, antibacterial",1826.0,2647.7,45,Evenflow,Snom
SN-HD350W,"Snom HD-Series, 1-Line Next Gen SIP Corded hotel phone",1298.0,1882.1,45,Evenflow,Snom
SN-HD351W,"Snom WiFi IP phone, Cordless DECT handset, 1 line",1980.0,2871.0,45,Evenflow,Snom
SN-HD3,"Snom HD-Series, HD3x1 cordless handset+charger",1100.0,1595.0,45,Evenflow,Snom
SN-HD300A,"Snom HD-Series, 1-Line Next Gen Analog phone",484.0,701.8,45,Evenflow,Snom
SN-HD30LA,"Snom HD30LA Analog Lobby Phone, no keypad, one-touch auto-dial to reception/concierge, antibacterial housing, customizable faceplate",770.0,1116.5,45,Evenflow,Snom
SN-HD331A,"Snom HD331A Analog Phone (hospitality), classic slim corded guest room design, speed-dial/message keys, antibacterial housing, customizable inserts",1320.0,1914.0,45,Evenflow,Snom
SN-HD340A,"Snom HD340A Analog Phone (hospitality), compact corded, intuitive operation, speed-dial/comfort features, antibacterial casing, customizable",572.0,829.4,45,Evenflow,Snom
SN-HD341A,"Snom HD341A Analog Phone (hospitality), corded base + wireless DECT handset for mobility, speed-dial, antibacterial, customizable",1386.0,2009.7,45,Evenflow,Snom
SN-HD350A,"Snom HD350A Analog Phone (hospitality), corded guest room, well-designed with essential keys (handsfree/hold/mute), antibacterial housing",638.0,925.1,45,Evenflow,Snom
SN-HD351A,"Snom HD351A Analog Phone (hospitality), cordless DECT handset + base, elegant design for larger rooms/mobility, hotel-specific functions, antibacterial",1430.0,2073.5,45,Evenflow,Snom
SN-FACEPLATES,Snom Customised Faceplate,88.0,127.6,45,Evenflow,Snom
SN-C300,"Snom C300 Personal Conference Speaker (Bluetooth,NFC)",1650.0,2392.5,45,Evenflow,Snom
SN-C620,Snom C620 SIP Wireless Conference Phone,4158.0,6029.1,45,Evenflow,Snom
SN-C520WiMi,Snom C520 Conference Phone,3278.0,4753.1,45,Evenflow,Snom
SN-C52 SP,Snom C52 Speaker Phone,2904.0,4210.8,45,Evenflow,Snom
SN-C620 Mic,"Snom C620 MIC, Microphone for Conference C620",1034.0,1499.3,45,Evenflow,Snom
SN-C520 Mic,"Snom C520 MIC, Microphone for Conference C520",1034.0,1499.3,45,Evenflow,Snom
SN-A230 DECT Dongle,Snom A230 USB DECT Dongle,660.0,957.0,45,Evenflow,Snom
SN-PA1+,Snom PA1 Public Announcement System,2156.0,3126.2,45,Evenflow,Snom
SN-A310M,"Snom A310M Headset, Mono RJ",550.0,797.5,45,Evenflow,Snom
SN-A310D,"Snom A310D Headset, Duo RJ",770.0,1116.5,45,Evenflow,Snom
SN-A330M,"Snom A330M Headset, Mono USB",770.0,1116.5,45,Evenflow,Snom
SN-A330D,"Snom A330D Headset, Duo USB",990.0,1435.5,45,Evenflow,Snom
SN-A150,Snom A150 Dect Headset,1958.0,2839.1,45,Evenflow,Snom
SN-A170,Snom A170 Wireless Headsets,2398.0,3477.1,45,Evenflow,Snom
SN-A190,Snom A190 Dect Multi-Cell Headset,1738.0,2520.1,45,Evenflow,Snom
SN-A100M,Snom A100 Mono Headset Passive Noise Cancelling,484.0,701.8,45,Evenflow,Snom
SN-A100D,Snom A100 Duo Headset Passive Noise Cancelling,594.0,861.3,45,Evenflow,Snom
SN-A100D BUNDLE PT1,Snom A100D Duo Headset Part 1 of 2,968.0,1403.6,45,Evenflow,Snom
SN-WH,Snom Wireless Headset Adapter,880.0,1276.0,45,Evenflow,Snom
SN-BATTERY,Snom Battery for M65/M85/C50,176.0,255.2,45,Evenflow,Snom
SN-M900PSU,Snom Power supply for M900 Base,176.0,255.2,45,Evenflow,Snom
SN-CUR,Snom CUR Black Curly Telephone Cord,88.0,127.6,45,Evenflow,Snom
SN-PSU7,Snom 10W PSU7 for 3xx and 7xx series,88.0,127.6,45,Evenflow,Snom
SN-A210 USB WIFI Dongle,Snom A210 USB WiFi Dongle,462.0,669.9,45,Evenflow,Snom
SN-A900,"Snom A900, G729 and Opus Codec",1320.0,1914.0,45,Evenflow,Snom
SN-A729,Snom A729 G.729 Codec Input,1320.0,1914.0,45,Evenflow,Snom
SN-PSU7,"Snom PSU7 Power Supply Adapter, 5V DC 2A output",88.0,127.6,45,Evenflow,Snom
SN-V420,"Snom V420 4K Video Conferencing Camera, USB plug-and-play, intelligent audio, adjustable FOV, lens cover",462.0,669.9,45,Evenflow,Snom
SN-MC10,"Snom MC10 Multi-Charger, charges up to 6 handsets + 6 batteries simultaneously",5127.0,7434.15,45,Evenflow,Snom
SN-MC M80,"Snom MC M80 (6-pack charging cradle variant), multi-charger pack for M80/M90 rugged DECT handsets",814.0,1180.3,45,Evenflow,Snom
SN-MC M30,"Snom MC M30 (6-pack charging cradle variant), multi-charger pack for M30/M70 DECT handsets",814.0,1180.3,45,Evenflow,Snom
SN-MC M85,"Snom MC M85 (6-pack charging cradle variant), multi-charger pack for M85 DECT handsets",814.0,1180.3,45,Evenflow,Snom
SN-MC M55,"Snom MC M55 (6-pack charging cradle variant), multi-charger pack for M55 DECT handsets",814.0,1180.3,45,Evenflow,Snom
SN-MC M56,"Snom MC M56 (6-pack charging cradle variant), multi-charger pack for M56 DECT handsets",814.0,1180.3,45,Evenflow,Snom
SN-MC M10,"Snom MC M10 (6-pack charging cradle variant), multi-charger pack for M10 SC DECT handsets",814.0,1180.3,45,Evenflow,Snom
SN-SP800,"Snom SP800 Thin Client / Softphone Appliance, desk-based remote desktop/cloud soft client solution",1958.0,2839.1,45,Evenflow,Snom
SN-E303,"Snom E303 Emergency/Public Space IP Phone, wall-mounted, vandal-resistant, one-touch emergency call",924.0,1339.8,45,Evenflow,Snom
SN-E303A,"Snom E303A Emergency/Public Space Analog Phone, wall-mounted, vandal-resistant, one-touch emergency call",484.0,701.8,45,Evenflow,Snom
UDM,UDM,5425.0,7866.25,45,Evenflow,Ubiquiti
UDM-Pro,UDM-Pro,7195.0,10432.75,45,Evenflow,Ubiquiti
UDM-PRO-MAX,UDM-PRO-MAX,10795.0,15652.75,45,Evenflow,Ubiquiti
UDM-SE,UDM-SE,9025.0,13086.25,45,Evenflow,Ubiquiti
U6+,U6+,1860.0,2697.0,45,Evenflow,Ubiquiti
U6-Mesh,U6-Mesh,3375.0,4893.75,45,Evenflow,Ubiquiti
U6-Pro,U6-Pro,2875.0,4168.75,45,Evenflow,Ubiquiti
U6-Enterprise,U6-Enterprise,5325.0,7721.25,45,Evenflow,Ubiquiti
U6-Enterprise-IW,U6-Enterprise-IW,7502.0,10877.9,45,Evenflow,Ubiquiti
U6-EXTENDER,U6-EXTENDER,2795.0,4052.75,45,Evenflow,Ubiquiti
U6 Mesh Pro,U6 Mesh Pro,3495.0,5067.75,45,Evenflow,Ubiquiti
U7-PRO,U7-PRO,3225.0,4676.25,45,Evenflow,Ubiquiti
U7-OUTDOOR,U7-OUTDOOR,3475.0,5038.75,45,Evenflow,Ubiquiti
U7 Pro Outdoor,U7 Pro Outdoor,4925.0,7141.25,45,Evenflow,Ubiquiti
UDR7,UDR7,4995.0,7242.75,45,Evenflow,Ubiquiti
UX7,UX7,3495.0,5067.75,45,Evenflow,Ubiquiti
U7 Lite,U7 Lite,1725.0,2501.25,45,Evenflow,Ubiquiti
U7 LR,U7 LR,2695.0,3907.75,45,Evenflow,Ubiquiti
U7 Pro XG,U7 Pro XG,3650.0,5292.5,45,Evenflow,Ubiquiti
U7 Pro XGS,U7 Pro XGS,5425.0,7866.25,45,Evenflow,Ubiquiti
U7 PRO MAX,U7 PRO MAX,5125.0,7431.25,45,Evenflow,Ubiquiti
U7 IW,U7 IW,2625.0,3806.25,45,Evenflow,Ubiquiti
UXG-Pro,UXG-Pro,8825.0,12796.25,45,Evenflow,Ubiquiti
UXG-LITE,UXG-LITE,1495.0,2167.75,45,Evenflow,Ubiquiti
USW ULTRA,USW ULTRA,1725.0,2501.25,45,Evenflow,Ubiquiti
UXG MAX,UXG MAX,3595.0,5212.75,45,Evenflow,Ubiquiti
UCG-ULTRA,UCG-ULTRA,1495.0,2167.75,45,Evenflow,Ubiquiti
UK-ULTRA,UK-ULTRA,1295.0,1877.75,45,Evenflow,Ubiquiti
UCK-G2-SSD,UCK-G2-SSD,4475.0,6488.75,45,Evenflow,Ubiquiti
USW-Pro-24,USW-Pro-24,7050.0,10222.5,45,Evenflow,Ubiquiti
USW-Pro-48,USW-Pro-48,10475.0,15188.75,45,Evenflow,Ubiquiti
USW-FLEX-2.5G-5,USW-FLEX-2.5G-5,925.0,1341.25,45,Evenflow,Ubiquiti
USW FLEX 25G 8 POE,USW FLEX 25G 8 POE,3295.0,4777.75,45,Evenflow,Ubiquiti
USW-FLEX-XG,USW-FLEX-XG,4995.0,7242.75,45,Evenflow,Ubiquiti
USW-PRO-8-POE-120W,USW-PRO-8-POE-120W,5250.0,7612.5,45,Evenflow,Ubiquiti
USW-PRO-24-POE,USW-PRO-24-POE,12195.0,17682.75,45,Evenflow,Ubiquiti
USW-PRO-48-POE,USW-PRO-48-POE,19625.0,28456.25,45,Evenflow,Ubiquiti
USW-16-POE,USW-16-POE,5295.0,7677.75,45,Evenflow,Ubiquiti
USW-24-POE,USW-24-POE,6725.0,9751.25,45,Evenflow,Ubiquiti
USW-48-POE,USW-48-POE,10425.0,15116.25,45,Evenflow,Ubiquiti
USW-LITE-8-POE,USW-LITE-8-POE,1925.0,2791.25,45,Evenflow,Ubiquiti
USW-LITE-16-POE,USW-LITE-16-POE,3595.0,5212.75,45,Evenflow,Ubiquiti
USW-Enterprise-8-PoE,USW-Enterprise-8-PoE,8825.0,12796.25,45,Evenflow,Ubiquiti
USW-Enterprise-24-PoE,USW-Enterprise-24-PoE,14995.0,21742.75,45,Evenflow,Ubiquiti
USW-Enterprise-48-PoE,USW-Enterprise-48-PoE,25798.0,37407.1,45,Evenflow,Ubiquiti
USW-EnterpriseXG-24,USW-EnterpriseXG-24,22490.0,32610.5,45,Evenflow,Ubiquiti
USW-PRO-MAX-16-POE,USW-PRO-MAX-16-POE,7025.0,10186.25,45,Evenflow,Ubiquiti
USW-PRO-MAX-24-POE,USW-PRO-MAX-24-POE,14095.0,20437.75,45,Evenflow,Ubiquiti
UISP S,UISP S,2025.0,2936.25,45,Evenflow,Ubiquiti
USW-Aggregation,USW-Aggregation,4725.0,6851.25,45,Evenflow,Ubiquiti
USW-Pro-Aggregation,USW-Pro-Aggregation,15395.0,22322.75,45,Evenflow,Ubiquiti
USW Pro XG Aggregation,USW Pro XG Aggregation,43850.0,63582.5,45,Evenflow,Ubiquiti
ETH-SP-G2,ETH-SP-G2,205.0,297.25,45,Evenflow,Ubiquiti
USP RPS,USP RPS,7295.0,10577.75,45,Evenflow,Ubiquiti
UACC Junction Utility,UACC Junction Utility,2750.0,3987.5,45,Evenflow,Ubiquiti
UACC U7 Cover,UACC U7 Cover,720.0,1044.0,45,Evenflow,Ubiquiti
U5G Max Out,U5G Max Out,6595.0,9562.75,45,Evenflow,Ubiquiti
U5G Max,U5G Max,6595.0,9562.75,45,Evenflow,Ubiquiti
UVC-G5-DOME,UVC-G5-DOME,3625.0,5256.25,45,Evenflow,Ubiquiti
UNVR-EU,UNVR-EU,6125.0,8881.25,45,Evenflow,Ubiquiti
UNVR-Pro,UNVR-Pro,10195.0,14782.75,45,Evenflow,Ubiquiti
UVC-AI-360,UVC-AI-360,8095.0,11737.75,45,Evenflow,Ubiquiti
UVC-G5-BULLET,UVC-G5-BULLET,2595.0,3762.75,45,Evenflow,Ubiquiti
UVC-G5-DOME,UVC-G5-DOME,3625.0,5256.25,45,Evenflow,Ubiquiti
UVC-G5-PRO,UVC-G5-PRO,5995.0,8692.75,45,Evenflow,Ubiquiti
UVC G5 DOME ULTRA,UVC G5 DOME ULTRA,1895.0,2747.75,45,Evenflow,Ubiquiti
UVC G5 TURRET,UVC G5 TURRET,1675.0,2428.75,45,Evenflow,Ubiquiti
UVC G6 BULLET W,UVC G6 BULLET W,3695.0,5357.75,45,Evenflow,Ubiquiti
UFP-VIEWPORT,UFP-VIEWPORT,3945.0,5720.25,45,Evenflow,Ubiquiti
UVC G6 Pro Turret B,UVC G6 Pro Turret B,7045.0,10215.25,45,Evenflow,Ubiquiti
ACB-AC,ACB-AC,1160.0,1682.0,45,Evenflow,Ubiquiti
ACB-ISP,ACB-ISP,495.0,717.75,45,Evenflow,Ubiquiti
UA-G2-SK-PRO,UA-G2-SK-PRO,10285.0,14913.25,45,Evenflow,Ubiquiti
LBE-M5-23,LBE-M5-23,775.0,1123.75,45,Evenflow,Ubiquiti
LBE-5AC-Gen2,LBE-5AC-Gen2,1090.0,1580.5,45,Evenflow,Ubiquiti
R5AC-Lite,R5AC-Lite,2095.0,3037.75,45,Evenflow,Ubiquiti
NBE-2AC-13,NBE-2AC-13,1625.0,2356.25,45,Evenflow,Ubiquiti
NBE-5AC-Gen2,NBE-5AC-Gen2,1625.0,2356.25,45,Evenflow,Ubiquiti
RP-5AC-Gen2,RP-5AC-Gen2,3995.0,5792.75,45,Evenflow,Ubiquiti
PBE-5AC-Gen2,PBE-5AC-Gen2,1975.0,2863.75,45,Evenflow,Ubiquiti
LAP-120,LAP-120,1445.0,2095.25,45,Evenflow,Ubiquiti
LAP-GPS,LAP-GPS,1670.0,2421.5,45,Evenflow,Ubiquiti
LBE 5AC LR,LBE 5AC LR,1795.0,2602.75,45,Evenflow,Ubiquiti
Loco5AC,Loco5AC,815.0,1181.75,45,Evenflow,Ubiquiti
LocoM2,LocoM2,735.0,1065.75,45,Evenflow,Ubiquiti
LocoM5,LocoM5,1125.0,1631.25,45,Evenflow,Ubiquiti
NSM2,NSM2,1495.0,2167.75,45,Evenflow,Ubiquiti
PBE-M2-400,PBE-M2-400,1495.0,2167.75,45,Evenflow,Ubiquiti
PBE-M5-300,PBE-M5-300,1180.0,1711.0,45,Evenflow,Ubiquiti
PBE-M5-400,PBE-M5-400,1475.0,2138.75,45,Evenflow,Ubiquiti
WAVE-LR,WAVE-LR,6995.0,10142.75,45,Evenflow,Ubiquiti
Wave-AP,Wave-AP,8976.0,13015.2,45,Evenflow,Ubiquiti
Wave-Pro,Wave-Pro,10795.0,15652.75,45,Evenflow,Ubiquiti
Wave-Nano,Wave-Nano,4575.0,6633.75,45,Evenflow,Ubiquiti
Wave-MLO5,Wave-MLO5,8925.0,12941.25,45,Evenflow,Ubiquiti
AF60 XG,AF60 XG,20330.0,29478.5,45,Evenflow,Ubiquiti
AF-5XHD,AF-5XHD,6950.0,10077.5,45,Evenflow,Ubiquiti
AF-11,AF-11,18695.0,27107.75,45,Evenflow,Ubiquiti
AM-5AC22-45,AM-5AC22-45,3295.0,4777.75,45,Evenflow,Ubiquiti
AM-5AC21-60,AM-5AC21-60,3275.0,4748.75,45,Evenflow,Ubiquiti
AM-5G16-120,AM-5G16-120,1325.0,1921.25,45,Evenflow,Ubiquiti
AM-5G17-90,AM-5G17-90,1127.0,1634.15,45,Evenflow,Ubiquiti
AM-5G19-120,AM-5G19-120,2225.0,3226.25,45,Evenflow,Ubiquiti
AM-5G20-90,AM-5G20-90,2250.0,3262.5,45,Evenflow,Ubiquiti
RD-5G30,RD-5G30,2395.0,3472.75,45,Evenflow,Ubiquiti
RD-5G30-LW,RD-5G30-LW,1725.0,2501.25,45,Evenflow,Ubiquiti
UISP-HORN,UISP-HORN,3325.0,4821.25,45,Evenflow,Ubiquiti
UISP-DISH,UISP-DISH,3395.0,4922.75,45,Evenflow,Ubiquiti
AF-5G30-S45,AF-5G30-S45,2195.0,3182.75,45,Evenflow,Ubiquiti
AF-5G23-S45,AF-5G23-S45,1865.0,2704.25,45,Evenflow,Ubiquiti
AF-5G34-S45,AF-5G34-S45,5995.0,8692.75,45,Evenflow,Ubiquiti
AMO-5G13,AMO-5G13,2670.0,3871.5,45,Evenflow,Ubiquiti
AMO-5G10,AMO-5G10,1995.0,2892.75,45,Evenflow,Ubiquiti
AMO 2G10,AMO 2G10,2695.0,3907.75,45,Evenflow,Ubiquiti
UB-AM,UB-AM,120.0,174.0,45,Evenflow,Ubiquiti
AF11-DUP-L,AF11-DUP-L,3270.0,4741.5,45,Evenflow,Ubiquiti
NHD-COVER-WOOD-3,NHD-COVER-WOOD-3,754.0,1093.3,45,Evenflow,Ubiquiti
QM,QM,378.0,548.1,45,Evenflow,Ubiquiti
"UACC DAC SFP10 0,5M","UACC DAC SFP10 0,5M",260.0,377.0,45,Evenflow,Ubiquiti
UACC Junction Utility,UACC Junction Utility,2750.0,3987.5,45,Evenflow,Ubiquiti
UACC Panel Black 24,UACC Panel Black 24,450.0,652.5,45,Evenflow,Ubiquiti
UISP-R-EU,UISP-R-EU,2095.0,3037.75,45,Evenflow,Ubiquiti
AFI-ALN,AFI-ALN,12817.0,18584.65,45,Evenflow,Ubiquiti
UF-GP-C+,UF-GP-C+,1495.0,2167.75,45,Evenflow,Ubiquiti
UF OLT 8 PORT,UF OLT 8 PORT,27095.0,39287.75,45,Evenflow,Ubiquiti
UISP FIBER XG,UISP FIBER XG,1895.0,2747.75,45,Evenflow,Ubiquiti
UACC-OM-MM-10G-D-2,UACC-OM-MM-10G-D-2,715.0,1036.75,45,Evenflow,Ubiquiti
UACC-OM-MM-1G-D-2,UACC-OM-MM-1G-D-2,305.0,442.25,45,Evenflow,Ubiquiti
UACC-OM-SM-10G-D-2,UACC-OM-SM-10G-D-2,1525.0,2211.25,45,Evenflow,Ubiquiti
UACC-OM-SM-1G-S-2,UACC-OM-SM-1G-S-2,420.0,609.0,45,Evenflow,Ubiquiti
UACC-OM-SM-10GS-2,UACC-OM-SM-10GS-2,2750.0,3987.5,45,Evenflow,Ubiquiti
UACC-DAC-SFP10 3M,UACC-DAC-SFP10 3M,435.0,630.75,45,Evenflow,Ubiquiti
Wave Fiber ONU,Wave Fiber ONU,850.0,1232.5,45,Evenflow,Ubiquiti
UCG Fiber,UCG Fiber,4945.0,7170.25,45,Evenflow,Ubiquiti
UF WIFI,UF WIFI,1225.0,1776.25,45,Evenflow,Ubiquiti
UF WIFI6,UF WIFI6,1795.0,2602.75,45,Evenflow,Ubiquiti
POE-48-24W-G,POE-48-24W-G,265.0,384.25,45,Evenflow,Ubiquiti
POE-24-12W,POE-24-12W,125.0,181.25,45,Evenflow,Ubiquiti
POE-24-24W-G,POE-24-24W-G,195.0,282.75,45,Evenflow,Ubiquiti
POE-24-12W-G,POE-24-12W-G,195.0,282.75,45,Evenflow,Ubiquiti
POE-50-60W,POE-50-60W,515.0,746.75,45,Evenflow,Ubiquiti
F-POE-G2,F-POE-G2,505.0,732.25,45,Evenflow,Ubiquiti
POE +,POE +,275.0,398.75,45,Evenflow,Ubiquiti
U POE++,U POE++,495.0,717.75,45,Evenflow,Ubiquiti
U PoE,U PoE,150.0,217.5,45,Evenflow,Ubiquiti
UACC Adapter AC 210W,UACC Adapter AC 210W,1495.0,2167.75,45,Evenflow,Ubiquiti
WI-PMS310GF-UPS+ V2,WI-PMS310GF-UPS+ V2,4998.0,7247.1,45,Evenflow,Wi-Tek
WI-PS310G O,WI-PS310G O,1835.0,2660.75,45,Evenflow,Wi-Tek
WI-LTE117O,WI-LTE117O,1093.17,1585.1,45,Evenflow,Wi-Tek
WI-AP218AX,WI-AP218AX,1995.0,2892.75,45,Evenflow,Wi-Tek
YC-MB65C A02,"MeetingBoard    65C    for    Small    and    Medium    Rooms,    Manager    Office
•    Supports  casting,  whiteboard,  USB-BYOD;
•    1x    65    inch    all-in-one    Collaboration    Display,    AC    power    cord,    and    cables;
•    2    x    stylus    pen;
•    Including    2-year    hardware    warranty.",37408.0,54241.6,45,Evenflow,Yealink Room Solutions
YC-MB65C EDLA,"""MeetingBoard 65C for Small and Medium Rooms, Manager Office
• Supports  casting,  whiteboard,  USB-BYOD;
• Supprots Google Play;
• Google EDLA certified;
• 1x 65 inch all-in-one Collaboration Display, AC power cord, and cables;
• 2x stylus pen;
Option(need to be purchased separately): MB-WallMount-650 (wall mount kit), MB-FS-VESA (floor stand kit) ,  MB-WallStand-650W (wall stand kit)
• Including 2-year hardware warranty.""",37408.0,54241.6,45,Evenflow,Yealink Room Solutions
YC-MB75C EDLA,"""MeetingBoard 75C for Small and Medium Rooms, Manager Office
• Supports  casting,  whiteboard,  USB-BYOD;
• Supprots Google Play;
• Google EDLA certified;
• 1x 75 inch all-in-one Collaboration Display, AC power cord, and cables;
• 2x stylus pen;
Option(need to be purchased separately): MB-WallMount-860 (wall mount kit), MB-FS-VESA (floor stand kit) ,  MB-WallStand-860W (wall stand kit)
• Including 2-year hardware warranty.""",49098.0,71192.1,45,Evenflow,Yealink Room Solutions
YC-MB65PRO A02,"MeetingBoard  65  Pro  for  Small  and  Medium  Rooms,  Manager  Office
•  Supports  Teams  mode/Zoom  mode/General  Mode;
•  1x  65  inch  all-in-one  Collaboration  Display,  AC  power  cord,  and  cables;
•  4  x  stylus  pen;
•  Including  2-year  hardware  warranty.",49098.0,71192.1,45,Evenflow,Yealink Room Solutions
YC-MB75PRO A02,"MeetingBoard  75  Pro  for  Small  and  Medium  Rooms,  Manager  Office
•  Supports  Teams  mode/Zoom  mode/General  Mode;
•    1x    75    inch    all-in-one    Collaboration    Display,    AC    power    cord,    and    cables;
•    4    x    stylus    pen;
•    Including    2-year    hardware    warranty.",63126.0,91532.7,45,Evenflow,Yealink Room Solutions
YC-MB86PRO A02,"MeetingBoard  86  Pro  for  Medium  Rooms
•  Supports  Teams  mode/Zoom  mode/General  Mode;
•    1x    86    inch    all-in-one    Collaboration    Display,    AC    power    cord,    and    cables;
•    4    x    stylus    pen;
•    Including    2-year    hardware    warranty.",77154.0,111873.3,45,Evenflow,Yealink Room Solutions
YC-MBCamera 6X White,"6X Extended PTZ Camera Module for MeetingBoard Series
• 1x 6X Optical PTZ Camera Module
• Including 2-year hardware warranty",8884.0,12881.8,45,Evenflow,Yealink Room Solutions
YC-MBPRO Camera 12X,"12X    Extended    PTZ    Camera    Module    for    MeetingBoard  Pro  Series
•    1x    12X    Optical    PTZ    Camera    Module
•    Including    2-year    hardware    warranty",13560.0,19662.0,45,Evenflow,Yealink Room Solutions
YC-MB ETV65,"ETV65 Extended Touchscreen for MeetingBoard65
• 1x 65 inch touch screen, power adapter, wallmount bracket and cables;
• 2 x stylus pen
• Including 2-year hardware warranty.",26185.0,37968.25,45,Evenflow,Yealink Room Solutions
YC-MB D652 FloorStand,FloorStand for MeetingBoard 65 dual screen gray color,11690.0,16950.5,45,Evenflow,Yealink Room Solutions
YC-MBFloorStand 650,1x FloorStand with tray for MeetingBoard 65,7481.0,10847.45,45,Evenflow,Yealink Room Solutions
YC-MBFloorStand 860,1x FloorStand with tray for MeetingBoard 86,7481.0,10847.45,45,Evenflow,Yealink Room Solutions
YC-MBPRO FloorStand 65,1x    FloorStand    with    tray    for    MeetingBoard    65  Pro,7481.0,10847.45,45,Evenflow,Yealink Room Solutions
YC-MBPRO FloorStand 75,1x  FloorStand  with  tray  for  MeetingBoard  75  Pro,7481.0,10847.45,45,Evenflow,Yealink Room Solutions
YC-MBPRO FloorStand 86,1x    FloorStand    with    tray    for    MeetingBoard    86  Pro,7481.0,10847.45,45,Evenflow,Yealink Room Solutions
YC-MBPRO WallMount 65,Wall  mount  for  65  inch  MeetingBoard  and  ETV,818.0,1186.1,45,Evenflow,Yealink Room Solutions
YC-MBPRO WallMount 86,Wall  mount  for  75  and  86  inch  MeetingBoard  and  ETV,1169.0,1695.05,45,Evenflow,Yealink Room Solutions
YC-MBPRO WallStand 65,For  65  inch  MeetingBoard    and    ETV,4676.0,6780.2,45,Evenflow,Yealink Room Solutions
YC-MBPRO WallStand 86,For  75  and  86  inch  MeetingBoard    and    ETV,4676.0,6780.2,45,Evenflow,Yealink Room Solutions
YC-MBCart,A tool help to transport the MB package when deployment,2805.0,4067.25,45,Evenflow,Yealink Room Solutions
YC-MB Stylus 4A,4x Stylus for MeetingBoard series,467.0,677.15,45,Evenflow,Yealink Room Solutions
YC-MCORE OPS,"Windows OPS for MeetingBoard series
• INTEL Core™ i5 quad-core CPU
• 8GB Memory, 128GB SSD Storage
• Windows 10 IoT Enterpirse OS, license included
• Including 2-year hardware warranty",18704.0,27120.8,45,Evenflow,Yealink Room Solutions
YC-MB Remote,"Wireless presentation pod for MeetingBoard series
-microphone mute/unmute
-speaker volume +/-
-camera on/off
-presentation pointer
-1x MB-Remote, 1x MB-Remote Dongle, 2x AAA batteries
-including 2-year hardware warranty",1169.0,1695.05,45,Evenflow,Yealink Room Solutions
YC-VDKCase MB650 01,1x DEMOKIT case for MeetingBoard 65,11690.0,16950.5,45,Evenflow,Yealink Room Solutions
YC-MCORE OPS I7,"I7 Windows OPS for MeetingBoard series
• INTEL Core™ i7 quad-core CPU
• 16GB Memory, 256GB SSD Storage
• Windows 11 IoT Enterpirse OS, license included
• Including 2-year hardware warranty",22211.0,32205.95,45,Evenflow,Yealink Room Solutions
YC-A24,"DeskVision Collaboration Display  for personal and phone rooms
• 1x A24 all-in-one Collaboration Display, power adapter and cables;
• Including 2-year hardware warranty.",18236.0,26442.2,45,Evenflow,Yealink Room Solutions
YC-MD65,"MeetingDisplay  for  MTR  System
•    Special  installation  structure  for  MTR  device  to  simplify  installation  and  improve  efficiency
•    One  touch  console  can  both  control  display  and  MTR  device
•    Be  managed  by  the  MTR  device,  supports  YMCS  
•    1x  65  inch  Display,    AC  power  cord,    and  cables;
•    Including  3-year  hardware    warranty.",14759.0,21400.55,45,Evenflow,Yealink Room Solutions
YC-MD75,"MeetingDisplay  for  MTR  System
•        Special    installation  structure  for  MTR  device    to    simplify  installation  and  improve  efficiency
•        One  touch  console  can  both  control  display  and    MTR  device
•        Be  managed  by  the  MTR  device,  supports  YMCS    
•        1x  75  inch  Display,    AC  power  cord,    and        cables;
•        Including  3-year  hardware  warranty.",21743.0,31527.35,45,Evenflow,Yealink Room Solutions
YC-MD86,"MeetingDisplay  for  MTR  System
•        Special    installation  structure  for  MTR  device    to    simplify  installation  and  improve  efficiency
•        One  touch  console  can  both  control  display  and    MTR  device
•        Be  managed  by  the  MTR  device,  supports  YMCS    
•        1x  86  inch  Display,    AC  power  cord,    and        cables;
•        Including  3-year  hardware  warranty.",30394.0,44071.3,45,Evenflow,Yealink Room Solutions
YC-MD WallMount,Wall  Mount  Kit  for  MD65/MD75/MD86,584.0,846.8,45,Evenflow,Yealink Room Solutions
YC-MD AVBracket-S,"Bracket  for  mounting  A40/S40  on  MeetingDisplay (MD65,MD65,MD75,MD75,MD86,MD86,A40-010,A40-031,A40-035,SmartVision 40,MVC S40-C4U-000,MVC S40-C5U-000,ZVC S40-C5U-000,MVC S40 Plus-C5U-000)",350.0,507.5,45,Evenflow,Yealink Room Solutions
YC-MD AVBracket-L,"""Bracket    for    mounting    A50/S50    on    MeetingDisplay  75/86 (A50-010,A50-031,ZVC S50-C5U-000,MVC S50-C5U-000)""",350.0,507.5,45,Evenflow,Yealink Room Solutions
YC-MD PTZBracket,"Bracket    for    mounting    UVC86    on    MeetingDisplay  75/86
(MVC S80-C5U-000,ZVC S80-C5U-000,MVC860-C5U-000,ZVC860-C5U-000)",350.0,507.5,45,Evenflow,Yealink Room Solutions
YC-A10 010 TEAMS,"Leading Platform Collaboration Bar for huddle rooms
• 1x A10 all-in-one Collaboration bar, power adapter, wallmount bracket and cables;
• 1x VCR11 remote control 
• Including 2-year hardware warranty.",15197.0,22035.65,45,Evenflow,Yealink Room Solutions
YC-A10 020 TEAMS,"Leading Platform Collaboration Bar for huddle rooms
• 1x A10 all-in-one Collaboration bar, power adapter, wallmount bracket and cables;
• 1x VCR11 remote control 1 x CT18 Teams 
• Including 2-year hardware warranty.",19873.0,28815.85,45,Evenflow,Yealink Room Solutions
YC-A10 025 TEAMS,"Leading Platform Collaboration Bar for huddle rooms
• 1x A10 all-in-one Collaboration bar, power adapter, wallmount bracket and cables;
• 1x CTP18 Teams,  1 x WPP30
• Including 2-year hardware warranty.",24549.0,35596.05,45,Evenflow,Yealink Room Solutions
YC-A25 010 TEAMS,"Leading Platform Collaboration Bar for focus  room
•    1x  A25 all-in-one Collaboration bar, power adapter, wallmount bracket and cables;
•    1x  VCR11 remote control
•    Including 2-year hardware warranty.",19271.8,27944.11,45,Evenflow,Yealink Room Solutions
YC-A25 031 TEAMS,"Leading Platform Collaboration Bar for focus  room
•    1x  A25 all-in-one Collaboration bar, power adapter, wallmount bracket and cables;
•    1x CTP25 touch console, PD power adapter, Desktop stand and cables;
•    Including 2-year hardware warranty.",26486.2,38404.99,45,Evenflow,Yealink Room Solutions
YC-A30 010 TEAMS,"Leading Platform Collaboration Bar for medium rooms
• 1x A30 all-in-one Collaboration bar, power adapter, wallmount bracket and cables;
• 1x VCR11  remote control
• Including 2-year hardware warranty.
（Teams/zoom/Device mode）",25718.0,37291.1,45,Evenflow,Yealink Room Solutions
YC-A30 020 TEAMS,"Leading Platform Collaboration Bar for medium rooms
• 1x A30 all-in-one Collaboration bar, power adapter, wallmount bracket and cables;
• 1x CTP18 touch console, PoE power adapter，wallmount bracket and cables;
• Including 2-year hardware warranty.
（Teams/zoom/Device mode）",24382.0,35353.9,45,Evenflow,Yealink Room Solutions
YC-A30 025 TEAMS KIT,"Leading Platform Collaboration Bar for medium rooms
• 1x A30 all-in-one Collaboration bar, power adapter, wallmount bracket and cables;
• 1x CTP18 touch console, PoE power adapter，wallmount bracket and cables;
• 1 x WPP30 Including 2-year hardware warranty.
（Teams/zoom/Device mode）",29058.0,42134.1,45,Evenflow,Yealink Room Solutions
YC-A40 010 TEAMS,"Leading  Platform  Collaboration  Bar  for  small  to  medium  rooms
•  1x  A40  all-in-one  Collaboration  bar,  power  adapter, wallmount bracket and  cables;
• 1x VCR11 remote control
• Including 2-year hardware warranty.",22912.0,33222.4,45,Evenflow,Yealink Room Solutions
YC-A40 031 TEAMS,"Leading  Platform  Collaboration  Bar  for  small  to  medium  rooms
•  1x  A40  all-in-one  Collaboration  bar,  power  adapter,  wallmount  bracket  and  cables;
•  1x  CTP25  touch  console,  PD  power  adapter，Desktop  stand  and  cables;
• Including 2-year hardware warranty.",28056.0,40681.2,45,Evenflow,Yealink Room Solutions
YC-A50 010 TEAMS,"Leading  Platform  Collaboration  Bar  for  medium  to  large  rooms
•  1x  A50  all-in-one  Collaboration  bar,  power  adapter, wallmount bracket and  cables;
• 1x VCR11 remote control
• Including 2-year hardware warranty.",33901.0,49156.45,45,Evenflow,Yealink Room Solutions
YC-A50 031 TEAMS,"Leading  Platform  Collaboration  Bar  for  medium  to  large  rooms
•  1x  A50  all-in-one  Collaboration  bar,  power  adapter,  wallmount  bracket  and  cables;
•  1x  CTP25  touch  console,  PD  power  adapter，Desktop  stand  and  cables;
• Including 2-year hardware warranty.",38577.0,55936.65,45,Evenflow,Yealink Room Solutions
YC-MVC S90 C5 004,"Native Microsoft Teams Rooms system for ProAV rooms
• 2x UVC86 dual-eye Intellient camera, VCR20 remote control, power adapter，wallmount bracket and cables;
• Yealink MCoreKit-C5 (with MCore Pro mini-PC, MTouch Plus and RoomSensor), power adapter, cables and wall braket;
• 1x AVHub multi-camera processor, power adapter and cables;
• 1x MVC-BYOD-Extender USB-BYOD adapter;
• The mini-PC computer preloads Windows 11 IoT Enterprise OS and license, Microsoft Teams Rooms App, as well as Yealink Camera Control Plug-in;
• No audio devices;
• Including 2-year hardware warranty.",111756.0,162046.2,45,Evenflow,Yealink Room Solutions
YC-MVC S60 C5 000,"Native Microsoft Teams Rooms system for Small-to-medium rooms
• 1x SmartVision60 360° Intellient AIO device , power adapte and cables;
• Yealink MCoreKit-C5 (with MCore Pro mini-PC, MTouch Plus and RoomSensor), power adapter, cables and wall braket;
• The mini-PC computer preloads Windows 10 IoT Enterprise OS and license, Microsoft Teams Rooms App, as well as Yealink Camera Control Plug-in;
• Including 2-year hardware warranty.",72010.0,104414.5,45,Evenflow,Yealink Room Solutions
YC-MVC860 C5 710,"Native Microsoft Teams Rooms system for Medium-to-large rooms
• 1x UVC86 12X optical PTZ 4K dual-eye intelligent camera, VCR20 remote control, power adapter,  wallmount bracket  and cables;
• Yealink MCoreKit-C5 (with MCore Pro mini-PC , MTouch Plus and RoomSensor), power adapter, cables and wall braket;
• 2x VCM35 array microphone;
• 1x Yealink MSpeaker II,  power adapter and cables;
• 1x RCH40 PoE Switch for audio connection, power adapter and cables;
• The mini-PC computer preloads Windows 11 IoT Enterprise OS and license, Microsoft Teams Rooms App, as well as Yealink Camera Control Plug-in;
• Including 2-year hardware warranty.",67802.0,98312.9,45,Evenflow,Yealink Room Solutions
YC-MVC860 C5 000,"Native Microsoft Teams Rooms system for Medium-to-large rooms
• 1x UVC86 12X optical PTZ 4K intelligent camera, VCR20 remote control, power adapter,  wallmount bracket  and cables;
• Yealink MCoreKit-C5 (with MCore Pro mini-PC, MTouch Plus and RoomSensor), power adapter, cables and wall braket;
• The mini-PC computer preloads Windows 10 IoT Enterprise OS and license, Microsoft Teams Rooms App, as well as Yealink Camera Control Plug-in;
• No audio device
• Including 2-year hardware warranty.",58450.0,84752.5,45,Evenflow,Yealink Room Solutions
YC-MVC S40 C4 000,"Native Microsoft Teams Rooms system for Small-to- medium rooms
• 1x SmartVision40 Intellient AIO device, power adapter and cables;
• Yealink  MCoreKit-C4 (with MCore Pro mini-PC and MTouch E2), power adapter, cables and wall braket;
• The mini-PC computer preloads Windows 11 IoT Enterprise OS and license, Microsoft Teams Rooms App, as well as Yealink Camera Control Plug-in;
• Including 2-year hardware warranty.",35070.0,50851.5,45,Evenflow,Yealink Room Solutions
YC-MVC S40 C5000,"Native Microsoft Teams Rooms system for Small-to- medium rooms
• 1x SmartVision40 Intellient AIO device, power adapter and cables;
• Yealink  MCoreKit-C5 (with MCore Pro mini-PC and MTouch Plus), power adapter, cables and wall braket;
• The mini-PC computer preloads Windows 11 IoT Enterprise OS and license, Microsoft Teams Rooms App, as well as Yealink Camera Control Plug-in;
• Including 2-year hardware warranty.",39512.0,57292.4,45,Evenflow,Yealink Room Solutions
YC-MVC S98 C5U 004,"Native Microsoft Teams Rooms system for ProAV rooms
• 3x SmartVision80 quad-eye Intellient camera, VCR20 remote control, power adapter，wallmount bracket and cables;
• Yealink MCoreKit-C5U (with MCore4 mini-PC, MTouch Plus and RoomSensor), power adapter, cables and wall braket;
• 1x AVHub multi-camera processor, power adapter and cables;
• 1x MVC-BYOD-Extender USB-BYOD adapter;
• 1x RCH40 E2
• The mini-PC computer preloads Windows 11 IoT Enterprise OS and license, Microsoft Teams Rooms App, as well as Yealink Camera Control Plug-in;
• No audio devices;
• Including 2-year hardware warranty.",150801.0,218661.45,45,Evenflow,Yealink Room Solutions
YC-MVC S90 C5U 004,"Native Microsoft Teams Rooms system for BoardRoom rooms
• 2x UVC86 dual-eye Intellient camera, VCR20 remote control, power adapter，wallmount bracket and cables;
• Yealink MCoreKit-C5U (with MCore4 mini-PC, MTouch Plus and RoomSensor), power adapter, cables and wall braket;
• 1x AVHub multi-camera processor, power adapter and cables;
• 1x MVC-BYOD-Extender USB-BYOD adapter;
• The mini-PC computer preloads Windows 11 IoT Enterprise OS and license, Microsoft Teams Rooms App, as well as Yealink Camera Control Plug-in;
• No audio devices;
• Including 2-year hardware warranty.",98196.0,142384.2,45,Evenflow,Yealink Room Solutions
YC-MVC S80 C5U 000,"Native Microsoft Teams Rooms system for large rooms
• 1x SmartVision 80 quad-eye 20X optical PTZ 4K intelligent camera, VCR20 remote control, power adapter,  wallmount bracket  and cables;
• Yealink MCoreKit-C5U (with MCore4 mini-PC, MTouch Plus and RoomSensor), power adapter, cables and wall bracket;
• The mini-PC computer preloads Windows 11 IoT Enterprise OS and license, Microsoft Teams Rooms App, as well as Yealink Camera Control Plug-in;
• No audio device
• Including 2-year hardware warranty.",65464.0,94922.8,45,Evenflow,Yealink Room Solutions
YC-MVC S50 C5U 000,"Native Microsoft Teams Rooms system for Medium-to-large rooms
• 1x MeetingBar A50 Intellient AIO device, power adapter and cables;
• Yealink  MCoreKit-C5U (with MCore4 mini-PC， MTouch Plus and RoomSensor), power adapter, cables and wall braket;
• The mini-PC computer preloads Windows 11 IoT Enterprise OS and license, Microsoft Teams Rooms App, as well as Yealink Camera Control Plug-in;
• Including 2-year hardware warranty.",65464.0,94922.8,45,Evenflow,Yealink Room Solutions
YC-MVC S40 C5U 000,"Native Microsoft Teams Rooms system for Small-to- medium rooms
• 1x SmartVision40 Intellient AIO device, power adapter and cables;
• Yealink  MCoreKit-C5U (with MCore4 mini-PC， MTouch Plus and RoomSensor), power adapter, cables and wall braket;
• The mini-PC computer preloads Windows 11 IoT Enterprise OS and license, Microsoft Teams Rooms App, as well as Yealink Camera Control Plug-in;
• Including 2-year hardware warranty.",42084.0,61021.8,45,Evenflow,Yealink Room Solutions
YC-MCORE PRO MS,"• 1x Mini-PC with INTEL Core™ i5 quad-core CPU
• 1x Wall bracket
• 1x Power adapter
• 2x 1.8m HDMI cable
• Preload Windows 10 IoT Enterprise OS and license, Microsoft Teams Rooms App and Yealink camera control plugin
• Including 2-year hardware warranty",19639.0,28476.55,45,Evenflow,Yealink Room Solutions
YC-MCOREKIT C4 MS,"Native Microsoft Teams Rooms system BaseKit
• 1x Mini-PC with INTEL Core™ i5 quad-core CPU
• 1x MTouch E2 8 inches touch console
• The mini-PC computer preloads Windows 10 IoT Enterprise OS and license, Microsoft Teams Rooms App, as well as Yealink Camera Control Plug-in;
• Including 2-year hardware warranty.",26201.0,37991.45,45,Evenflow,Yealink Room Solutions
YC-MCOREKIT C5 MS,"Native Microsoft Teams Rooms system BaseKit
• 1x Mini-PC with INTEL Core™ i5 quad-core CPU
• 1x MTouch Plus 11.6 inches touch console
• 1x RoomSensor
• The mini-PC computer preloads Windows 10 IoT Enterprise OS and license, Microsoft Teams Rooms App, as well as Yealink Camera Control Plug-in;
• Including 2-year hardware warranty.",34836.0,50512.2,45,Evenflow,Yealink Room Solutions
YC-MCoreKit C0 MS,"Entry-level Native Microsoft Teams Rooms system BaseKit
• 1x Mini-PC with INTEL Core™ i3 quad-core CPU
• 1x MTouch E2 8 inches touch console
• The mini-PC computer preloads Windows 11 IoT Enterprise OS and license, Microsoft Teams Rooms App, as well as Yealink Camera Control Plug-in;
• Including 2-year hardware warranty.",14261.0,20678.45,45,Evenflow,Yealink Room Solutions
YC-MCore Pro i701 MS,"• 1x Mini-PC with INTEL Core™ i7 quad-core CPU
• 16GB memory, 256GB SSD.
• 1x Wall bracket
• 1x Power adapter
• 2x 1.8m HDMI cable
• Preload Windows 11 IoT Enterprise OS and license, Microsoft Teams Rooms App and Yealink camera control plugin
• Including 2-year hardware warranty",20040.0,29058.0,45,Evenflow,Yealink Room Solutions
YC-MCore WallMount 01,MCore Pro Wall Mount,350.0,507.5,45,Evenflow,Yealink Room Solutions
YC-MCore Lite MS,"• 1x Mini-PC with INTEL Core™ i3 quad-core CPU
• 1x Wall bracket
• 1x Power adapter
• 1x 1.8m HDMI cable
• Preload Windows 11 IoT Enterprise OS and license, Microsoft Teams Rooms App and Yealink camera control plugin
• Including 2-year hardware warranty",8350.0,12107.5,45,Evenflow,Yealink Room Solutions
YC-MCOREKIT C5U MS,"Native Microsoft Teams Rooms system BaseKit
• 1x Mini-PC with INTEL Ultra5 AI CPU
• 1x MTouch Plus 11.6 inches touch console
• 1x RoomSensor
• The mini-PC computer preloads Windows 11 IoT Enterprise OS and license, Microsoft Teams Rooms App, as well as Yealink Camera Control Plug-in;
• Including 2-year hardware warranty.",35070.0,50851.5,45,Evenflow,Yealink Room Solutions
YC-MCOREKIT C4U MS,"Native Microsoft Teams Rooms system BaseKit
• 1x Mini-PC with INTEL Ultra5 AI CPU
• 1x MTouch E2 8 inches touch console
• The mini-PC computer preloads Windows 11 IoT Enterprise OS and license, Microsoft Teams Rooms App, as well as Yealink Camera Control Plug-in;
• Including 2-year hardware warranty.",32965.0,47799.25,45,Evenflow,Yealink Room Solutions
YC-Mcore4 MS,"• 1x Mini-PC with INTEL Ultra5 AI CPU
• 1x Wall bracket
• 1x Power adapter
• 3x 1.8m HDMI cable
• Preload Windows 11 IoT Enterprise OS and license, Microsoft Teams Rooms App and Yealink camera control plugin
• Including 2-year hardware warranty",22211.0,32205.95,45,Evenflow,Yealink Room Solutions
YC-SMARTVISION 40,"All-in-one AI USB Video Bar for Small to Medium Rooms
• 1x SmartVision 40  all-in-one Intelligent USB video bar
• 1x VCR20 remote control
• 1x 2.5m USB3 cable
• 1x Wall mount bracket
• 1x power adapter
• Including 2-year hardware warranty",12525.0,18161.25,45,Evenflow,Yealink Room Solutions
YC-VB TabletopMount 01,Tabletop stand for SmartVision40 / A40,350.0,507.5,45,Evenflow,Yealink Room Solutions
YC-SMARTVISION 60,"• 1x SmartVision 60  360°  AIO intelligent camera
• 1x 3m USB cable
• 1x Power Adapter
• Including 2-year hardware warranty",18704.0,27120.8,45,Evenflow,Yealink Room Solutions
YC-SMARTVISION 80,"• 1x SmartVision 80 quad-eye 20X optical PTZ 4K intelligent camera
• 1x VCR20 remote control
• 1x 2.5m USB3 cable
• 1x 7.5m CAT5e cable
• 1x Wall mount bracket
• 1x power adapter
• Including 2-year hardware warranty",31563.0,45766.35,45,Evenflow,Yealink Room Solutions
YC-USBC AC 15M,• 1x 15-meter USB3 cable for SmartVision 60,4325.0,6271.25,45,Evenflow,Yealink Room Solutions
YC-USBC AC 30M,• 1x 30-meter USB3 cable for SmartVision 60,5845.0,8475.25,45,Evenflow,Yealink Room Solutions
YC-UVC85 BYOD 200,"BYOD  Room  System  for  Medium  Rooms
•  1x  UVC85  4K,  12x  optical  USB  PTZ  camera  with  power  adapter,  cables  and  wall  mount;
•  1x  VCR20  remote  control
•  1x  CP50  speakerphone
•  1x  1.2m  USB-C  cable  for  connecting  PC  with  CP50
•  1x  1.8m  HDMI  cable  for  connecting  UVC85  with  TV
•  1x  7.5m  CAT5E  cable  for  connecting  CP50  with  UVC85
•  Including  2-year  hardware  warranty",14261.0,20678.45,45,Evenflow,Yealink Room Solutions
YC-UVC40 E2,"All-in-one  USB  Video  Bar  for  Small  Rooms
•  1x  UVC40  E2  all-in-one  USB  video  bar
•  1x  VCR20  remote  control
•  1x  7m  USB2.0  cable
•  1x  Wall  mount  bracket,  1x  TV-Clip  Mount
•  1x  power  adapter
•  Including  2-year  hardware  warranty",7014.0,10170.3,45,Evenflow,Yealink Room Solutions
YL-UVC86,"• 1x UVC86 4K dual-eye intelligent camera
• 1x VCR20 remote control
• 1x 7m USB2 cable
• 1x 7.5m CAT5e cable
• 1x Wall mount bracket
• 1x power adapter
• Including 2-year hardware warranty",25718.0,37291.1,45,Evenflow,Yealink Room Solutions
YL-UVC85,"•  1x  UVC85  4K,  12x  optical  USB  PTZ  camera
•  1x  VCR20  remote  control
•  1x  2.5m  USB  cable
•  1x  7.5m  CAT5e  cable
•  1x  Wall  mount  bracket
•  1x  power  adapter
•  Including  2-year  hardware  warranty",10521.0,15255.45,45,Evenflow,Yealink Room Solutions
YC-UVC84,"• 1x UVC84 4K, 12x optical USB PTZ camera
• 1x VCR20 remote control
• 1x 7m USB2 cable
• 1x 7.5m CAT5e cable
• 1x Wall mount bracket
• 1x power adapter
• Including 2-year hardware warranty",11914.0,17275.3,45,Evenflow,Yealink Room Solutions
YC-UVC8X Mounts,UVC8X Camera Mounting brackets,350.0,507.5,45,Evenflow,Yealink Room Solutions
YC-UVC30 ROOM,"• 1x UVC30 4K camera with 3m USB cable
• 1x privacy shutter
• 1x wall bracket
• Dedicated optimize for meeting room
• Including 2-year hardware warranty",2221.0,3220.45,45,Evenflow,Yealink Room Solutions
YC-ROOMCAST E2,"Wireless Presentation & Collaboration System
1 x Yealink RoomCast E2
1 x Power Adapter
1 x 3-meter Ethernet Cable
1 x 1.8-meter HDMI Cable
2-Year limited hardware warranty",7374.0,10692.3,45,Evenflow,Yealink Room Solutions
YC-Roompanel Plus E2,"10-inch Scheduling Panel (Teams-Certified)
• 1x Yealink RoomPanel Plus
• 1x Power Adapter
• 20° tilt mount bracket for wall or glass
• Flush mount bracket for wall or glass
• Mullion mount bracket for door or window frame
• 3M tape & screwdriver for installation
• Including 2-year hardware warranty",9352.0,13560.4,45,Evenflow,Yealink Room Solutions
YC-ROOMPANEL E2,"8 inch Android-based Scheduling Panel
• Android 13
• 1x Yealink RoomPanel (universal version)
• 1x Power Adapter
• 20° tilt mount kit for wall or glass
• Flush mount kit for wall or glass
• Surface mount for 2-gang US-Standard electrical box
• Including 2-year hardware warranty",8650.0,12542.5,45,Evenflow,Yealink Room Solutions
YC-RoomSensor Pro,"POE  Powered People Counting Sensor
1 x RoomSensor Pro
1 x Power Adapter
1 x 3M Tape & back cover screws for ceiling mount/wall mount
• Including 2-year hardware warranty",4091.0,5931.95,45,Evenflow,Yealink Room Solutions
YL-ROOMSENSOR,"Battery Powered Bluetooth Occupancy Sensor
• 1x Yealink RoomSensor
• 1x CR123 Lithium Battery
• 3M Tape & back cover screws for ceiling mount/wall mount
2-Year limited hardware warranty",1005.0,1457.25,45,Evenflow,Yealink Room Solutions
YC-MTOUCH II,"8-inch IPS screen.
1280 x 800 resolution.
10-point capacitive touch screen.
3.5mm headset jack.
Human Motion Sensor.
Angle adjustable bracket (28° ~ 50°).
1080P/30FPS FHD for sharing.
Supports wired and wireless content sharing.
Built-in WiFi AP for Yealink wireless presentation device (sold separately, see accessories tab).
HDMI/USB-C HD video input.",12531.68,18170.94,45,Evenflow,Yealink Room Solutions
YC-MTOUCH PLUS,"11.6 inches Touch Console for MVC Series Room System
• 1x Mtouch Plus touch console
• 1x 7.5m CAT5E cable，PoE supported
• 1x 1.2m USB type-C cable with HDMI adapter
• Wall-mount and desk-mount bracket
• Including 2-year hardware warranty

Can only work with MCore pro produced in Y2023",15197.0,22035.65,45,Evenflow,Yealink Room Solutions
YL-MTOUCH EX PANEL,"11.6 inches Extended Touch Console for MVC Series Room System
• 1x MtouchPlus-EXT touch console
• 1x 7.5m CAT5E cable，PoE supported
• 1x PoE power adapter
• Wall-mount and desk-mount bracket
• Including 2-year hardware warranty

Can only work with Mtouch Plus",5845.0,8475.25,45,Evenflow,Yealink Room Solutions
YC-MTOUCH E2,"8 inches Touch Console for MVC Series Room System
• 1x Mtouch E2 touch console
• 1x 7.5m CAT5E cable，PoE supported
• 1x 1.2m USB type-C cable with HDMI adapter
• 1x Wall bracket
• Including 2-year hardware warranty",11923.0,17288.35,45,Evenflow,Yealink Room Solutions
YC-CTP18 TEAMS,"For Meetingbar A20/A30
• 1x CTP18 touch console
• 1x PoE power adapter
• 1x  wall bracket
• 1x 7.5m CAT5E cable
• 1x cable lock box
• Including 2-year hardware warranty",5845.0,8475.25,45,Evenflow,Yealink Room Solutions
YC-CTP25,"For  Meetingbar  A40
•  1x  CTP25    10-inch  touch  console
•  1x  65W  PD  power  adapter  with  USB-C  cable
•  1x  Desktop  stand
•  1x  7.5m  CAT5E  cable
•  1x  1.2m  USB-C  cable  for  sharing
•  Including  2-year  hardware  warranty",9352.0,13560.4,45,Evenflow,Yealink Room Solutions
YC-VCH51 Package,"Cable Content Sharing &BYOD Hub for MeetingBar A20/A30
• 1x VCH51 Content Sharing & BYOD Hub
• 1x7.5m network cable
• 1x 0.6m HDMI cable
• 1x 0.6m USB-C cable
• Including 2-year hardware warranty",2338.0,3390.1,45,Evenflow,Yealink Room Solutions
YC-VCH51 Pro Package,"Cable  Content  Sharing  &  BYOD  Hub  for  4th-GEN  MVC  and  MeetingBarA25/A40/A50

•  1x  VCH51  Pro  Content  Sharing  &  BYOD  Hub
•  1x  65W  PD  power
•  1x  1.8m  USB-C  cable
•  Including  2-year  hardware  warranty",3507.0,5085.15,45,Evenflow,Yealink Room Solutions
YC-MShare E2,"Share Device for MVC system
• 1x MShare E2  wired content sharing adapter
• 1x 1.2m HDMI cable
• 1x 1.2m USB-C cable
• 1x 7m USB2 cable
• No Wi-Fi AP
• Including 2-year hardware warranty",3507.0,5085.15,45,Evenflow,Yealink Room Solutions
YC-WPP30,"• 1x WPP30 Wireless Sharing & BYOD Pod
• Including 2-year hardware warranty",4676.0,6780.2,45,Evenflow,Yealink Room Solutions
YC-MVC BYOD EXTENDER,"BYOD Extender for Teams Rooms and Zoom Rooms
1x BYOD Extender
1x 7.5m CAT5e cable
Including 2-year hardware warranty

Used for MVC/ZVC packages which audio&video integrated in UVC40 and UVC84/86.",3891.0,5641.95,45,Evenflow,Yealink Room Solutions
YC-AV HUB,"• 1x AVHub Meeting AV Processor
• 1x 7.5m CAT5E cable
• 1x 2.5m USB cable
• 1x Power Adapter
• Including 2-year hardware warranty",18570.0,26926.5,45,Evenflow,Yealink Room Solutions
YL-Mtower,"Center-view  Intelligent  Camera  for  Optimal  Perspective
•  1x  MTower  triple-eye  Intelligent  tabletop  camera
•  1x  PoE  power  adapter  with  cable
•  1x  Tabletop  fixed  bracket
•  including  2-year  AMS",18090.0,26230.5,45,Evenflow,Yealink Room Solutions
YC-VCM35,"• 1x VCM35 array microphone with 5m CAT5e cable
• 1x RJ45 adapter for cable extension
• including 2-year hardware warranty",3507.0,5085.15,45,Evenflow,Yealink Room Solutions
YC-VCM36W Package,"• 1x VCM36-W wireless microphone
• 1x charger cradle
• 1x 5V/2A power adapter
• 1x 1.2m USB-C cable
• Including 2-year hardware warranty",3507.0,5085.15,45,Evenflow,Yealink Room Solutions
YC-VCM TabletopMount 01,VCM35/VCM36 Tabletop mount,350.0,507.5,45,Evenflow,Yealink Room Solutions
YC-CM20,"• 1x SkySound CM20 Ceiling Microphone
• 1x White Mesh Cover
• 1x Black Mesh Cover
• 1x Ceiling Tile Bridge
• 1x Dust Cover
• including 2-year AMS",11690.0,16950.5,45,Evenflow,Yealink Room Solutions
YC-Mspeaker II,"• 1x Yealink soundbar
• 1x 3m 3.5mm audio cable
• 1x power adapter
• Including 2-year hardware warranty",3507.0,5085.15,45,Evenflow,Yealink Room Solutions
YC-MSpeaker Pro,"• 1x Yealink soundbar
• 1x wall mount
• Including 2-year hardware warranty",4676.0,6780.2,45,Evenflow,Yealink Room Solutions
YC-CS10,"• 1x SkySound CS10 Ceiling Speaker
• 1x White Mesh Cover
• 1x Ceiling Tile Bridge
• 1x Dust Cover
• including 2-year AMS",4676.0,6780.2,45,Evenflow,Yealink Room Solutions
YC-CS10 BlackCover,Black cover for CS10 Ceiling Speaker,584.0,846.8,45,Evenflow,Yealink Room Solutions
YC-CMKIT 121,"• 1x  CM20 Ceiling Microphone with Install accessories
• 2x  CS10 Ceiling Speaker with Install accessories
• 1x RCH40 E2
• including 2-year AMS",23146.0,33561.7,45,Evenflow,Yealink Room Solutions
YC-CM MOUNT,"Multipie Ceiling Mount Kits for CM20
1 x on ceiling mount kit
1 x adjustable drop ceiling mount ki
1 x suspension mount kit",1169.0,1695.05,45,Evenflow,Yealink Room Solutions
YC-VCS TVMount2,"TV Mount Kit for Yealink UVC40, MeetingEye 400/600, MeetingBar A20/30 and etc.",1636.0,2372.2,45,Evenflow,Yealink Room Solutions
YC-TV Clip Mount,"TV Clip Mount Kit for Yealink UVC40, MeetingBar A20，MeetingEye 400 and etc.",701.0,1016.45,45,Evenflow,Yealink Room Solutions
YC-CTP25 Mount Kit,Mount Kit for CTP25,467.0,677.15,45,Evenflow,Yealink Room Solutions
YC-VCR11,"For Meetingbar A20/A30
• Including 2-year hardware warranty",1169.0,1695.05,45,Evenflow,Yealink Room Solutions
YC-VCR20,"For Meetingbar A20/A30 and VC210 Teams Edition
• Including 2-year hardware warranty",1169.0,1695.05,45,Evenflow,Yealink Room Solutions
YC-CB MTOUCH USBC,• 1x 1.2m  USB-C content sharing cable with HDMI adapter for MTouch Plus and MTouch E2,537.0,778.65,45,Evenflow,Yealink Room Solutions
YC-BYOD BOX,"• 1x BYOD cable hub  with 1.5m USB-Ccable
• USB-A to USB-C adapter
• 1x power adapter with 1m USB-C cable
• Support to charging the connected laptop
• Including 1-year hardware warranty",1402.0,2032.9,45,Evenflow,Yealink Room Solutions
YL-USB2CAT5E EXT,"USB Extender through CAT5E cable up to 40 meters
• 1x USB-to-CAT5e receiver 
• 1x USB-to-CAT5e sender 
• 1x power adapter
• Including 2-year hardware warranty",2571.0,3727.95,45,Evenflow,Yealink Room Solutions
YC-RCH40 E2,"Use for the connection of multi cameras/mics/speakers
• 1x 4-port PoE Switch
• 1x power adapter
• Including 2-year hardware warranty

Only RCH40 E2 support CM20 and CS10",2104.0,3050.8,45,Evenflow,Yealink Room Solutions
YC-RCH80,"Use for the connection of multi cameras/mics/speakers
• 1x 8-port L2 switch
• 2 × Gigabit fibre ports
• Including 2yr Hardware Warranty",4208.0,6101.6,45,Evenflow,Yealink Room Solutions
YC-RCH240,"Use for the connection of multi cameras/mics/speakers
• 1x 24-port L2 switch
• 4 × Gigabit fibre ports
• Including 2yr Hardware Warranty",8416.0,12203.2,45,Evenflow,Yealink Room Solutions
YC-PSU PD65W USBC,"A PD power adapter used for MTouch Plus and BYOD-BOX.
• 1x 65W PD power adapter with 1.5m USB-C cable

Highly suggested，allows MVC-C5 kit to do USB-C power supply to Laptop",654.0,948.3,45,Evenflow,Yealink Room Solutions
YC-USBC 3M,• 1x 3-meter USB-C cable for A10,1169.0,1695.05,45,Evenflow,Yealink Room Solutions
YC-USB2 2.5M,• 1x 2.5m USB2 cable,175.0,253.75,45,Evenflow,Yealink Room Solutions
YC-USB2 7M,• 1x 7m USB2 cable,350.0,507.5,45,Evenflow,Yealink Room Solutions
YC-USB2 EXT 5M,• 1x 5m USB2 cable,467.0,677.15,45,Evenflow,Yealink Room Solutions
YC-USB2 EXT 10M,"• 1x 10m USB2 cable
• 1x power adapter",701.0,1016.45,45,Evenflow,Yealink Room Solutions
YC-Call Out,Call out fee for VC solutions up to 50km,1100.0,1595.0,45,Evenflow,Yealink Room Solutions
YC-Configuration,OnSite configuration fee for VC Solutions per hour,1100.0,1595.0,45,Evenflow,Yealink Room Solutions
YL-BH70 Dual USBA,Yealink BH70 Dual Bluetooth Headset USB-A,1466.0,2125.7,45,Evenflow,Yealink Headsets
YL-BH70 Mono USBA,Yealink BH70 Mono Bluetooth Headset USB-A,1052.0,1525.4,45,Evenflow,Yealink Headsets
YL-BH71 KIT,"Yealink BH71 Bluetooth Wireless In-Ear Headset, Wireless Charging box",1031.0,1494.95,45,Evenflow,Yealink Headsets
YL-BH71 Pro,"Yealink BH71 Bluetooth Wireless In-Ear Headset, Wireless Charging box, USB Bluetooth Dongle",1604.0,2325.8,45,Evenflow,Yealink Headsets
YL-BH71 W,"Yealink BH71 Bluetooth Wireless In-Ear Headset, Workstation, Qi Wireless charger",3025.0,4386.25,45,Evenflow,Yealink Headsets
YL-BH71 Pro W,"Yealink BH71 Bluetooth Wireless In-Ear Headset, Workstation, Qi Wireless charger, Wireless Charging box",3896.0,5649.2,45,Evenflow,Yealink Headsets
YL-BH74,Yealink BH74 Bluetooth Wireless Headset with USB Dongle,1650.0,2392.5,45,Evenflow,Yealink Headsets
YL-BH76 KIT,Yealink BH76 Bluetooth Wireless Headset + Wireless Charging Stand,2406.0,3488.7,45,Evenflow,Yealink Headsets
YL-BH76 Plus USBA,"Yealink BH76 Plus Bluetooth Wireless Headset, Wired Charging",2292.0,3323.4,45,Evenflow,Yealink Headsets
YL-WH63 E2 TEAMS KIT,Yealink WH63 Convertible Microsoft Certified DECT Wireless Headset,1810.0,2624.5,45,Evenflow,Yealink Headsets
YL-WH64 MONO TEAMS KIT,Yealink WH64 Mono Teams DECT Wireless Headset,2108.0,3056.6,45,Evenflow,Yealink Headsets
YL-WH64 DUAL TEAMS KIT,Yealink WH64 Dual Teams DECT Wireless Headset,2406.0,3488.7,45,Evenflow,Yealink Headsets
YL-WH64 HYB DUAL KIT,Yealink WH64 Hybrid Mono Teams DECT Wireless Headset,1833.0,2657.85,45,Evenflow,Yealink Headsets
YL-WH64 HYB MONO KIT,Yealink WH64 Hybrid Dual Teams DECT Wireless Headset,1558.0,2259.1,45,Evenflow,Yealink Headsets
YL-WH66 MONO TEAMS KIT,Yealink WH66 Mono Microsoft Certified DECT Wireless Headset,3392.0,4918.4,45,Evenflow,Yealink Headsets
YL-WH66 DUAL TEAMS KIT,Yealink WH66 Dual Microsoft Certified DECT Wireless Headset,3667.0,5317.15,45,Evenflow,Yealink Headsets
YL-WH67 TEAMS KIT,Yealink WH67 Convertible Microsoft Certified DECT Wireless Headset,3254.0,4718.3,45,Evenflow,Yealink Headsets
YL-WH68 TEAMS KIT,Yealink WH68 Convertible Microsoft Certified DECT Wireless Headset,2750.0,3987.5,45,Evenflow,Yealink Headsets
YL-UH34 SE MONO,"Yealink UH34-SE Mono , Entry-level USB headset, Noise-Canceling, Binaural, Foam with 3.5mm and USB",504.0,730.8,45,Evenflow,Yealink Headsets
YL-UH34 SE DUAL,"Yealink UH34-SE Dual, Entry-level USB headset, Noise-Canceling, Binaural, Foam with 3.5mm and USB",641.0,929.45,45,Evenflow,Yealink Headsets
YL-UH34 Lite Mono Teams,"Yealink UH34-Mono Lite, Entry-level USB headset, Noise-Canceling, Binaural, Foam",355.0,514.75,45,Evenflow,Yealink Headsets
YL-UH34 Lite Dual Teams,"Yealink UH34-Dual Lite, Entry-level USB headset, Noise-Canceling, Binaural, Foam",389.0,564.05,45,Evenflow,Yealink Headsets
YL-UH34 MONO TEAMS,"Yealink UH34-Mono, Entry-level USB headset, Noise-Canceling, Binaural, Leather",412.0,597.4,45,Evenflow,Yealink Headsets
YL-UH34 DUO TEAMS,"Yealink UH34-Dual, Entry-level USB headset, Noise-Canceling, Binaural, Leather",561.0,813.45,45,Evenflow,Yealink Headsets
YL-UH37 MONO TEAMS USBCA,Yealink UH37 Mono Teams USB-C/A,687.0,996.15,45,Evenflow,Yealink Headsets
YL-UH37 DUAL TEAMS USBCA,Yealink UH37 Dual Teams USB-C/A,779.0,1129.55,45,Evenflow,Yealink Headsets
YL-UH48 DUAL TEAMS,Yealink UH48 Teams Dual Headset,1146.0,1661.7,45,Evenflow,Yealink Headsets
YL-UH46 DUAL TEAMS USB C,"Yealink UH46 Dual, Midlevel Teams Certified USB Headset",825.0,1196.25,45,Evenflow,Yealink Headsets
YL-UH46 MONO TEAMS USB C,"Yealink UH46 Mono, Midlevel Teams Certified USB Headset",756.0,1096.2,45,Evenflow,Yealink Headsets
YL-UH44 DUAL TEAMS USB C,"Yealink UH44 Dual, Midlevel Teams Certified USB Headset",733.0,1062.85,45,Evenflow,Yealink Headsets
YL-UH44 MONO TEAMS USB C,"Yealink UH44 Mono, Midlevel Teams Certified USB Headset",641.0,929.45,45,Evenflow,Yealink Headsets
YL-UH42 DUAL TEAMS USB C,"Yealink UH42 Dual, Midlevel Teams Certified USB Headset",550.0,797.5,45,Evenflow,Yealink Headsets
YL-UH42 MONO TEAMS USB C,"Yealink UH42 Mono, Midlevel Teams Certified USB Headset",412.0,597.4,45,Evenflow,Yealink Headsets
YL-YHS34 LITE DUAL,"Yealink YHS34-DUO Lite, Entry-level RJ9 headset, Binaural, Foam",412.0,597.4,45,Evenflow,Yealink Headsets
YL-YHS34 LITE MONO,"Yealink YHS34-MONO Lite, Entry-level RJ9 headset, Monaural, Foam",320.0,464.0,45,Evenflow,Yealink Headsets
YL-YHS34 MONO,"Yealink YHS34-MONO, Entry-level RJ9 headset, Monaural,",366.0,530.7,45,Evenflow,Yealink Headsets
YL-YHS34 DUAL,"Yealink YHS34-DUO, Entry-level RJ9 headset, Binaural, Leather",504.0,730.8,45,Evenflow,Yealink Headsets
YL-YHS36 MONO,"Yealink YHS36-MONO, Mid-level RJ9 headset, Monaural,",504.0,730.8,45,Evenflow,Yealink Headsets
YL-YHS36 DUAL,"Yealink YHS36-DUO, Mid-level RJ9 headset, Binaural, Leather",641.0,929.45,45,Evenflow,Yealink Headsets
YL-SP92 USB BUNDLE KIT,Yealink  SP92 USB-C/A Speaker with Dongle,1100.0,1595.0,45,Evenflow,Yealink Headsets
YL-SP92 USB CA,Yealink  SP92 USB-C/A Speaker,916.0,1328.2,45,Evenflow,Yealink Headsets
YL-SP96 WITH DONGLE USB,Yealink  SP96 USB-C/A Speaker with Dongle,2017.0,2924.65,45,Evenflow,Yealink Headsets
YL-SP96 USB CA,Yealink  SP96 USB-C/A Speaker,1833.0,2657.85,45,Evenflow,Yealink Headsets
YL-UVC20,Yealink UVC20 USB Personal 1080p webcam,1191.0,1726.95,45,Evenflow,Yealink Headsets
YC-UVC30 DESKTOP,"Yealink UVC30 Camera - 4K, privacy shutter, built-mic, 1.6 meter USB cable, Windows Hello compatable, Desktop use",2292.0,3323.4,45,Evenflow,Yealink Headsets
YL-BLT60,Yealink BLT60 Busylight for WH6x Wdd60,229.0,332.05,45,Evenflow,Yealink Headsets
YL-WDD60,Yealink WDD60 Dect Dongle for the WH6X Series,687.0,996.15,45,Evenflow,Yealink Headsets
YL-WHC60,Yealink WHC60 Wirelesss Charger for WH66/WH67,504.0,730.8,45,Evenflow,Yealink Headsets
YL-YHC20,Yealink 3.5mm to USB Adpater of Headsets,229.0,332.05,45,Evenflow,Yealink Headsets
YL-LEATHER CUSHION S,Yealink Leather Ear Cushion for UH34/YHS34 12 Pack,825.0,1196.25,45,Evenflow,Yealink Headsets
YL-LEATHER CUSHION L,Yealink Leather Ear Cushion for WH62/WH66/UH36/YHS36 12 Pack,825.0,1196.25,45,Evenflow,Yealink Headsets
YL-CP925,"Yealink CP925 HD Conference phone with Touch Screen, Bluetooth, PoE",4966.0,7200.7,45,Evenflow,Yealink SIP
YL-CP935W,"Yealink CP935W DECT/Wi-Fi Conference phone with built-in battery, Bluetooh with PSU (Supports CPW25)",7450.0,10802.5,45,Evenflow,Yealink SIP
YL-CPW65 P,Yealink Wireless Microphones,2934.0,4254.3,45,Evenflow,Yealink SIP
YL-CP965,Yealink CP965 Android 9.0 IP Conference Phone,6481.0,9397.45,45,Evenflow,Yealink SIP
YL-T31P,"Classic 10/100 IP Phone, 2 SIP accounts 2x RJ45, HD Voice, POE, No PSU",722.0,1046.9,45,Evenflow,Yealink SIP
YL-T31G,"Classic Gigabit IP Phone, 2 SIP accounts 2x GB RJ45, HD Voice, POE, No PSU",857.0,1242.65,45,Evenflow,Yealink SIP
YL-T33G,"Classic Gigabit IP Phone, 4 SIP accounts 2x GB RJ45, HD Voice, POE, No PSU",925.0,1341.25,45,Evenflow,Yealink SIP
YL-EHS35,"Wireless Headset Adapter for T3 range, 1x RJ9 to Micro USB interfeace",361.0,523.45,45,Evenflow,Yealink SIP
YL-T31W,"Wi-Fi IP Phone, 2 SIP accounts 2x 10/100 RJ45, HD Voice, POE",903.0,1309.35,45,Evenflow,Yealink SIP
YL-T34W,"Wi-Fi Gigabit IP Phone, 4 SIP accounts 2x GB RJ45, HD Voice,",1083.0,1570.35,45,Evenflow,Yealink SIP
YL-T44W,"Wi-Fi Gigabit IP Phone, 16 SIP accounts 2x GB RJ45, HD Voice,",1571.0,2277.95,45,Evenflow,Yealink SIP
YL-T43U,"Ultra-elegant Gigabit IP Phone, 12 SIP Accounts, 2 x GB RJ45, HD Voice, USB POE, no PSU",1315.0,1906.75,45,Evenflow,Yealink SIP
YL-T44U,"Ultra-elegant Gigabit IP Phone, 12 SIP Accounts, 2 x GB RJ45, HD Voice, USB POE, no PSU (EXP43 OPT)",1512.0,2192.4,45,Evenflow,Yealink SIP
YL-T46U,"Ultra-elegant Gigabit 4""Colour IP Phone, 16 SIP Accounts, 2 x GB RJ45 , HD Voice, USB, POE, no PSU",2280.0,3306.0,45,Evenflow,Yealink SIP
YL-T48U,"Ultra-elegant Gigabit 7""Colour IP Phone, 16 SIP Accounts, 2 x GB RJ45 , HD Voice, USB, POE, no PSU",3093.0,4484.85,45,Evenflow,Yealink SIP
YL-EXP43,"Expansion Module for T4xU Only ,20 programmable keys per page, 3 pages. (Not Compatible with T4xS)",1196.0,1734.2,45,Evenflow,Yealink SIP
YL-T53W,"Entry-level phone, 3.7"" display, fully adjustable, 8 line keys, 12 SIP accounts, 21 memory keys,Dual-port Gigabit Ethernet,1 USB",2099.0,3043.55,45,Evenflow,Yealink SIP
YL-T54W,"Mid-level phone,4.3"" color display, fully adjustable,10 line keys, 16 SIP accounts, 27 memory keys,Built-in Bluetooth, Wi-Fi,Dual-port Gigabit Ethernet,1xUSB",2618.0,3796.1,45,Evenflow,Yealink SIP
YL-T57W,"Premium-level phone, 7”color touch display, 29 touch keys, 16 SIP accounts, Built-in Bluetooth, Wi-Fi,Dual-port Gigabit Ethernet,1xUSB",3793.0,5499.85,45,Evenflow,Yealink SIP
YL-T58W,"Android  7"" Adjustable, Touch Screen Video Phone(excl CAM50), 16 Voip Accounts, Built in Bluetooth and WiFi POE,USB, no PSU",4695.0,6807.75,45,Evenflow,Yealink SIP
YL-T58W PRO,"Android  7"" Adjustable, Touch Screen Video Phone(excl CAM50) with wireless handset, 16 Voip Accounts, Built in Bluetooth and WiFi POE,USB, no PSU",5169.0,7495.05,45,Evenflow,Yealink SIP
YL-VP59,"Video phone, 8”color touch display, fully adjustable, 1080p video, 27 touch memory keys, 16 SIP accounts, HDMI output, Call recording and wireless USB headset support.",8195.0,11882.75,45,Evenflow,Yealink SIP
YL-CAM50,720p Camera for the T58A/T58W,1128.0,1635.6,45,Evenflow,Yealink SIP
YL-EXP50,"Expansion Module for T5x Only, 20 programmable keys per page, 3 pages",1580.0,2291.0,45,Evenflow,Yealink SIP
YL-T77U,"High-end touch screen phone, 7""  color  touch  screen ,Linux  6.1  version, Dual USB ports , 16 SIP accounts No PSU",3092.0,4483.4,45,Evenflow,Yealink SIP
YL-T74W,"Color screen business phone, 4.3-inch  480x272  resolution  screen, 16 SIP accounts Linux version 6.1, Built in WIFI, NO PSU",2505.0,3632.25,45,Evenflow,Yealink SIP
YL-T74U,"Color screen business phone, 4.3"" 16 SIP accounts Linux version 6.1 NO PSU",2280.0,3306.0,45,Evenflow,Yealink SIP
YL-T73W,"Color screen business phone, 2.8”  12 SIP accounts Linux version 6.1 Buit in WIFI No PSU",1715.0,2486.75,45,Evenflow,Yealink SIP
YL-T73U,"Color screen business phone, 2.8”  12 SIP accounts Linux version 6.1 NO PSU",1512.0,2192.4,45,Evenflow,Yealink SIP
YL-EXP55,"Color screen expansion station FOR T7/T8. 5.5""  ,26  physical  keys  on  each  page",1309.0,1898.05,45,Evenflow,Yealink SIP
YL-T88V Pro,"Android  13,7""  capacitive  adjustable  touch  screen, Built-in  Bluetooth  5.1  and  Dual  Band  2.4G/5G  Wi-Fi NO PSU",6321.0,9165.45,45,Evenflow,Yealink SIP
YL-T88V,"Android  13,7"" capacitive  adjustable  touch  screen, Built-in  Bluetooth  5.1  and  Dual  Band  2.4G/5G  Wi-Fi NO PSU,",5824.0,8444.8,45,Evenflow,Yealink SIP
YL-T88W Pro,"Android  13,7""  capacitive  adjustable  touch  screen, Built-in  Bluetooth  5.1  and  Dual  Band  2.4G/5G  Wi-Fi NO PSU",5169.0,7495.05,45,Evenflow,Yealink SIP
YL-T88W,"Android  13,7"" capacitive  adjustable  touch  screen, Built-in  Bluetooth  5.1  and  Dual  Band  2.4G/5G  Wi-Fi NO PSU",4695.0,6807.75,45,Evenflow,Yealink SIP
YL-T87W,"High-end touch screen phone,,Up to 16 SIP  accounts, Built-in  Bluetooth,  WiFi NO PSU",3792.0,5498.4,45,Evenflow,Yealink SIP
YL-T85W,"High-end business phone,  5.5""  16 SIP  accounts, Built-in  Bluetooth,  WiFi NO PSU",2618.0,3796.1,45,Evenflow,Yealink SIP
YL-W75 Mini MC KIT,Yealink W75B + W75DM Mini MC DECT  Base (Max 3 Bases),1693.0,2454.85,45,Evenflow,Yealink SIP
YL-W80B,Yealink W80B Multi-Cell base station,3160.0,4582.0,45,Evenflow,Yealink SIP
YL-W80DM,Yealink W80DM Multi-Cell Device Manager (1 needed per site),3160.0,4582.0,45,Evenflow,Yealink SIP
YL-W90B,"Yealink W90B, Multicell base",3725.0,5401.25,45,Evenflow,Yealink SIP
YL-W90DM,"Yealink W90DM, Multicell Base manager(1 needed per site)",3725.0,5401.25,45,Evenflow,Yealink SIP
YL-DECT KIT,"Yealink Multi-Cell Deployment Test Kit ( 1xW80DM, 2xW56H, 2xUH33, 1xTripod )",8308.0,12046.6,45,Evenflow,Yealink SIP
YL-W73P,W70B DECT Base + W73H Handset - 10 handset registrations with 10 concurrent Voip calls,1625.0,2356.25,45,Evenflow,Yealink SIP
YL-W70B,W70B DECT Base - 10 handset registrations with 10 concurrent Voip calls,903.0,1309.35,45,Evenflow,Yealink SIP
YL-W74P,W70B DECT Base + W74H Handset - 10 handset registrations with 10 concurrent Voip calls,2031.0,2944.95,45,Evenflow,Yealink SIP
YL-W76P,W70B DECT Base + W56H Handset - 10 handset registrations with 10 concurrent Voip calls,1806.0,2618.7,45,Evenflow,Yealink SIP
YL-W78P KIT,W78H Handset with Belt Clip + W70B Base Station,2144.0,3108.8,45,Evenflow,Yealink SIP
YL-W56H,"W56H Handset for W60B, W70B, W80B and W90B",1128.0,1635.6,45,Evenflow,Yealink SIP
YL-W73H,"W73H Handset for for W60B, W70B, W80B and W90B",1015.0,1471.75,45,Evenflow,Yealink SIP
YL-W74H,"W74H Handset for for W60B, W70B, W80B and W90B",1128.0,1635.6,45,Evenflow,Yealink SIP
YL-W78H,"W78H Handset for for W60B, W70B, W80B and W90B",1490.0,2160.5,45,Evenflow,Yealink SIP
YL-W57R,"W59R IP54 Rated rugedized Handset for W60B, W70B, W80B and W90B",1693.0,2454.85,45,Evenflow,Yealink SIP
YL-W59R,"W59R IP67 Rated rugedized Handset for W60B, W70B, W80B and W90B",1986.0,2879.7,45,Evenflow,Yealink SIP
YL-AX83H,AX83H Wifi Cordless Dect solution,1625.0,2356.25,45,Evenflow,Yealink SIP
YL-AX86R,AX86R Wifi Cordless Dect solution,2370.0,3436.5,45,Evenflow,Yealink SIP
YL-DD10K,"DECT USB Dongle, T41S/T42S/T56A/T58A/T53W",248.0,359.6,45,Evenflow,Yealink SIP
YL-RT30,DECT Phone Repeater for W60B and W70B,1670.0,2421.5,45,Evenflow,Yealink SIP
YC-WF50,Yealink WF50 Advanced Wifi Dual band USB Dongle,406.0,588.7,45,Evenflow,Yealink SIP
YL-WF40,IP phone Wifi USB Dongle,338.0,490.1,45,Evenflow,Yealink SIP
YL-BT41,"Yealink Bluetooth USB Dongle for T4xU, T4xS, T5xW",338.0,490.1,45,Evenflow,Yealink SIP
YL-BT50,Yealink CP Speaker Bluetooth Adaptor,338.0,490.1,45,Evenflow,Yealink SIP
YL-EHS36,Yealink Wireless Headset Adapter,677.0,981.65,45,Evenflow,Yealink SIP
YL-EHS40,Yealink Wireless Headset Adapter,677.0,981.65,45,Evenflow,Yealink SIP
YL-T3X HAN,Yealink Handset for T3x,90.0,130.5,45,Evenflow,Yealink SIP
YL-T468 HAN,Yealink Handset for T46U and T48U,90.0,130.5,45,Evenflow,Yealink SIP
YL-PSUT2X,"PSU Compatible With :  T31P, T31G, T43U, T53W (Any Mono Screen Phones)",101.0,146.45,45,Evenflow,Yealink SIP
YL-PSUT4XX,"PSU Compatible With: T33G, T46U, T48U, T5x (Any Colour Screen Phones)",124.0,179.8,45,Evenflow,Yealink SIP
YL-YLPOE30,Yealink POE Adapter,451.0,653.95,45,Evenflow,Yealink SIP
YL-CURL,Yealink Curly Cord,11.0,15.95,45,Evenflow,Yealink SIP
"YL-CURL 3,5",Yealink Curly Cord 3.5m,18.0,26.1,45,Evenflow,Yealink SIP
YL-MP58 WH TEAMS,Yealink 7 Inch Adjustable Multi-point Touch Screen Premium Phone for Microsoft Teams,4602.0,6672.9,45,Evenflow,Yealink MP Phones
YL-MP58 WH ZOOM,Yealink 7 Inch Adjustable Multi-point Touch Screen Premium Phone for Zoom,4602.0,6672.9,45,Evenflow,Yealink MP Phones
YL-MP58 TEAMS,Yealink 7 Inch Adjustable Multi-point Touch Screen Premium Phone for Microsoft Teams,4142.0,6005.9,45,Evenflow,Yealink MP Phones
YL-MP58 ZOOM,Yealink 7 Inch Adjustable Multi-point Touch Screen Premium Phone for Zoom,4142.0,6005.9,45,Evenflow,Yealink MP Phones
YL-MP56 TEAMS,Yealink 7 Inch Touch Screen Microsoft Certified Phone for Knowledge Workers,3636.0,5272.2,45,Evenflow,Yealink MP Phones
YL-MP56 ZOOM,Yealink 7 Inch Touch Screen ZOOM Certified Phone for Knowledge Workers,3636.0,5272.2,45,Evenflow,Yealink MP Phones
YL-MP54 TEAMS,Yealink 4 Inch Touch Screen Cost Effective Microsoft Certified Phone,2853.0,4136.85,45,Evenflow,Yealink MP Phones
YL-MP54 ZOOM,Yealink 4 Inch Touch Screen Cost Effective ZOOM Certified Phone,2853.0,4136.85,45,Evenflow,Yealink MP Phones
YL-MP52 TEAMS,Yealink Basic Native Mircrosoft Certified Teams Phone,2301.0,3336.45,45,Evenflow,Yealink MP Phones
YL-MP45 TEAMS,Yealink MP45 USB Teams Phones,1150.0,1667.5,45,Evenflow,Yealink MP Phones
YL-MP52 E2 TEAMS,Yealink MP52 E2 Teams Phones,2761.0,4003.45,45,Evenflow,Yealink MP Phones
YL-MP54 E2 TEAMS,Yealink MP54 E2 Teams Phones,3452.0,5005.4,45,Evenflow,Yealink MP Phones
YL-MP56 E2 TEAMS,Yealink MP56 E2 Teams Phones,4372.0,6339.4,45,Evenflow,Yealink MP Phones
YL-MP58WH E2 TEAMS,Yealink MP58WH E2 Teams Phones,5293.0,7674.85,45,Evenflow,Yealink MP Phones
YL-VP59 TEAMS,"Video phone, 8”color touch display, fully adjustable, 1080p video, Call recording and wireless USB headset support.",8055.0,11679.75,45,Evenflow,Yealink MP Phones
YL-VP59 ZOOM,"Video phone, 8”color touch display, fully adjustable, 1080p video, Call recording and wireless USB headset support.",8055.0,11679.75,45,Evenflow,Yealink MP Phones
YL-CP965 TEAMS,Yealink Microsoft Certified Conference Phone Without Expansion Microphones,8745.0,12680.25,45,Evenflow,Yealink MP Phones
YL-Wall Mount Bracket,Yealink Wall Mount Bracket for MP Phone Series,57.0,82.65,45,Evenflow,Yealink MP Phones
YR-S20,"Yeastar S20 IP PBX  20user, 10channel",4314.0,6255.3,45,Evenflow,Yeastar
YR-S412 LITE,"Yeastar S412 LITE, 4FXS + 2 module slots, 16 users",5310.0,7699.5,45,Evenflow,Yeastar
YR-S412,Yeastar S412 IP PBX  08FXS 8VOIP 8 channel,3651.0,5293.95,45,Evenflow,Yeastar
YR-S50,"Yeastar S50 IP PBX  50user, 25channel",7523.0,10908.35,45,Evenflow,Yeastar
YR-P520,"Yeastar P520 IP PBX 20 User, 10 Channel",4602.0,6672.9,45,Evenflow,Yeastar
YR-P550,"Yeastar P550 PBX 50user 25channels, Basic features.",8297.0,12030.65,45,Evenflow,Yeastar
YR-P560,"Yeastar P560 PBX 100user 30channels, Basic features. Upgradeable",12833.0,18607.85,45,Evenflow,Yeastar
YR-P570,"Yeastar P570 PBX 300user 60channels, Basic features. Upgradeable",24118.0,34971.1,45,Evenflow,Yeastar
YR-O2,"Yeastar O2 Module, 2 FXO Ports",995.0,1442.75,45,Evenflow,Yeastar
YR-S2,"Yeastar S2 Module, 2 FXS Ports",995.0,1442.75,45,Evenflow,Yeastar
YR-LTE E,Yeastar LTE Module with 2 antenna,2765.0,4009.25,45,Evenflow,Yeastar
YR-SO,"Yeastar SO Module, 1 FXS and 1 FXO",1106.0,1603.7,45,Evenflow,Yeastar
YR-GSM,Yeastar GSM Module with antenna,1703.0,2469.35,45,Evenflow,Yeastar
YR-B2,"Yeastar B2 Module, 2 BRI Ports",1836.0,2662.2,45,Evenflow,Yeastar
YR-D30,Yeastar D30 Performance Card S100/300 and P560/P570,2677.0,3881.65,45,Evenflow,Yeastar
YR-EX08,Yeastar EX08 Expansion Card S100/300 and P560/P570,885.0,1283.25,45,Evenflow,Yeastar
YR-EX30,Yeastar EX30 PRI Card S100/S300 and P560/P570,6859.0,9945.55,45,Evenflow,Yeastar
YR-PSOFT E10,P-Series Software 10 EXT Enterprise package,1516.0,2198.2,45,Evenflow,Yeastar
YR-PSOFT E20,P-Series Software 20EXT Enterprise package,2285.0,3313.25,45,Evenflow,Yeastar
YR-PSERIES EXT E100,"Enterprise Extension Package, 100 extensions (Max 10 000)",7566.0,10970.7,45,Evenflow,Yeastar
YR-PSERIES EXT U100,"Ultimate Extension Package, 100 extensions (Max 10 000)",9070.0,13151.5,45,Evenflow,Yeastar
YR-TA100,"Yeastar TA100, 1 Port FXS Gateway",542.0,785.9,45,Evenflow,Yeastar
YR-TA200,"Yeastar TA200, 2 Port FXS Gateway",674.0,977.3,45,Evenflow,Yeastar
YR-TA400,"Yeastar TA400, 4 Port FXS Gateway",1748.0,2534.6,45,Evenflow,Yeastar
YR-TA800,"Yeastar TA800, 8 Port FXS Gateway",2611.0,3785.95,45,Evenflow,Yeastar
YR-TA1600,"Yeastar TA1600, 16 Port FXS Gateway",5133.0,7442.85,45,Evenflow,Yeastar
YR-TA2400,"Yeastar TA2400, 24 Port FXS Gateway",7014.0,10170.3,45,Evenflow,Yeastar
YR-TA3200,"Yeastar TA3200, 32 Port FXS Gateway",8563.0,12416.35,45,Evenflow,Yeastar
YR-TA410,"Yeastar TA410, 4 Port FXO Gateway",2854.0,4138.3,45,Evenflow,Yeastar
YR-TA810,"Yeastar TA800, 8 Port FXO Gateway",4757.0,6897.65,45,Evenflow,Yeastar
YR-TA1610,"Yeastar TA1610, 16 Port FXO Gateway",8519.0,12352.55,45,Evenflow,Yeastar
YR-TE100,"Yeastar TE100, 1 Port PRI Gateway,  E1/T1/J1",8519.0,12352.55,45,Evenflow,Yeastar
YR-TE200,"Yeastar TE200, 2 Port PRI Gateway,  E1/T1/J1",14161.0,20533.45,45,Evenflow,Yeastar
YR-TB200,"Yeastar TB200, 2 Port BRI Gateway",3872.0,5614.4,45,Evenflow,Yeastar
YR-TB400,"Yeastar TB400, 4 Port BRI Gateway",6416.0,9303.2,45,Evenflow,Yeastar
YR-WP AM SENSOR,Yeastar Workplace Ambience Monitoring Sensor,3407.0,4940.15,45,Evenflow,Yeastar
YR-WPLORA GATEWAY,Yeastar Workplace LoRaWAN Gateway,4106.0,5953.7,45,Evenflow,Yeastar
YR-WP ROOMD,Yeastar Workplace Room Display,5301.0,7686.45,45,Evenflow,Yeastar
YR-WP SENSOR,Yeastar Workplace AI Sensor,2991.0,4336.95,45,Evenflow,Yeastar
YR-P520 SP,P520 Standard Plan - Linkus Cloud Services,1764.0,2557.8,45,Evenflow,Yeastar
YR-P550 SP,P550 Standard Plan - Linkus Cloud Services,3121.0,4525.45,45,Evenflow,Yeastar
YR-P560 SP,P560 Standard Plan - Linkus Cloud Services,4686.0,6794.7,45,Evenflow,Yeastar
YR-P570 SP,P570 Standard Plan - Linkus Cloud Services,7818.0,11336.1,45,Evenflow,Yeastar
YR-P520 EP,"P520 Enterprise Plan - Remote Worker, Remote SIP and Call Center",2286.0,3314.7,45,Evenflow,Yeastar
YR-P550 EP,"P550 Enterprise Plan - Remote Worker, Remote SIP and Call Center",4582.0,6643.9,45,Evenflow,Yeastar
YR-P560 EP,"P560 Enterprise Plan - Remote Worker, Remote SIP and Call Center",5730.0,8308.5,45,Evenflow,Yeastar
YR-P570 EP,"P570 Enterprise Plan - Remote Worker, Remote SIP and Call Center",9175.0,13303.75,45,Evenflow,Yeastar
YR-P520 UP,"P520 Ultimate Plan - Remote Worker, Remote SIP, Call Center, Video Call and Active Directory",3434.0,4979.3,45,Evenflow,Yeastar
YR-P550 UP,"P550 Ultimate Plan - Remote Worker, Remote SIP, Call Center, Video Call and Active Directory",6878.0,9973.1,45,Evenflow,Yeastar
YR-P560 UP,"P560 Ultimate Plan - Remote Worker, Remote SIP, Call Center, Video Call and Active Directory",10323.0,14968.35,45,Evenflow,Yeastar
YR-P570 UP,"P570 Ultimate Plan - Remote Worker, Remote SIP, Call Center, Video Call and Active Directory",17211.0,24955.95,45,Evenflow,Yeastar
YR-S20 LCS,Linkus Cloud Service - S20,1346.0,1951.7,45,Evenflow,Yeastar
YR-S50 LCS,Linkus Cloud Service - S50,2390.0,3465.5,45,Evenflow,Yeastar
YR-S50I LCS,Linkus Cloud Service - S50i,2390.0,3465.5,45,Evenflow,Yeastar
YR-S100 LCS,Linkus Cloud Service - S100,4165.0,6039.25,45,Evenflow,Yeastar
YR-S300 LCS,Linkus Cloud Service - S300,7296.0,10579.2,45,Evenflow,Yeastar
YR-S412 LCS,Linkus Cloud Service - S412,1346.0,1951.7,45,Evenflow,Yeastar
YR-K2 LCS,Linkus Cloud Service - K2,17733.0,25712.85,45,Evenflow,Yeastar
YR-S20 Pro LCS,LCS + FQDN and Remote SIP - S20,1764.0,2557.8,45,Evenflow,Yeastar
YR-S50 Pro LCS,LCS + FQDN and Remote SIP - S50,3121.0,4525.45,45,Evenflow,Yeastar
YR-S50I Pro LCS,LCS + FQDN and Remote SIP - S50i,3121.0,4525.45,45,Evenflow,Yeastar
YR-S100 Pro LCS,LCS + FQDN and Remote SIP - S100,4686.0,6794.7,45,Evenflow,Yeastar
YR-S300 Pro LCS,LCS + FQDN and Remote SIP - S300,7818.0,11336.1,45,Evenflow,Yeastar
YR-S412 Pro LCS,LCS + FQDN and Remote SIP - S412,1764.0,2557.8,45,Evenflow,Yeastar
YR-S20 BILLING,Yeastar Billing Application License - S20,626.0,907.7,45,Evenflow,Yeastar
YR-S50 BILLING,Yeastar Billing Application License - S50,1044.0,1513.8,45,Evenflow,Yeastar
YR-S100 BILLING,Yeastar Billing Application License - S100,2088.0,3027.6,45,Evenflow,Yeastar
YR-S300 BILLING,Yeastar Billing Application License - S300,4175.0,6053.75,45,Evenflow,Yeastar
YR-S412 BILLING,Yeastar Billing Application License - S412,626.0,907.7,45,Evenflow,Yeastar
YR-RM ANNUAL 10PBX,Yeastar Remote Management Annual Base License,2192.0,3178.4,45,Evenflow,Yeastar
YR-RM ONCE OFF 1PBX,Yeastar Remote Management License - Once-off per connection (Requires Active Base License),365.0,529.25,45,Evenflow,Yeastar
YR-RMP ANNUAL,Yeastar Remote Management Premium License - Annual per connection,365.0,529.25,45,Evenflow,Yeastar
GS1915-8EP-EU0101F,GS1915-8EP-EU0101F,2227.0,3229.15,45,Evenflow,Zyxel
GS1920-24V2-EU0101F,GS1920-24V2-EU0101F,3274.0,4747.3,45,Evenflow,Zyxel
GS1920-8HPV2-EU0101F,GS1920-8HPV2-EU0101F,3535.0,5125.75,45,Evenflow,Zyxel
GS1200-5-EU0101F,GS1200-5-EU0101F,340.0,493.0,45,Evenflow,Zyxel
GS1200-8-EU0101F,GS1200-8-EU0101F,495.0,717.75,45,Evenflow,Zyxel
GS1200-5HPV2-EU0101F,GS1200-5HPV2-EU0101F,1170.0,1696.5,45,Evenflow,Zyxel
GS1200-8HPV2-EU0101F,GS1200-8HPV2-EU0101F,1495.0,2167.75,45,Evenflow,Zyxel
GS1900-24HPV2-EU0101F,GS1900-24HPV2-EU0101F,5495.0,7967.75,45,Evenflow,Zyxel
GS1900-48HPV2-EU0101F,GS1900-48HPV2-EU0101F,8295.0,12027.75,45,Evenflow,Zyxel
GS1920-8HPV2-EU0101F,GS1920-8HPV2-EU0101F,3535.0,5125.75,45,Evenflow,Zyxel
GS-105BV3-EU0101F,GS-105BV3-EU0101F,239.28,346.96,45,Evenflow,Zyxel
GS-108BV3-EU0101F,GS-108BV3-EU0101F,360.15,522.22,45,Evenflow,Zyxel
GS1005HP-EU0101F,GS1005HP-EU0101F,802.06,1162.99,45,Evenflow,Zyxel
NWA210AX-EU0102F,NWA210AX-EU0102F,3862.85,5601.13,45,Evenflow,Zyxel
EX3301-T0-EU01V1F,EX3301-T0-EU01V1F,1291.68,1872.94,45,Evenflow,Zyxel
NWA90AX-EU0102F,NWA90AX-EU0102F,1974.99,2863.74,45,Evenflow,Zyxel
USGFLEX100-EU0112F,USGFLEX100-EU0112F,8046.08,11666.82,45,Evenflow,Zyxel
USGFLEX200-EU0102F,USGFLEX200-EU0102F,12144.22,17609.12,45,Evenflow,Zyxel
